time,location,wave_height,wind_speed_10m,precipitation,visibility,ocean_current_velocity,sea_surface_temperature,wave_height_lag1,wave_height_lag2,wave_height_lag3,wind_speed_10m_lag1,wind_speed_10m_lag2,wind_speed_10m_lag3,precipitation_lag1,precipitation_lag2,precipitation_lag3,visibility_lag1,visibility_lag2,visibility_lag3,ocean_current_velocity_lag1,ocean_current_velocity_lag2,ocean_current_velocity_lag3,sea_surface_temperature_lag1,sea_surface_temperature_lag2,sea_surface_temperature_lag3
2026-05-20 03:00:00,Bangkalan,0.04,8.5,0.0,11680.0,2.2,31.4,0.04,0.04,0.04,7.0,7.0,8.5,0.0,0.0,0.0,11680.0,14100.0,14100.0,2.4,1.8,0.9,31.4,31.5,31.5
2026-05-20 04:00:00,Bangkalan,0.04,8.7,0.0,11680.0,1.7,31.4,0.04,0.04,0.04,8.5,7.0,7.0,0.0,0.0,0.0,11680.0,11680.0,14100.0,2.2,2.4,1.8,31.4,31.4,31.5
2026-05-20 05:00:00,Bangkalan,0.04,8.7,0.0,11680.0,0.9,31.3,0.04,0.04,0.04,8.7,8.5,7.0,0.0,0.0,0.0,11680.0,11680.0,11680.0,1.7,2.2,2.4,31.4,31.4,31.4
2026-05-20 06:00:00,Bangkalan,0.04,9.1,0.0,11680.0,0.3,31.3,0.04,0.04,0.04,8.7,8.7,8.5,0.0,0.0,0.0,11680.0,11680.0,11680.0,0.9,1.7,2.2,31.3,31.4,31.4
2026-05-20 07:00:00,Bangkalan,0.04,6.6,0.0,14100.0,0.6,31.3,0.04,0.04,0.04,9.1,8.7,8.7,0.0,0.0,0.0,11680.0,11680.0,11680.0,0.3,0.9,1.7,31.3,31.3,31.4
2026-05-20 08:00:00,Bangkalan,0.04,5.8,0.0,18540.0,1.2,31.4,0.04,0.04,0.04,6.6,9.1,8.7,0.0,0.0,0.0,14100.0,11680.0,11680.0,0.6,0.3,0.9,31.3,31.3,31.3
2026-05-20 09:00:00,Bangkalan,0.04,7.0,0.0,14460.0,1.4,31.4,0.04,0.04,0.04,5.8,6.6,9.1,0.0,0.0,0.0,18540.0,14100.0,11680.0,1.2,0.6,0.3,31.4,31.3,31.3
2026-05-20 10:00:00,Bangkalan,0.04,5.9,0.0,17380.0,1.2,31.5,0.04,0.04,0.04,7.0,5.8,6.6,0.0,0.0,0.0,14460.0,18540.0,14100.0,1.4,1.2,0.6,31.4,31.4,31.3
2026-05-20 11:00:00,Bangkalan,0.04,5.5,0.0,20700.0,0.8,31.5,0.04,0.04,0.04,5.9,7.0,5.8,0.0,0.0,0.0,17380.0,14460.0,18540.0,1.2,1.4,1.2,31.5,31.4,31.4
2026-05-20 12:00:00,Bangkalan,0.04,9.4,0.2,5660.0,0.4,31.6,0.04,0.04,0.04,5.5,5.9,7.0,0.0,0.0,0.0,20700.0,17380.0,14460.0,0.8,1.2,1.4,31.5,31.5,31.4
2026-05-20 13:00:00,Bangkalan,0.04,13.5,0.3,6420.0,0.9,31.6,0.04,0.04,0.04,9.4,5.5,5.9,0.2,0.0,0.0,5660.0,20700.0,17380.0,0.4,0.8,1.2,31.6,31.5,31.5
2026-05-20 14:00:00,Bangkalan,0.08,15.3,0.2,7540.0,1.3,31.6,0.04,0.04,0.04,13.5,9.4,5.5,0.3,0.2,0.0,6420.0,5660.0,20700.0,0.9,0.4,0.8,31.6,31.6,31.5
2026-05-20 15:00:00,Bangkalan,0.1,13.4,0.2,7900.0,1.1,31.6,0.08,0.04,0.04,15.3,13.5,9.4,0.2,0.3,0.2,7540.0,6420.0,5660.0,1.3,0.9,0.4,31.6,31.6,31.6
2026-05-20 16:00:00,Bangkalan,0.14,11.3,0.2,8440.0,0.6,31.6,0.1,0.08,0.04,13.4,15.3,13.5,0.2,0.2,0.3,7900.0,7540.0,6420.0,1.1,1.3,0.9,31.6,31.6,31.6
2026-05-20 17:00:00,Bangkalan,0.14,8.9,0.1,13880.0,0.4,31.6,0.14,0.1,0.08,11.3,13.4,15.3,0.2,0.2,0.2,8440.0,7900.0,7540.0,0.6,1.1,1.3,31.6,31.6,31.6
2026-05-20 18:00:00,Bangkalan,0.12,7.5,0.0,15440.0,0.8,31.6,0.14,0.14,0.1,8.9,11.3,13.4,0.1,0.2,0.2,13880.0,8440.0,7900.0,0.4,0.6,1.1,31.6,31.6,31.6
2026-05-20 19:00:00,Bangkalan,0.12,6.0,0.0,16080.0,1.5,31.6,0.12,0.14,0.14,7.5,8.9,11.3,0.0,0.1,0.2,15440.0,13880.0,8440.0,0.8,0.4,0.6,31.6,31.6,31.6
2026-05-20 20:00:00,Bangkalan,0.1,9.3,0.0,12880.0,2.1,31.6,0.12,0.12,0.14,6.0,7.5,8.9,0.0,0.0,0.1,16080.0,15440.0,13880.0,1.5,0.8,0.4,31.6,31.6,31.6
2026-05-20 21:00:00,Bangkalan,0.1,11.5,0.0,11040.0,2.1,31.5,0.1,0.12,0.12,9.3,6.0,7.5,0.0,0.0,0.0,12880.0,16080.0,15440.0,2.1,1.5,0.8,31.6,31.6,31.6
2026-05-20 22:00:00,Bangkalan,0.08,10.0,0.0,11040.0,1.7,31.5,0.1,0.1,0.12,11.5,9.3,6.0,0.0,0.0,0.0,11040.0,12880.0,16080.0,2.1,2.1,1.5,31.5,31.6,31.6
2026-05-20 23:00:00,Bangkalan,0.08,7.7,0.0,11620.0,0.9,31.5,0.08,0.1,0.1,10.0,11.5,9.3,0.0,0.0,0.0,11040.0,11040.0,12880.0,1.7,2.1,2.1,31.5,31.5,31.6
2026-05-21 00:00:00,Bangkalan,0.08,7.1,0.0,11720.0,0.0,31.5,0.08,0.08,0.1,7.7,10.0,11.5,0.0,0.0,0.0,11620.0,11040.0,11040.0,0.9,1.7,2.1,31.5,31.5,31.5
2026-05-21 01:00:00,Bangkalan,0.08,8.2,0.0,11720.0,1.1,31.5,0.08,0.08,0.08,7.1,7.7,10.0,0.0,0.0,0.0,11720.0,11620.0,11040.0,0.0,0.9,1.7,31.5,31.5,31.5
2026-05-21 02:00:00,Bangkalan,0.08,8.1,0.0,11720.0,1.8,31.4,0.08,0.08,0.08,8.2,7.1,7.7,0.0,0.0,0.0,11720.0,11720.0,11620.0,1.1,0.0,0.9,31.5,31.5,31.5
2026-05-21 03:00:00,Bangkalan,0.08,8.8,0.0,14140.0,2.2,31.4,0.08,0.08,0.08,8.1,8.2,7.1,0.0,0.0,0.0,11720.0,11720.0,11720.0,1.8,1.1,0.0,31.4,31.5,31.5
2026-05-21 04:00:00,Bangkalan,0.08,9.4,0.0,14140.0,2.0,31.4,0.08,0.08,0.08,8.8,8.1,8.2,0.0,0.0,0.0,14140.0,11720.0,11720.0,2.2,1.8,1.1,31.4,31.4,31.5
2026-05-21 05:00:00,Bangkalan,0.08,8.6,0.0,11720.0,1.6,31.3,0.08,0.08,0.08,9.4,8.8,8.1,0.0,0.0,0.0,14140.0,14140.0,11720.0,2.0,2.2,1.8,31.4,31.4,31.4
2026-05-21 06:00:00,Bangkalan,0.06,9.9,0.0,11740.0,0.9,31.3,0.08,0.08,0.08,8.6,9.4,8.8,0.0,0.0,0.0,11720.0,14140.0,14140.0,1.6,2.0,2.2,31.3,31.4,31.4
2026-05-21 07:00:00,Bangkalan,0.06,8.8,0.0,14160.0,0.3,31.3,0.06,0.08,0.08,9.9,8.6,9.4,0.0,0.0,0.0,11740.0,11720.0,14140.0,0.9,1.6,2.0,31.3,31.3,31.4
2026-05-21 08:00:00,Bangkalan,0.06,9.2,0.0,14860.0,0.6,31.4,0.06,0.06,0.08,8.8,9.9,8.6,0.0,0.0,0.0,14160.0,11740.0,11720.0,0.3,0.9,1.6,31.3,31.3,31.3
2026-05-21 09:00:00,Bangkalan,0.06,9.3,0.2,8160.0,1.2,31.5,0.06,0.06,0.06,9.2,8.8,9.9,0.0,0.0,0.0,14860.0,14160.0,11740.0,0.6,0.3,0.9,31.4,31.3,31.3
2026-05-21 10:00:00,Bangkalan,0.06,8.0,0.1,11920.0,1.4,31.5,0.06,0.06,0.06,9.3,9.2,8.8,0.2,0.0,0.0,8160.0,14860.0,14160.0,1.2,0.6,0.3,31.5,31.4,31.3
2026-05-21 11:00:00,Bangkalan,0.06,6.6,0.0,11780.0,1.2,31.6,0.06,0.06,0.06,8.0,9.3,9.2,0.1,0.2,0.0,11920.0,8160.0,14860.0,1.4,1.2,0.6,31.5,31.5,31.4
2026-05-21 12:00:00,Bangkalan,0.06,9.9,0.0,20760.0,0.8,31.8,0.06,0.06,0.06,6.6,8.0,9.3,0.0,0.1,0.2,11780.0,11920.0,8160.0,1.2,1.4,1.2,31.6,31.5,31.5
2026-05-21 13:00:00,Bangkalan,0.06,6.7,0.4,6660.0,0.4,31.8,0.06,0.06,0.06,9.9,6.6,8.0,0.0,0.0,0.1,20760.0,11780.0,11920.0,0.8,1.2,1.4,31.8,31.6,31.5
2026-05-21 14:00:00,Bangkalan,0.06,7.6,0.3,4900.0,0.6,31.8,0.06,0.06,0.06,6.7,9.9,6.6,0.4,0.0,0.0,6660.0,20760.0,11780.0,0.4,0.8,1.2,31.8,31.8,31.6
2026-05-21 15:00:00,Bangkalan,0.06,10.1,1.3,3920.0,0.9,31.8,0.06,0.06,0.06,7.6,6.7,9.9,0.3,0.4,0.0,4900.0,6660.0,20760.0,0.6,0.4,0.8,31.8,31.8,31.8
2026-05-21 16:00:00,Bangkalan,0.06,10.6,0.3,9360.0,0.9,31.8,0.06,0.06,0.06,10.1,7.6,6.7,1.3,0.3,0.4,3920.0,4900.0,6660.0,0.9,0.6,0.4,31.8,31.8,31.8
2026-05-21 17:00:00,Bangkalan,0.06,9.0,0.0,12220.0,0.5,31.7,0.06,0.06,0.06,10.6,10.1,7.6,0.3,1.3,0.3,9360.0,3920.0,4900.0,0.9,0.9,0.6,31.8,31.8,31.8
2026-05-21 18:00:00,Bangkalan,0.06,9.8,0.0,10840.0,0.2,31.6,0.06,0.06,0.06,9.0,10.6,10.1,0.0,0.3,1.3,12220.0,9360.0,3920.0,0.5,0.9,0.9,31.7,31.8,31.8
2026-05-21 19:00:00,Bangkalan,0.06,6.2,0.0,11240.0,0.7,31.6,0.06,0.06,0.06,9.8,9.0,10.6,0.0,0.0,0.3,10840.0,12220.0,9360.0,0.2,0.5,0.9,31.6,31.7,31.8
2026-05-21 20:00:00,Bangkalan,0.06,6.7,0.1,8720.0,1.3,31.5,0.06,0.06,0.06,6.2,9.8,9.0,0.0,0.0,0.0,11240.0,10840.0,12220.0,0.7,0.2,0.5,31.6,31.6,31.7
2026-05-21 21:00:00,Bangkalan,0.08,4.6,0.0,10900.0,1.7,31.5,0.06,0.06,0.06,6.7,6.2,9.8,0.1,0.0,0.0,8720.0,11240.0,10840.0,1.3,0.7,0.2,31.5,31.6,31.6
2026-05-21 22:00:00,Bangkalan,0.08,3.2,0.0,11380.0,1.7,31.5,0.08,0.06,0.06,4.6,6.7,6.2,0.0,0.1,0.0,10900.0,8720.0,11240.0,1.7,1.3,0.7,31.5,31.5,31.6
2026-05-21 23:00:00,Bangkalan,0.08,7.0,0.0,11400.0,1.3,31.5,0.08,0.08,0.06,3.2,4.6,6.7,0.0,0.0,0.1,11380.0,10900.0,8720.0,1.7,1.7,1.3,31.5,31.5,31.5
2026-05-22 00:00:00,Bangkalan,0.08,7.2,0.0,11380.0,0.5,31.5,0.08,0.08,0.08,7.0,3.2,4.6,0.0,0.0,0.0,11400.0,11380.0,10900.0,1.3,1.7,1.7,31.5,31.5,31.5
2026-05-22 01:00:00,Bangkalan,0.08,7.2,0.0,8200.0,0.2,31.4,0.08,0.08,0.08,7.2,7.0,3.2,0.0,0.0,0.0,11380.0,11400.0,11380.0,0.5,1.3,1.7,31.5,31.5,31.5
2026-05-22 02:00:00,Bangkalan,0.08,4.3,0.0,8060.0,1.1,31.4,0.08,0.08,0.08,7.2,7.2,7.0,0.0,0.0,0.0,8200.0,11380.0,11400.0,0.2,0.5,1.3,31.4,31.5,31.5
2026-05-22 03:00:00,Bangkalan,0.08,1.8,0.0,8120.0,1.7,31.4,0.08,0.08,0.08,4.3,7.2,7.2,0.0,0.0,0.0,8060.0,8200.0,11380.0,1.1,0.2,0.5,31.4,31.4,31.5
2026-05-22 04:00:00,Bangkalan,0.08,2.7,0.0,8140.0,2.0,31.3,0.08,0.08,0.08,1.8,4.3,7.2,0.0,0.0,0.0,8120.0,8060.0,8200.0,1.7,1.1,0.2,31.4,31.4,31.4
2026-05-22 05:00:00,Bangkalan,0.08,2.5,0.0,8200.0,1.8,31.3,0.08,0.08,0.08,2.7,1.8,4.3,0.0,0.0,0.0,8140.0,8120.0,8060.0,2.0,1.7,1.1,31.3,31.4,31.4
2026-05-22 06:00:00,Bangkalan,0.08,4.0,0.0,8160.0,1.5,31.3,0.08,0.08,0.08,2.5,2.7,1.8,0.0,0.0,0.0,8200.0,8140.0,8120.0,1.8,2.0,1.7,31.3,31.3,31.4
2026-05-22 07:00:00,Bangkalan,0.08,2.3,0.0,11500.0,0.9,31.3,0.08,0.08,0.08,4.0,2.5,2.7,0.0,0.0,0.0,8160.0,8200.0,8140.0,1.5,1.8,2.0,31.3,31.3,31.3
2026-05-22 08:00:00,Bangkalan,0.08,0.5,0.1,13720.0,0.3,31.4,0.08,0.08,0.08,2.3,4.0,2.5,0.0,0.0,0.0,11500.0,8160.0,8200.0,0.9,1.5,1.8,31.3,31.3,31.3
2026-05-22 09:00:00,Bangkalan,0.06,5.2,0.1,9420.0,0.6,31.5,0.08,0.08,0.08,0.5,2.3,4.0,0.1,0.0,0.0,13720.0,11500.0,8160.0,0.3,0.9,1.5,31.4,31.3,31.3
2026-05-22 10:00:00,Bangkalan,0.06,7.9,0.1,8620.0,1.2,31.5,0.06,0.08,0.08,5.2,0.5,2.3,0.1,0.1,0.0,9420.0,13720.0,11500.0,0.6,0.3,0.9,31.5,31.4,31.3
2026-05-22 11:00:00,Bangkalan,0.06,6.4,0.1,10760.0,1.4,31.6,0.06,0.06,0.08,7.9,5.2,0.5,0.1,0.1,0.1,8620.0,9420.0,13720.0,1.2,0.6,0.3,31.5,31.5,31.4
2026-05-22 12:00:00,Bangkalan,0.06,4.9,0.1,18320.0,1.3,31.7,0.06,0.06,0.06,6.4,7.9,5.2,0.1,0.1,0.1,10760.0,8620.0,9420.0,1.4,1.2,0.6,31.6,31.5,31.5
2026-05-22 13:00:00,Bangkalan,0.06,3.2,0.3,6900.0,1.0,31.8,0.06,0.06,0.06,4.9,6.4,7.9,0.1,0.1,0.1,18320.0,10760.0,8620.0,1.3,1.4,1.2,31.7,31.6,31.5
2026-05-22 14:00:00,Bangkalan,0.06,3.3,0.1,9980.0,0.5,31.8,0.06,0.06,0.06,3.2,4.9,6.4,0.3,0.1,0.1,6900.0,18320.0,10760.0,1.0,1.3,1.4,31.8,31.7,31.6
2026-05-22 15:00:00,Bangkalan,0.04,6.0,0.1,9400.0,0.4,31.8,0.06,0.06,0.06,3.3,3.2,4.9,0.1,0.3,0.1,9980.0,6900.0,18320.0,0.5,1.0,1.3,31.8,31.8,31.7
2026-05-22 16:00:00,Bangkalan,0.04,8.7,0.1,6600.0,0.6,31.7,0.04,0.06,0.06,6.0,3.3,3.2,0.1,0.1,0.3,9400.0,9980.0,6900.0,0.4,0.5,1.0,31.8,31.8,31.8
2026-05-22 17:00:00,Bangkalan,0.04,5.7,0.4,5340.0,0.6,31.6,0.04,0.04,0.06,8.7,6.0,3.3,0.1,0.1,0.1,6600.0,9400.0,9980.0,0.6,0.4,0.5,31.7,31.8,31.8
2026-05-22 18:00:00,Bangkalan,0.04,8.1,0.6,6960.0,0.4,31.6,0.04,0.04,0.04,5.7,8.7,6.0,0.4,0.1,0.1,5340.0,6600.0,9400.0,0.6,0.6,0.4,31.6,31.7,31.8
2026-05-22 19:00:00,Bangkalan,0.04,6.6,0.0,8240.0,0.2,31.5,0.04,0.04,0.04,8.1,5.7,8.7,0.6,0.4,0.1,6960.0,5340.0,6600.0,0.4,0.6,0.6,31.6,31.6,31.7
2026-05-22 20:00:00,Bangkalan,0.04,3.4,0.0,11800.0,0.4,31.5,0.04,0.04,0.04,6.6,8.1,5.7,0.0,0.6,0.4,8240.0,6960.0,5340.0,0.2,0.4,0.6,31.5,31.6,31.6
2026-05-22 21:00:00,Bangkalan,0.06,1.6,0.0,7820.0,0.9,31.5,0.04,0.04,0.04,3.4,6.6,8.1,0.0,0.0,0.6,11800.0,8240.0,6960.0,0.4,0.2,0.4,31.5,31.5,31.6
2026-05-22 22:00:00,Bangkalan,0.06,3.1,0.4,2140.0,1.1,31.5,0.06,0.04,0.04,1.6,3.4,6.6,0.0,0.0,0.0,7820.0,11800.0,8240.0,0.9,0.4,0.2,31.5,31.5,31.5
2026-05-22 23:00:00,Bangkalan,0.06,6.9,0.4,1220.0,1.3,31.5,0.06,0.06,0.04,3.1,1.6,3.4,0.4,0.0,0.0,2140.0,7820.0,11800.0,1.1,0.9,0.4,31.5,31.5,31.5
2026-05-23 00:00:00,Bangkalan,0.06,5.6,0.1,2580.0,0.9,31.4,0.06,0.06,0.06,6.9,3.1,1.6,0.4,0.4,0.0,1220.0,2140.0,7820.0,1.3,1.1,0.9,31.5,31.5,31.5
2026-05-23 01:00:00,Bangkalan,0.06,3.9,0.0,2080.0,0.4,31.4,0.06,0.06,0.06,5.6,6.9,3.1,0.1,0.4,0.4,2580.0,1220.0,2140.0,0.9,1.3,1.1,31.4,31.5,31.5
2026-05-23 02:00:00,Bangkalan,0.06,3.1,0.0,7920.0,0.3,31.4,0.06,0.06,0.06,3.9,5.6,6.9,0.0,0.1,0.4,2080.0,2580.0,1220.0,0.4,0.9,1.3,31.4,31.4,31.5
2026-05-23 03:00:00,Bangkalan,0.08,1.8,0.0,1180.0,0.9,31.4,0.06,0.06,0.06,3.1,3.9,5.6,0.0,0.0,0.1,7920.0,2080.0,2580.0,0.3,0.4,0.9,31.4,31.4,31.4
2026-05-23 04:00:00,Bangkalan,0.08,2.7,0.0,420.0,1.7,31.3,0.08,0.06,0.06,1.8,3.1,3.9,0.0,0.0,0.0,1180.0,7920.0,2080.0,0.9,0.3,0.4,31.4,31.4,31.4
2026-05-23 05:00:00,Bangkalan,0.08,5.6,0.0,320.0,1.8,31.3,0.08,0.08,0.06,2.7,1.8,3.1,0.0,0.0,0.0,420.0,1180.0,7920.0,1.7,0.9,0.3,31.3,31.4,31.4
2026-05-23 06:00:00,Bangkalan,0.08,6.4,0.0,380.0,1.8,31.3,0.08,0.08,0.08,5.6,2.7,1.8,0.0,0.0,0.0,320.0,420.0,1180.0,1.8,1.7,0.9,31.3,31.3,31.4
2026-05-23 07:00:00,Bangkalan,0.08,2.9,0.0,1640.0,1.5,31.3,0.08,0.08,0.08,6.4,5.6,2.7,0.0,0.0,0.0,380.0,320.0,420.0,1.8,1.8,1.7,31.3,31.3,31.3
2026-05-23 08:00:00,Bangkalan,0.08,4.7,0.0,9320.0,0.9,31.4,0.08,0.08,0.08,2.9,6.4,5.6,0.0,0.0,0.0,1640.0,380.0,320.0,1.5,1.8,1.8,31.3,31.3,31.3
2026-05-23 09:00:00,Bangkalan,0.08,5.5,0.2,5080.0,0.3,31.5,0.08,0.08,0.08,4.7,2.9,6.4,0.0,0.0,0.0,9320.0,1640.0,380.0,0.9,1.5,1.8,31.4,31.3,31.3
2026-05-23 10:00:00,Bangkalan,0.08,3.9,0.4,9100.0,0.6,31.5,0.08,0.08,0.08,5.5,4.7,2.9,0.2,0.0,0.0,5080.0,9320.0,1640.0,0.3,0.9,1.5,31.5,31.4,31.3
2026-05-23 11:00:00,Bangkalan,0.08,1.0,0.0,18700.0,1.2,31.6,0.08,0.08,0.08,3.9,5.5,4.7,0.4,0.2,0.0,9100.0,5080.0,9320.0,0.6,0.3,0.9,31.5,31.5,31.4
2026-05-23 12:00:00,Bangkalan,0.06,3.5,0.0,10620.0,1.5,31.8,0.08,0.08,0.08,1.0,3.9,5.5,0.0,0.4,0.2,18700.0,9100.0,5080.0,1.2,0.6,0.3,31.6,31.5,31.5
2026-05-23 13:00:00,Bangkalan,0.06,13.2,2.5,2420.0,1.6,31.8,0.06,0.08,0.08,3.5,1.0,3.9,0.0,0.0,0.4,10620.0,18700.0,9100.0,1.5,1.2,0.6,31.8,31.6,31.5
2026-05-23 14:00:00,Bangkalan,0.06,8.1,1.5,1820.0,1.4,31.8,0.06,0.06,0.08,13.2,3.5,1.0,2.5,0.0,0.0,2420.0,10620.0,18700.0,1.6,1.5,1.2,31.8,31.8,31.6
2026-05-23 15:00:00,Bangkalan,0.06,4.5,5.0,3140.0,0.9,31.8,0.06,0.06,0.06,8.1,13.2,3.5,1.5,2.5,0.0,1820.0,2420.0,10620.0,1.4,1.6,1.5,31.8,31.8,31.8
2026-05-23 16:00:00,Bangkalan,0.06,8.3,0.7,2220.0,0.4,31.7,0.06,0.06,0.06,4.5,8.1,13.2,5.0,1.5,2.5,3140.0,1820.0,2420.0,0.9,1.4,1.6,31.8,31.8,31.8
2026-05-23 17:00:00,Bangkalan,0.06,8.3,1.4,4480.0,0.3,31.6,0.06,0.06,0.06,8.3,4.5,8.1,0.7,5.0,1.5,2220.0,3140.0,1820.0,0.4,0.9,1.4,31.7,31.8,31.8
2026-05-23 18:00:00,Bangkalan,0.06,4.3,0.1,10200.0,0.5,31.6,0.06,0.06,0.06,8.3,8.3,4.5,1.4,0.7,5.0,4480.0,2220.0,3140.0,0.3,0.4,0.9,31.6,31.7,31.8
2026-05-23 19:00:00,Bangkalan,0.06,4.1,0.0,11020.0,0.5,31.5,0.06,0.06,0.06,4.3,8.3,8.3,0.1,1.4,0.7,10200.0,4480.0,2220.0,0.5,0.3,0.4,31.6,31.6,31.7
2026-05-23 20:00:00,Bangkalan,0.06,3.9,0.0,8340.0,0.2,31.5,0.06,0.06,0.06,4.1,4.3,8.3,0.0,0.1,1.4,11020.0,10200.0,4480.0,0.5,0.5,0.3,31.5,31.6,31.6
2026-05-23 21:00:00,Bangkalan,0.06,3.1,0.0,5680.0,0.2,31.5,0.06,0.06,0.06,3.9,4.1,4.3,0.0,0.0,0.1,8340.0,11020.0,10200.0,0.2,0.5,0.5,31.5,31.5,31.6
2026-05-23 22:00:00,Bangkalan,0.06,2.6,0.0,3000.0,0.6,31.5,0.06,0.06,0.06,3.1,3.9,4.1,0.0,0.0,0.0,5680.0,8340.0,11020.0,0.2,0.2,0.5,31.5,31.5,31.5
2026-05-23 23:00:00,Bangkalan,0.06,1.8,0.0,5780.0,0.7,31.5,0.06,0.06,0.06,2.6,3.1,3.9,0.0,0.0,0.0,3000.0,5680.0,8340.0,0.6,0.2,0.2,31.5,31.5,31.5
2026-05-24 00:00:00,Bangkalan,0.04,1.1,0.0,8560.0,0.9,31.5,0.06,0.06,0.06,1.8,2.6,3.1,0.0,0.0,0.0,5780.0,3000.0,5680.0,0.7,0.6,0.2,31.5,31.5,31.5
2026-05-24 01:00:00,Bangkalan,0.04,1.1,0.0,11340.0,0.7,31.5,0.04,0.06,0.06,1.1,1.8,2.6,0.0,0.0,0.0,8560.0,5780.0,3000.0,0.9,0.7,0.6,31.5,31.5,31.5
2026-05-24 02:00:00,Bangkalan,0.04,0.9,0.0,7620.0,0.4,31.4,0.04,0.04,0.06,1.1,1.1,1.8,0.0,0.0,0.0,11340.0,8560.0,5780.0,0.7,0.9,0.7,31.5,31.5,31.5
2026-05-24 03:00:00,Bangkalan,0.04,1.3,0.0,3920.0,0.3,31.4,0.04,0.04,0.04,0.9,1.1,1.1,0.0,0.0,0.0,7620.0,11340.0,8560.0,0.4,0.7,0.9,31.4,31.5,31.5
2026-05-24 04:00:00,Bangkalan,0.04,2.1,0.0,200.0,0.9,31.4,0.04,0.04,0.04,1.3,0.9,1.1,0.0,0.0,0.0,3920.0,7620.0,11340.0,0.3,0.4,0.7,31.4,31.4,31.5
2026-05-24 05:00:00,Bangkalan,0.04,2.5,0.0,180.0,1.5,31.3,0.04,0.04,0.04,2.1,1.3,0.9,0.0,0.0,0.0,200.0,3920.0,7620.0,0.9,0.3,0.4,31.4,31.4,31.4
2026-05-24 06:00:00,Bangkalan,0.04,3.1,0.0,180.0,1.8,31.3,0.04,0.04,0.04,2.5,2.1,1.3,0.0,0.0,0.0,180.0,200.0,3920.0,1.5,0.9,0.3,31.3,31.4,31.4
2026-05-24 07:00:00,Bangkalan,0.04,2.9,0.0,160.0,1.8,31.3,0.04,0.04,0.04,3.1,2.5,2.1,0.0,0.0,0.0,180.0,180.0,200.0,1.8,1.5,0.9,31.3,31.3,31.4
2026-05-24 08:00:00,Bangkalan,0.04,1.5,0.0,3960.0,1.5,31.4,0.04,0.04,0.04,2.9,3.1,2.5,0.0,0.0,0.0,160.0,180.0,180.0,1.8,1.8,1.5,31.3,31.3,31.3
2026-05-24 09:00:00,Bangkalan,0.04,2.5,0.0,7740.0,0.9,31.4,0.04,0.04,0.04,1.5,2.9,3.1,0.0,0.0,0.0,3960.0,160.0,180.0,1.5,1.8,1.8,31.4,31.3,31.3
2026-05-24 10:00:00,Bangkalan,0.04,3.2,0.0,11540.0,0.2,31.5,0.04,0.04,0.04,2.5,1.5,2.9,0.0,0.0,0.0,7740.0,3960.0,160.0,0.9,1.5,1.8,31.4,31.4,31.3
2026-05-24 11:00:00,Bangkalan,0.04,1.7,2.2,8520.0,0.7,31.6,0.04,0.04,0.04,3.2,2.5,1.5,0.0,0.0,0.0,11540.0,7740.0,3960.0,0.2,0.9,1.5,31.5,31.4,31.4
2026-05-24 12:00:00,Bangkalan,0.04,6.2,2.2,5500.0,1.3,31.6,0.04,0.04,0.04,1.7,3.2,2.5,2.2,0.0,0.0,8520.0,11540.0,7740.0,0.7,0.2,0.9,31.6,31.5,31.4
2026-05-24 13:00:00,Bangkalan,0.04,9.2,2.2,2480.0,1.6,31.7,0.04,0.04,0.04,6.2,1.7,3.2,2.2,2.2,0.0,5500.0,8520.0,11540.0,1.3,0.7,0.2,31.6,31.6,31.5
2026-05-24 14:00:00,Bangkalan,0.04,7.2,0.5,6380.0,1.8,31.7,0.04,0.04,0.04,9.2,6.2,1.7,2.2,2.2,2.2,2480.0,5500.0,8520.0,1.6,1.3,0.7,31.7,31.6,31.6
2026-05-24 15:00:00,Bangkalan,0.04,2.7,0.5,10300.0,1.6,31.7,0.04,0.04,0.04,7.2,9.2,6.2,0.5,2.2,2.2,6380.0,2480.0,5500.0,1.8,1.6,1.3,31.7,31.7,31.6
2026-05-24 16:00:00,Bangkalan,0.04,1.4,0.5,14200.0,1.1,31.7,0.04,0.04,0.04,2.7,7.2,9.2,0.5,0.5,2.2,10300.0,6380.0,2480.0,1.6,1.8,1.6,31.7,31.7,31.7
2026-05-24 17:00:00,Bangkalan,0.04,4.1,0.0,13420.0,0.4,31.6,0.04,0.04,0.04,1.4,2.7,7.2,0.5,0.5,0.5,14200.0,10300.0,6380.0,1.1,1.6,1.8,31.7,31.7,31.7
2026-05-24 18:00:00,Bangkalan,0.04,7.3,0.0,12660.0,0.3,31.6,0.04,0.04,0.04,4.1,1.4,2.7,0.0,0.5,0.5,13420.0,14200.0,10300.0,0.4,1.1,1.6,31.6,31.7,31.7
2026-05-24 19:00:00,Bangkalan,0.04,9.1,0.0,11880.0,0.6,31.6,0.04,0.04,0.04,7.3,4.1,1.4,0.0,0.0,0.5,12660.0,13420.0,14200.0,0.3,0.4,1.1,31.6,31.6,31.7
2026-05-24 20:00:00,Bangkalan,0.04,7.9,0.0,11780.0,0.7,31.6,0.04,0.04,0.04,9.1,7.3,4.1,0.0,0.0,0.0,11880.0,12660.0,13420.0,0.6,0.3,0.4,31.6,31.6,31.6
2026-05-24 21:00:00,Bangkalan,0.04,5.4,0.0,11680.0,0.6,31.5,0.04,0.04,0.04,7.9,9.1,7.3,0.0,0.0,0.0,11780.0,11880.0,12660.0,0.7,0.6,0.3,31.6,31.6,31.6
2026-05-24 22:00:00,Bangkalan,0.04,4.0,0.0,11580.0,0.2,31.5,0.04,0.04,0.04,5.4,7.9,9.1,0.0,0.0,0.0,11680.0,11780.0,11880.0,0.6,0.7,0.6,31.5,31.6,31.6
2026-05-24 23:00:00,Bangkalan,0.04,4.4,0.0,10480.0,0.2,31.5,0.04,0.04,0.04,4.0,5.4,7.9,0.0,0.0,0.0,11580.0,11680.0,11780.0,0.2,0.6,0.7,31.5,31.5,31.6
2026-05-25 00:00:00,Bangkalan,0.02,5.4,0.0,9400.0,0.5,31.5,0.04,0.04,0.04,4.4,4.0,5.4,0.0,0.0,0.0,10480.0,11580.0,11680.0,0.2,0.2,0.6,31.5,31.5,31.5
2026-05-25 01:00:00,Bangkalan,0.02,5.8,0.0,8300.0,0.5,31.5,0.02,0.04,0.04,5.4,4.4,4.0,0.0,0.0,0.0,9400.0,10480.0,11580.0,0.5,0.2,0.2,31.5,31.5,31.5
2026-05-25 02:00:00,Bangkalan,0.02,5.1,0.0,5600.0,0.5,31.5,0.02,0.02,0.04,5.8,5.4,4.4,0.0,0.0,0.0,8300.0,9400.0,10480.0,0.5,0.5,0.2,31.5,31.5,31.5
2026-05-25 03:00:00,Bangkalan,0.04,5.1,0.0,2920.0,0.2,31.4,0.02,0.02,0.02,5.1,5.8,5.4,0.0,0.0,0.0,5600.0,8300.0,9400.0,0.5,0.5,0.5,31.5,31.5,31.5
2026-05-25 04:00:00,Bangkalan,0.04,5.7,0.0,220.0,0.2,31.4,0.04,0.02,0.02,5.1,5.1,5.8,0.0,0.0,0.0,2920.0,5600.0,8300.0,0.2,0.5,0.5,31.4,31.5,31.5
2026-05-25 05:00:00,Bangkalan,0.04,6.0,0.0,260.0,0.7,31.4,0.04,0.04,0.02,5.7,5.1,5.1,0.0,0.0,0.0,220.0,2920.0,5600.0,0.2,0.2,0.5,31.4,31.4,31.5
2026-05-25 06:00:00,Bangkalan,0.04,6.1,0.0,320.0,1.5,31.4,0.04,0.04,0.04,6.0,5.7,5.1,0.0,0.0,0.0,260.0,220.0,2920.0,0.7,0.2,0.2,31.4,31.4,31.4
2026-05-25 07:00:00,Bangkalan,0.04,5.4,0.0,360.0,1.7,31.4,0.04,0.04,0.04,6.1,6.0,5.7,0.0,0.0,0.0,320.0,260.0,220.0,1.5,0.7,0.2,31.4,31.4,31.4
2026-05-25 08:00:00,Bangkalan,0.04,3.8,0.0,2340.0,1.8,31.4,0.04,0.04,0.04,5.4,6.1,6.0,0.0,0.0,0.0,360.0,320.0,260.0,1.7,1.5,0.7,31.4,31.4,31.4
2026-05-25 09:00:00,Bangkalan,0.02,2.2,0.0,4340.0,1.5,31.5,0.04,0.04,0.04,3.8,5.4,6.1,0.0,0.0,0.0,2340.0,360.0,320.0,1.8,1.7,1.5,31.4,31.4,31.4
2026-05-25 10:00:00,Bangkalan,0.02,3.6,0.0,6320.0,0.7,31.5,0.02,0.04,0.04,2.2,3.8,5.4,0.0,0.0,0.0,4340.0,2340.0,360.0,1.5,1.8,1.7,31.5,31.4,31.4
2026-05-25 11:00:00,Bangkalan,0.02,7.0,0.2,5060.0,0.2,31.6,0.02,0.02,0.04,3.6,2.2,3.8,0.0,0.0,0.0,6320.0,4340.0,2340.0,0.7,1.5,1.8,31.5,31.5,31.4
2026-05-25 12:00:00,Bangkalan,0.04,10.8,0.2,3780.0,1.1,31.6,0.02,0.02,0.02,7.0,3.6,2.2,0.2,0.0,0.0,5060.0,6320.0,4340.0,0.2,0.7,1.5,31.6,31.5,31.5
2026-05-25 13:00:00,Bangkalan,0.04,12.3,0.2,2520.0,1.6,31.7,0.04,0.02,0.02,10.8,7.0,3.6,0.2,0.2,0.0,3780.0,5060.0,6320.0,1.1,0.2,0.7,31.6,31.6,31.5
2026-05-25 14:00:00,Bangkalan,0.04,9.4,1.1,5400.0,2.0,31.7,0.04,0.04,0.02,12.3,10.8,7.0,0.2,0.2,0.2,2520.0,3780.0,5060.0,1.6,1.1,0.2,31.7,31.6,31.6
2026-05-25 15:00:00,Bangkalan,0.02,5.1,1.1,8260.0,2.0,31.7,0.04,0.04,0.04,9.4,12.3,10.8,1.1,0.2,0.2,5400.0,2520.0,3780.0,2.0,1.6,1.1,31.7,31.7,31.6
2026-05-25 16:00:00,Bangkalan,0.02,3.7,1.1,11140.0,1.7,31.7,0.02,0.04,0.04,5.1,9.4,12.3,1.1,1.1,0.2,8260.0,5400.0,2520.0,2.0,2.0,1.6,31.7,31.7,31.7
2026-05-25 17:00:00,Bangkalan,0.02,4.0,0.2,9940.0,1.1,31.6,0.02,0.02,0.04,3.7,5.1,9.4,1.1,1.1,1.1,11140.0,8260.0,5400.0,1.7,2.0,2.0,31.7,31.7,31.7
2026-05-25 18:00:00,Bangkalan,0.02,3.8,0.2,8740.0,0.4,31.6,0.02,0.02,0.02,4.0,3.7,5.1,0.2,1.1,1.1,9940.0,11140.0,8260.0,1.1,1.7,2.0,31.6,31.7,31.7
2026-05-25 19:00:00,Bangkalan,0.02,4.0,0.2,7540.0,0.4,31.6,0.02,0.02,0.02,3.8,4.0,3.7,0.2,0.2,1.1,8740.0,9940.0,11140.0,0.4,1.1,1.7,31.6,31.6,31.7
2026-05-25 20:00:00,Bangkalan,0.02,5.1,0.0,8920.0,0.7,31.6,0.02,0.02,0.02,4.0,3.8,4.0,0.2,0.2,0.2,7540.0,8740.0,9940.0,0.4,0.4,1.1,31.6,31.6,31.6
2026-05-25 21:00:00,Bangkalan,0.02,6.3,0.0,10280.0,0.9,31.5,0.02,0.02,0.02,5.1,4.0,3.8,0.0,0.2,0.2,8920.0,7540.0,8740.0,0.7,0.4,0.4,31.6,31.6,31.6
2026-05-25 22:00:00,Bangkalan,0.02,6.6,0.0,11660.0,0.9,31.5,0.02,0.02,0.02,6.3,5.1,4.0,0.0,0.0,0.2,10280.0,8920.0,7540.0,0.9,0.7,0.4,31.5,31.6,31.6
2026-05-25 23:00:00,Bangkalan,0.02,5.6,0.2,8060.0,0.6,31.5,0.02,0.02,0.02,6.6,6.3,5.1,0.0,0.0,0.0,11660.0,10280.0,8920.0,0.9,0.9,0.7,31.5,31.5,31.6
2026-05-26 00:00:00,Bangkalan,0.02,5.4,0.2,4460.0,0.0,31.5,0.02,0.02,0.02,5.6,6.6,6.3,0.2,0.0,0.0,8060.0,11660.0,10280.0,0.6,0.9,0.9,31.5,31.5,31.5
2026-05-26 01:00:00,Bangkalan,0.02,6.3,0.2,860.0,0.4,31.5,0.02,0.02,0.02,5.4,5.6,6.6,0.2,0.2,0.0,4460.0,8060.0,11660.0,0.0,0.6,0.9,31.5,31.5,31.5
2026-05-26 02:00:00,Bangkalan,0.02,1.8,0.0,260.0,0.5,31.5,0.02,0.02,0.02,6.3,5.4,5.6,0.2,0.2,0.2,860.0,4460.0,8060.0,0.4,0.0,0.6,31.5,31.5,31.5
2026-05-26 03:00:00,Bangkalan,0.02,1.5,0.0,260.0,0.5,31.5,0.02,0.02,0.02,1.8,6.3,5.4,0.0,0.2,0.2,260.0,860.0,4460.0,0.5,0.4,0.0,31.5,31.5,31.5
2026-05-26 04:00:00,Bangkalan,0.02,2.2,0.0,240.0,0.4,31.4,0.02,0.02,0.02,1.5,1.8,6.3,0.0,0.0,0.2,260.0,260.0,860.0,0.5,0.5,0.4,31.5,31.5,31.5
2026-05-26 05:00:00,Bangkalan,0.02,3.1,0.0,220.0,0.2,31.4,0.02,0.02,0.02,2.2,1.5,1.8,0.0,0.0,0.0,240.0,260.0,260.0,0.4,0.5,0.5,31.4,31.5,31.5
2026-05-26 06:00:00,Bangkalan,0.02,3.7,0.0,220.0,0.7,31.4,0.02,0.02,0.02,3.1,2.2,1.5,0.0,0.0,0.0,220.0,240.0,260.0,0.2,0.4,0.5,31.4,31.4,31.5
2026-05-26 07:00:00,Bangkalan,0.02,3.6,0.0,200.0,1.3,31.4,0.02,0.02,0.02,3.7,3.1,2.2,0.0,0.0,0.0,220.0,220.0,240.0,0.7,0.2,0.4,31.4,31.4,31.4
2026-05-26 08:00:00,Bangkalan,0.02,2.1,0.2,880.0,1.6,31.5,0.02,0.02,0.02,3.6,3.7,3.1,0.0,0.0,0.0,200.0,220.0,220.0,1.3,0.7,0.2,31.4,31.4,31.4
2026-05-26 09:00:00,Bangkalan,0.02,0.6,0.2,1580.0,1.6,31.5,0.02,0.02,0.02,2.1,3.6,3.7,0.2,0.0,0.0,880.0,200.0,220.0,1.6,1.3,0.7,31.5,31.4,31.4
2026-05-26 10:00:00,Bangkalan,0.02,3.9,0.2,2260.0,1.3,31.6,0.02,0.02,0.02,0.6,2.1,3.6,0.2,0.2,0.0,1580.0,880.0,200.0,1.6,1.6,1.3,31.5,31.5,31.4
2026-05-26 11:00:00,Bangkalan,0.02,6.9,0.2,2940.0,0.6,31.6,0.02,0.02,0.02,3.9,0.6,2.1,0.2,0.2,0.2,2260.0,1580.0,880.0,1.3,1.6,1.6,31.6,31.5,31.5
2026-05-26 12:00:00,Bangkalan,0.04,9.0,0.2,3640.0,0.6,31.7,0.02,0.02,0.02,6.9,3.9,0.6,0.2,0.2,0.2,2940.0,2260.0,1580.0,0.6,1.3,1.6,31.6,31.6,31.5
2026-05-26 13:00:00,Bangkalan,0.04,9.7,0.2,4320.0,1.4,31.8,0.04,0.02,0.02,9.0,6.9,3.9,0.2,0.2,0.2,3640.0,2940.0,2260.0,0.6,0.6,1.3,31.7,31.6,31.6
2026-05-26 14:00:00,Bangkalan,0.04,8.3,0.6,4500.0,1.9,31.8,0.04,0.04,0.02,9.7,9.0,6.9,0.2,0.2,0.2,4320.0,3640.0,2940.0,1.4,0.6,0.6,31.8,31.7,31.6
2026-05-26 15:00:00,Bangkalan,0.04,5.4,0.6,4660.0,2.1,31.8,0.04,0.04,0.04,8.3,9.7,9.0,0.6,0.2,0.2,4500.0,4320.0,3640.0,1.9,1.4,0.6,31.8,31.8,31.7
2026-05-26 16:00:00,Bangkalan,0.04,2.7,0.6,4840.0,2.1,31.8,0.04,0.04,0.04,5.4,8.3,9.7,0.6,0.6,0.2,4660.0,4500.0,4320.0,2.1,1.9,1.4,31.8,31.8,31.8
2026-05-26 17:00:00,Bangkalan,0.06,4.4,0.6,5000.0,1.7,31.7,0.04,0.04,0.04,2.7,5.4,8.3,0.6,0.6,0.6,4840.0,4660.0,4500.0,2.1,2.1,1.9,31.8,31.8,31.8
2026-05-26 18:00:00,Bangkalan,0.06,7.3,0.6,5180.0,1.0,31.6,0.06,0.04,0.04,4.4,2.7,5.4,0.6,0.6,0.6,5000.0,4840.0,4660.0,1.7,2.1,2.1,31.7,31.8,31.8
2026-05-26 19:00:00,Bangkalan,0.08,9.3,0.6,5340.0,0.3,31.6,0.06,0.06,0.04,7.3,4.4,2.7,0.6,0.6,0.6,5180.0,5000.0,4840.0,1.0,1.7,2.1,31.6,31.7,31.8
2026-05-26 20:00:00,Bangkalan,0.08,9.7,0.0,5280.0,0.5,31.6,0.08,0.06,0.06,9.3,7.3,4.4,0.6,0.6,0.6,5340.0,5180.0,5000.0,0.3,1.0,1.7,31.6,31.6,31.7
2026-05-26 21:00:00,Bangkalan,0.08,9.0,0.0,5220.0,1.1,31.6,0.08,0.08,0.06,9.7,9.3,7.3,0.0,0.6,0.6,5280.0,5340.0,5180.0,0.5,0.3,1.0,31.6,31.6,31.6
2026-05-26 22:00:00,Bangkalan,0.08,7.6,0.0,5180.0,1.3,31.6,0.08,0.08,0.08,9.0,9.7,9.3,0.0,0.0,0.6,5220.0,5280.0,5340.0,1.1,0.5,0.3,31.6,31.6,31.6
2026-05-26 23:00:00,Bangkalan,0.08,6.2,0.0,5120.0,1.1,31.5,0.08,0.08,0.08,7.6,9.0,9.7,0.0,0.0,0.0,5180.0,5220.0,5280.0,1.3,1.1,0.5,31.6,31.6,31.6
2026-05-20 03:00:00,Banyuwangi,0.26,2.5,0.0,18580.0,4.4,30.1,0.26,0.26,0.26,2.6,2.4,5.6,0.0,0.1,0.1,15020.0,20040.0,8440.0,2.2,1.8,2.4,30.2,30.2,30.2
2026-05-20 04:00:00,Banyuwangi,0.26,2.9,0.0,20460.0,6.8,30.1,0.26,0.26,0.26,2.5,2.6,2.4,0.0,0.0,0.1,18580.0,15020.0,20040.0,4.4,2.2,1.8,30.1,30.2,30.2
2026-05-20 05:00:00,Banyuwangi,0.26,1.8,0.0,21640.0,8.3,30.1,0.26,0.26,0.26,2.9,2.5,2.6,0.0,0.0,0.0,20460.0,18580.0,15020.0,6.8,4.4,2.2,30.1,30.1,30.2
2026-05-20 06:00:00,Banyuwangi,0.28,2.4,0.0,22260.0,8.6,30.1,0.26,0.26,0.26,1.8,2.9,2.5,0.0,0.0,0.0,21640.0,20460.0,18580.0,8.3,6.8,4.4,30.1,30.1,30.1
2026-05-20 07:00:00,Banyuwangi,0.28,2.4,0.0,13920.0,7.9,30.1,0.28,0.26,0.26,2.4,1.8,2.9,0.0,0.0,0.0,22260.0,21640.0,20460.0,8.6,8.3,6.8,30.1,30.1,30.1
2026-05-20 08:00:00,Banyuwangi,0.28,1.1,0.0,7720.0,6.3,30.2,0.28,0.28,0.26,2.4,2.4,1.8,0.0,0.0,0.0,13920.0,22260.0,21640.0,7.9,8.6,8.3,30.1,30.1,30.1
2026-05-20 09:00:00,Banyuwangi,0.3,3.3,0.0,5660.0,4.2,30.2,0.28,0.28,0.28,1.1,2.4,2.4,0.0,0.0,0.0,7720.0,13920.0,22260.0,6.3,7.9,8.6,30.2,30.1,30.1
2026-05-20 10:00:00,Banyuwangi,0.3,4.8,0.0,8660.0,2.4,30.4,0.3,0.28,0.28,3.3,1.1,2.4,0.0,0.0,0.0,5660.0,7720.0,13920.0,4.2,6.3,7.9,30.2,30.2,30.1
2026-05-20 11:00:00,Banyuwangi,0.32,6.1,0.0,16100.0,1.9,30.5,0.3,0.3,0.28,4.8,3.3,1.1,0.0,0.0,0.0,8660.0,5660.0,7720.0,2.4,4.2,6.3,30.4,30.2,30.2
2026-05-20 12:00:00,Banyuwangi,0.32,7.0,0.0,22980.0,1.7,30.5,0.32,0.3,0.3,6.1,4.8,3.3,0.0,0.0,0.0,16100.0,8660.0,5660.0,1.9,2.4,4.2,30.5,30.4,30.2
2026-05-20 13:00:00,Banyuwangi,0.34,7.4,0.1,7760.0,1.7,30.5,0.32,0.32,0.3,7.0,6.1,4.8,0.0,0.0,0.0,22980.0,16100.0,8660.0,1.7,1.9,2.4,30.5,30.5,30.4
2026-05-20 14:00:00,Banyuwangi,0.34,12.4,0.3,4580.0,2.4,30.5,0.34,0.32,0.32,7.4,7.0,6.1,0.1,0.0,0.0,7760.0,22980.0,16100.0,1.7,1.7,1.9,30.5,30.5,30.5
2026-05-20 15:00:00,Banyuwangi,0.34,12.3,0.4,7560.0,4.2,30.5,0.34,0.34,0.32,12.4,7.4,7.0,0.3,0.1,0.0,4580.0,7760.0,22980.0,2.4,1.7,1.7,30.5,30.5,30.5
2026-05-20 16:00:00,Banyuwangi,0.34,8.3,0.2,8100.0,6.3,30.5,0.34,0.34,0.34,12.3,12.4,7.4,0.4,0.3,0.1,7560.0,4580.0,7760.0,4.2,2.4,1.7,30.5,30.5,30.5
2026-05-20 17:00:00,Banyuwangi,0.34,6.6,0.1,10140.0,7.7,30.4,0.34,0.34,0.34,8.3,12.3,12.4,0.2,0.4,0.3,8100.0,7560.0,4580.0,6.3,4.2,2.4,30.5,30.5,30.5
2026-05-20 18:00:00,Banyuwangi,0.36,4.0,0.0,13480.0,8.1,30.4,0.34,0.34,0.34,6.6,8.3,12.3,0.1,0.2,0.4,10140.0,8100.0,7560.0,7.7,6.3,4.2,30.4,30.5,30.5
2026-05-20 19:00:00,Banyuwangi,0.36,2.2,0.0,8880.0,7.4,30.3,0.36,0.34,0.34,4.0,6.6,8.3,0.0,0.1,0.2,13480.0,10140.0,8100.0,8.1,7.7,6.3,30.4,30.4,30.5
2026-05-20 20:00:00,Banyuwangi,0.36,2.3,0.0,6360.0,5.8,30.2,0.36,0.36,0.34,2.2,4.0,6.6,0.0,0.0,0.1,8880.0,13480.0,10140.0,7.4,8.1,7.7,30.3,30.4,30.4
2026-05-20 21:00:00,Banyuwangi,0.36,3.8,0.0,2180.0,3.6,30.2,0.36,0.36,0.36,2.3,2.2,4.0,0.0,0.0,0.0,6360.0,8880.0,13480.0,5.8,7.4,8.1,30.2,30.3,30.4
2026-05-20 22:00:00,Banyuwangi,0.36,5.4,0.0,1140.0,2.1,30.2,0.36,0.36,0.36,3.8,2.3,2.2,0.0,0.0,0.0,2180.0,6360.0,8880.0,3.6,5.8,7.4,30.2,30.2,30.3
2026-05-20 23:00:00,Banyuwangi,0.36,7.4,0.0,640.0,2.3,30.2,0.36,0.36,0.36,5.4,3.8,2.3,0.0,0.0,0.0,1140.0,2180.0,6360.0,2.1,3.6,5.8,30.2,30.2,30.2
2026-05-21 00:00:00,Banyuwangi,0.36,8.5,0.0,480.0,2.6,30.2,0.36,0.36,0.36,7.4,5.4,3.8,0.0,0.0,0.0,640.0,1140.0,2180.0,2.3,2.1,3.6,30.2,30.2,30.2
2026-05-21 01:00:00,Banyuwangi,0.36,9.8,0.0,400.0,2.3,30.2,0.36,0.36,0.36,8.5,7.4,5.4,0.0,0.0,0.0,480.0,640.0,1140.0,2.6,2.3,2.1,30.2,30.2,30.2
2026-05-21 02:00:00,Banyuwangi,0.36,11.9,0.0,360.0,1.6,30.2,0.36,0.36,0.36,9.8,8.5,7.4,0.0,0.0,0.0,400.0,480.0,640.0,2.3,2.6,2.3,30.2,30.2,30.2
2026-05-21 03:00:00,Banyuwangi,0.36,10.8,0.0,380.0,2.4,30.1,0.36,0.36,0.36,11.9,9.8,8.5,0.0,0.0,0.0,360.0,400.0,480.0,1.6,2.3,2.6,30.2,30.2,30.2
2026-05-21 04:00:00,Banyuwangi,0.36,9.0,0.0,420.0,4.7,30.1,0.36,0.36,0.36,10.8,11.9,9.8,0.0,0.0,0.0,380.0,360.0,400.0,2.4,1.6,2.3,30.1,30.2,30.2
2026-05-21 05:00:00,Banyuwangi,0.36,9.2,0.0,380.0,6.8,30.1,0.36,0.36,0.36,9.0,10.8,11.9,0.0,0.0,0.0,420.0,380.0,360.0,4.7,2.4,1.6,30.1,30.1,30.2
2026-05-21 06:00:00,Banyuwangi,0.36,11.9,0.0,440.0,7.9,30.1,0.36,0.36,0.36,9.2,9.0,10.8,0.0,0.0,0.0,380.0,420.0,380.0,6.8,4.7,2.4,30.1,30.1,30.1
2026-05-21 07:00:00,Banyuwangi,0.36,11.8,0.0,18460.0,8.1,30.1,0.36,0.36,0.36,11.9,9.2,9.0,0.0,0.0,0.0,440.0,380.0,420.0,7.9,6.8,4.7,30.1,30.1,30.1
2026-05-21 08:00:00,Banyuwangi,0.36,14.2,0.0,17380.0,7.2,30.1,0.36,0.36,0.36,11.8,11.9,9.2,0.0,0.0,0.0,18460.0,440.0,380.0,8.1,7.9,6.8,30.1,30.1,30.1
2026-05-21 09:00:00,Banyuwangi,0.34,18.4,0.0,15700.0,5.6,30.2,0.36,0.36,0.36,14.2,11.8,11.9,0.0,0.0,0.0,17380.0,18460.0,440.0,7.2,8.1,7.9,30.1,30.1,30.1
2026-05-21 10:00:00,Banyuwangi,0.34,19.4,0.0,12200.0,3.5,30.3,0.34,0.36,0.36,18.4,14.2,11.8,0.0,0.0,0.0,15700.0,17380.0,18460.0,5.6,7.2,8.1,30.2,30.1,30.1
2026-05-21 11:00:00,Banyuwangi,0.34,19.7,0.1,9320.0,2.2,30.4,0.34,0.34,0.36,19.4,18.4,14.2,0.0,0.0,0.0,12200.0,15700.0,17380.0,3.5,5.6,7.2,30.3,30.2,30.1
2026-05-21 12:00:00,Banyuwangi,0.34,21.5,0.2,8780.0,1.7,30.4,0.34,0.34,0.34,19.7,19.4,18.4,0.1,0.0,0.0,9320.0,12200.0,15700.0,2.2,3.5,5.6,30.4,30.3,30.2
2026-05-21 13:00:00,Banyuwangi,0.34,19.5,1.3,3740.0,1.5,30.5,0.34,0.34,0.34,21.5,19.7,19.4,0.2,0.1,0.0,8780.0,9320.0,12200.0,1.7,2.2,3.5,30.4,30.4,30.3
2026-05-21 14:00:00,Banyuwangi,0.34,17.0,1.2,7340.0,1.7,30.5,0.34,0.34,0.34,19.5,21.5,19.7,1.3,0.2,0.1,3740.0,8780.0,9320.0,1.5,1.7,2.2,30.5,30.4,30.4
2026-05-21 15:00:00,Banyuwangi,0.34,13.0,0.4,4420.0,2.5,30.5,0.34,0.34,0.34,17.0,19.5,21.5,1.2,1.3,0.2,7340.0,3740.0,8780.0,1.7,1.5,1.7,30.5,30.5,30.4
2026-05-21 16:00:00,Banyuwangi,0.34,7.3,0.3,7000.0,4.2,30.5,0.34,0.34,0.34,13.0,17.0,19.5,0.4,1.2,1.3,4420.0,7340.0,3740.0,2.5,1.7,1.5,30.5,30.5,30.5
2026-05-21 17:00:00,Banyuwangi,0.34,1.9,0.8,7100.0,6.1,30.4,0.34,0.34,0.34,7.3,13.0,17.0,0.3,0.4,1.2,7000.0,4420.0,7340.0,4.2,2.5,1.7,30.5,30.5,30.5
2026-05-21 18:00:00,Banyuwangi,0.32,4.2,0.4,6180.0,7.4,30.4,0.34,0.34,0.34,1.9,7.3,13.0,0.8,0.3,0.4,7100.0,7000.0,4420.0,6.1,4.2,2.5,30.4,30.5,30.5
2026-05-21 19:00:00,Banyuwangi,0.32,3.6,0.1,11740.0,7.6,30.4,0.32,0.34,0.34,4.2,1.9,7.3,0.4,0.8,0.3,6180.0,7100.0,7000.0,7.4,6.1,4.2,30.4,30.4,30.5
2026-05-21 20:00:00,Banyuwangi,0.32,1.2,0.0,14020.0,6.8,30.4,0.32,0.32,0.34,3.6,4.2,1.9,0.1,0.4,0.8,11740.0,6180.0,7100.0,7.6,7.4,6.1,30.4,30.4,30.4
2026-05-21 21:00:00,Banyuwangi,0.32,2.2,0.0,14700.0,5.2,30.3,0.32,0.32,0.32,1.2,3.6,4.2,0.0,0.1,0.4,14020.0,11740.0,6180.0,6.8,7.6,7.4,30.4,30.4,30.4
2026-05-21 22:00:00,Banyuwangi,0.32,1.7,0.0,3120.0,3.1,30.3,0.32,0.32,0.32,2.2,1.2,3.6,0.0,0.0,0.1,14700.0,14020.0,11740.0,5.2,6.8,7.6,30.3,30.4,30.4
2026-05-21 23:00:00,Banyuwangi,0.32,2.7,0.0,880.0,1.8,30.3,0.32,0.32,0.32,1.7,2.2,1.2,0.0,0.0,0.0,3120.0,14700.0,14020.0,3.1,5.2,6.8,30.3,30.3,30.4
2026-05-22 00:00:00,Banyuwangi,0.3,3.4,0.0,560.0,2.1,30.2,0.32,0.32,0.32,2.7,1.7,2.2,0.0,0.0,0.0,880.0,3120.0,14700.0,1.8,3.1,5.2,30.3,30.3,30.3
2026-05-22 01:00:00,Banyuwangi,0.3,2.6,0.0,480.0,2.3,30.2,0.3,0.32,0.32,3.4,2.7,1.7,0.0,0.0,0.0,560.0,880.0,3120.0,2.1,1.8,3.1,30.2,30.3,30.3
2026-05-22 02:00:00,Banyuwangi,0.3,2.3,0.0,460.0,1.8,30.2,0.3,0.3,0.32,2.6,3.4,2.7,0.0,0.0,0.0,480.0,560.0,880.0,2.3,2.1,1.8,30.2,30.2,30.3
2026-05-22 03:00:00,Banyuwangi,0.28,4.3,0.2,1140.0,1.4,30.2,0.3,0.3,0.3,2.3,2.6,3.4,0.0,0.0,0.0,460.0,480.0,560.0,1.8,2.3,2.1,30.2,30.2,30.2
2026-05-22 04:00:00,Banyuwangi,0.28,2.2,0.1,2480.0,2.7,30.1,0.28,0.3,0.3,4.3,2.3,2.6,0.2,0.0,0.0,1140.0,460.0,480.0,1.4,1.8,2.3,30.2,30.2,30.2
2026-05-22 05:00:00,Banyuwangi,0.28,1.8,0.0,2380.0,4.7,30.1,0.28,0.28,0.3,2.2,4.3,2.3,0.1,0.2,0.0,2480.0,1140.0,460.0,2.7,1.4,1.8,30.1,30.2,30.2
2026-05-22 06:00:00,Banyuwangi,0.26,6.8,0.0,4420.0,6.7,30.1,0.28,0.28,0.28,1.8,2.2,4.3,0.0,0.1,0.2,2380.0,2480.0,1140.0,4.7,2.7,1.4,30.1,30.1,30.2
2026-05-22 07:00:00,Banyuwangi,0.26,6.0,0.0,1740.0,7.6,30.1,0.26,0.28,0.28,6.8,1.8,2.2,0.0,0.0,0.1,4420.0,2380.0,2480.0,6.7,4.7,2.7,30.1,30.1,30.1
2026-05-22 08:00:00,Banyuwangi,0.26,6.1,0.0,6500.0,7.4,30.2,0.26,0.26,0.28,6.0,6.8,1.8,0.0,0.0,0.0,1740.0,4420.0,2380.0,7.6,6.7,4.7,30.1,30.1,30.1
2026-05-22 09:00:00,Banyuwangi,0.26,7.4,0.1,9060.0,6.3,30.4,0.26,0.26,0.26,6.1,6.0,6.8,0.0,0.0,0.0,6500.0,1740.0,4420.0,7.4,7.6,6.7,30.2,30.1,30.1
2026-05-22 10:00:00,Banyuwangi,0.26,9.5,0.3,5080.0,4.5,30.5,0.26,0.26,0.26,7.4,6.1,6.0,0.1,0.0,0.0,9060.0,6500.0,1740.0,6.3,7.4,7.6,30.4,30.2,30.1
2026-05-22 11:00:00,Banyuwangi,0.26,8.5,0.2,14880.0,2.4,30.6,0.26,0.26,0.26,9.5,7.4,6.1,0.3,0.1,0.0,5080.0,9060.0,6500.0,4.5,6.3,7.4,30.5,30.4,30.2
2026-05-22 12:00:00,Banyuwangi,0.26,11.2,0.0,11620.0,1.4,30.7,0.26,0.26,0.26,8.5,9.5,7.4,0.2,0.3,0.1,14880.0,5080.0,9060.0,2.4,4.5,6.3,30.6,30.5,30.4
2026-05-22 13:00:00,Banyuwangi,0.26,11.7,1.5,4200.0,1.5,30.8,0.26,0.26,0.26,11.2,8.5,9.5,0.0,0.2,0.3,11620.0,14880.0,5080.0,1.4,2.4,4.5,30.7,30.6,30.5
2026-05-22 14:00:00,Banyuwangi,0.26,3.8,0.4,5780.0,1.5,30.8,0.26,0.26,0.26,11.7,11.2,8.5,1.5,0.0,0.2,4200.0,11620.0,14880.0,1.5,1.4,2.4,30.8,30.7,30.6
2026-05-22 15:00:00,Banyuwangi,0.26,4.9,0.1,10780.0,1.1,30.7,0.26,0.26,0.26,3.8,11.7,11.2,0.4,1.5,0.0,5780.0,4200.0,11620.0,1.5,1.5,1.4,30.8,30.8,30.7
2026-05-22 16:00:00,Banyuwangi,0.26,6.1,0.0,14240.0,1.7,30.6,0.26,0.26,0.26,4.9,3.8,11.7,0.1,0.4,1.5,10780.0,5780.0,4200.0,1.1,1.5,1.5,30.7,30.8,30.8
2026-05-22 17:00:00,Banyuwangi,0.26,7.2,0.0,12460.0,3.3,30.5,0.26,0.26,0.26,6.1,4.9,3.8,0.0,0.1,0.4,14240.0,10780.0,5780.0,1.7,1.1,1.5,30.6,30.7,30.8
2026-05-22 18:00:00,Banyuwangi,0.26,3.1,0.2,5860.0,5.0,30.4,0.26,0.26,0.26,7.2,6.1,4.9,0.0,0.0,0.1,12460.0,14240.0,10780.0,3.3,1.7,1.1,30.5,30.6,30.7
2026-05-22 19:00:00,Banyuwangi,0.26,2.3,0.2,6680.0,6.3,30.4,0.26,0.26,0.26,3.1,7.2,6.1,0.2,0.0,0.0,5860.0,12460.0,14240.0,5.0,3.3,1.7,30.4,30.5,30.6
2026-05-22 20:00:00,Banyuwangi,0.26,1.9,0.3,7540.0,6.5,30.3,0.26,0.26,0.26,2.3,3.1,7.2,0.2,0.2,0.0,6680.0,5860.0,12460.0,6.3,5.0,3.3,30.4,30.4,30.5
2026-05-22 21:00:00,Banyuwangi,0.24,3.3,0.0,12440.0,5.8,30.3,0.26,0.26,0.26,1.9,2.3,3.1,0.3,0.2,0.2,7540.0,6680.0,5860.0,6.5,6.3,5.0,30.3,30.4,30.4
2026-05-22 22:00:00,Banyuwangi,0.24,3.6,0.0,16420.0,4.2,30.3,0.24,0.26,0.26,3.3,1.9,2.3,0.0,0.3,0.2,12440.0,7540.0,6680.0,5.8,6.5,6.3,30.3,30.3,30.4
2026-05-22 23:00:00,Banyuwangi,0.24,3.3,0.0,5320.0,2.3,30.2,0.24,0.24,0.26,3.6,3.3,1.9,0.0,0.0,0.3,16420.0,12440.0,7540.0,4.2,5.8,6.5,30.3,30.3,30.3
2026-05-23 00:00:00,Banyuwangi,0.24,3.6,0.0,1080.0,1.5,30.2,0.24,0.24,0.24,3.3,3.6,3.3,0.0,0.0,0.0,5320.0,16420.0,12440.0,2.3,4.2,5.8,30.2,30.3,30.3
2026-05-23 01:00:00,Banyuwangi,0.24,3.8,0.0,520.0,2.1,30.2,0.24,0.24,0.24,3.6,3.3,3.6,0.0,0.0,0.0,1080.0,5320.0,16420.0,1.5,2.3,4.2,30.2,30.2,30.3
2026-05-23 02:00:00,Banyuwangi,0.24,5.1,0.0,420.0,2.3,30.2,0.24,0.24,0.24,3.8,3.6,3.3,0.0,0.0,0.0,520.0,1080.0,5320.0,2.1,1.5,2.3,30.2,30.2,30.2
2026-05-23 03:00:00,Banyuwangi,0.22,6.6,0.0,480.0,1.8,30.2,0.24,0.24,0.24,5.1,3.8,3.6,0.0,0.0,0.0,420.0,520.0,1080.0,2.3,2.1,1.5,30.2,30.2,30.2
2026-05-23 04:00:00,Banyuwangi,0.22,7.3,0.0,660.0,1.3,30.2,0.22,0.24,0.24,6.6,5.1,3.8,0.0,0.0,0.0,480.0,420.0,520.0,1.8,2.3,2.1,30.2,30.2,30.2
2026-05-23 05:00:00,Banyuwangi,0.22,6.4,0.0,920.0,1.9,30.1,0.22,0.22,0.24,7.3,6.6,5.1,0.0,0.0,0.0,660.0,480.0,420.0,1.3,1.8,2.3,30.2,30.2,30.2
2026-05-23 06:00:00,Banyuwangi,0.22,5.8,0.0,1280.0,4.0,30.1,0.22,0.22,0.22,6.4,7.3,6.6,0.0,0.0,0.0,920.0,660.0,480.0,1.9,1.3,1.8,30.1,30.2,30.2
2026-05-23 07:00:00,Banyuwangi,0.22,7.2,0.0,19900.0,5.6,30.2,0.22,0.22,0.22,5.8,6.4,7.3,0.0,0.0,0.0,1280.0,920.0,660.0,4.0,1.9,1.3,30.1,30.1,30.2
2026-05-23 08:00:00,Banyuwangi,0.22,5.6,0.0,11680.0,6.3,30.2,0.22,0.22,0.22,7.2,5.8,6.4,0.0,0.0,0.0,19900.0,1280.0,920.0,5.6,4.0,1.9,30.2,30.1,30.1
2026-05-23 09:00:00,Banyuwangi,0.22,5.0,0.0,10580.0,6.1,30.4,0.22,0.22,0.22,5.6,7.2,5.8,0.0,0.0,0.0,11680.0,19900.0,1280.0,6.3,5.6,4.0,30.2,30.2,30.1
2026-05-23 10:00:00,Banyuwangi,0.22,8.0,0.0,23420.0,5.0,30.5,0.22,0.22,0.22,5.0,5.6,7.2,0.0,0.0,0.0,10580.0,11680.0,19900.0,6.1,6.3,5.6,30.4,30.2,30.2
2026-05-23 11:00:00,Banyuwangi,0.22,9.6,0.0,18220.0,3.4,30.6,0.22,0.22,0.22,8.0,5.0,5.6,0.0,0.0,0.0,23420.0,10580.0,11680.0,5.0,6.1,6.3,30.5,30.4,30.2
2026-05-23 12:00:00,Banyuwangi,0.22,10.8,0.0,17920.0,1.6,30.7,0.22,0.22,0.22,9.6,8.0,5.0,0.0,0.0,0.0,18220.0,23420.0,10580.0,3.4,5.0,6.1,30.6,30.5,30.4
2026-05-23 13:00:00,Banyuwangi,0.22,9.0,0.0,15680.0,1.1,30.8,0.22,0.22,0.22,10.8,9.6,8.0,0.0,0.0,0.0,17920.0,18220.0,23420.0,1.6,3.4,5.0,30.7,30.6,30.5
2026-05-23 14:00:00,Banyuwangi,0.24,9.3,0.0,23100.0,1.7,30.8,0.22,0.22,0.22,9.0,10.8,9.6,0.0,0.0,0.0,15680.0,17920.0,18220.0,1.1,1.6,3.4,30.8,30.7,30.6
2026-05-23 15:00:00,Banyuwangi,0.24,7.8,0.0,20580.0,1.5,30.7,0.24,0.22,0.22,9.3,9.0,10.8,0.0,0.0,0.0,23100.0,15680.0,17920.0,1.7,1.1,1.6,30.8,30.8,30.7
2026-05-23 16:00:00,Banyuwangi,0.26,6.2,0.0,18860.0,1.0,30.6,0.24,0.24,0.22,7.8,9.3,9.0,0.0,0.0,0.0,20580.0,23100.0,15680.0,1.5,1.7,1.1,30.7,30.8,30.8
2026-05-23 17:00:00,Banyuwangi,0.26,4.9,0.2,3560.0,0.9,30.5,0.26,0.24,0.24,6.2,7.8,9.3,0.0,0.0,0.0,18860.0,20580.0,23100.0,1.0,1.5,1.7,30.6,30.7,30.8
2026-05-23 18:00:00,Banyuwangi,0.24,7.4,0.6,7260.0,2.5,30.4,0.26,0.26,0.24,4.9,6.2,7.8,0.2,0.0,0.0,3560.0,18860.0,20580.0,0.9,1.0,1.5,30.5,30.6,30.7
2026-05-23 19:00:00,Banyuwangi,0.24,7.0,0.1,7940.0,4.1,30.4,0.24,0.26,0.26,7.4,4.9,6.2,0.6,0.2,0.0,7260.0,3560.0,18860.0,2.5,0.9,1.0,30.4,30.5,30.6
2026-05-23 20:00:00,Banyuwangi,0.24,6.8,0.1,8880.0,5.2,30.3,0.24,0.24,0.26,7.0,7.4,4.9,0.1,0.6,0.2,7940.0,7260.0,3560.0,4.1,2.5,0.9,30.4,30.4,30.5
2026-05-23 21:00:00,Banyuwangi,0.22,6.2,0.1,9820.0,5.2,30.3,0.24,0.24,0.24,6.8,7.0,7.4,0.1,0.1,0.6,8880.0,7940.0,7260.0,5.2,4.1,2.5,30.3,30.4,30.4
2026-05-23 22:00:00,Banyuwangi,0.22,5.5,0.1,10760.0,4.5,30.3,0.22,0.24,0.24,6.2,6.8,7.0,0.1,0.1,0.1,9820.0,8880.0,7940.0,5.2,5.2,4.1,30.3,30.3,30.4
2026-05-23 23:00:00,Banyuwangi,0.22,5.1,0.0,10740.0,3.1,30.2,0.22,0.22,0.24,5.5,6.2,6.8,0.1,0.1,0.1,10760.0,9820.0,8880.0,4.5,5.2,5.2,30.3,30.3,30.3
2026-05-24 00:00:00,Banyuwangi,0.22,4.9,0.0,10740.0,1.2,30.2,0.22,0.22,0.22,5.1,5.5,6.2,0.0,0.1,0.1,10740.0,10760.0,9820.0,3.1,4.5,5.2,30.2,30.3,30.3
2026-05-24 01:00:00,Banyuwangi,0.22,4.6,0.0,10720.0,1.2,30.2,0.22,0.22,0.22,4.9,5.1,5.5,0.0,0.0,0.1,10740.0,10740.0,10760.0,1.2,3.1,4.5,30.2,30.2,30.3
2026-05-24 02:00:00,Banyuwangi,0.22,4.4,0.0,7400.0,2.3,30.2,0.22,0.22,0.22,4.6,4.9,5.1,0.0,0.0,0.0,10720.0,10740.0,10740.0,1.2,1.2,3.1,30.2,30.2,30.2
2026-05-24 03:00:00,Banyuwangi,0.22,4.7,0.0,4060.0,2.6,30.2,0.22,0.22,0.22,4.4,4.6,4.9,0.0,0.0,0.0,7400.0,10720.0,10740.0,2.3,1.2,1.2,30.2,30.2,30.2
2026-05-24 04:00:00,Banyuwangi,0.22,5.2,0.0,740.0,2.2,30.1,0.22,0.22,0.22,4.7,4.4,4.6,0.0,0.0,0.0,4060.0,7400.0,10720.0,2.6,2.3,1.2,30.2,30.2,30.2
2026-05-24 05:00:00,Banyuwangi,0.22,5.6,0.0,4800.0,1.2,30.1,0.22,0.22,0.22,5.2,4.7,4.4,0.0,0.0,0.0,740.0,4060.0,7400.0,2.2,2.6,2.3,30.1,30.2,30.2
2026-05-24 06:00:00,Banyuwangi,0.22,6.0,0.0,8880.0,0.9,30.1,0.22,0.22,0.22,5.6,5.2,4.7,0.0,0.0,0.0,4800.0,740.0,4060.0,1.2,2.2,2.6,30.1,30.1,30.2
2026-05-24 07:00:00,Banyuwangi,0.22,6.0,0.0,12940.0,2.7,30.1,0.22,0.22,0.22,6.0,5.6,5.2,0.0,0.0,0.0,8880.0,4800.0,740.0,0.9,1.2,2.2,30.1,30.1,30.1
2026-05-24 08:00:00,Banyuwangi,0.22,5.9,0.0,16440.0,4.2,30.2,0.22,0.22,0.22,6.0,6.0,5.6,0.0,0.0,0.0,12940.0,8880.0,4800.0,2.7,0.9,1.2,30.1,30.1,30.1
2026-05-24 09:00:00,Banyuwangi,0.22,7.0,0.0,19960.0,4.9,30.3,0.22,0.22,0.22,5.9,6.0,6.0,0.0,0.0,0.0,16440.0,12940.0,8880.0,4.2,2.7,0.9,30.2,30.1,30.1
2026-05-24 10:00:00,Banyuwangi,0.22,8.5,0.0,23460.0,4.7,30.4,0.22,0.22,0.22,7.0,5.9,6.0,0.0,0.0,0.0,19960.0,16440.0,12940.0,4.9,4.2,2.7,30.3,30.2,30.1
2026-05-24 11:00:00,Banyuwangi,0.22,9.0,0.0,20580.0,3.6,30.5,0.22,0.22,0.22,8.5,7.0,5.9,0.0,0.0,0.0,23460.0,19960.0,16440.0,4.7,4.9,4.2,30.4,30.3,30.2
2026-05-24 12:00:00,Banyuwangi,0.24,9.1,0.0,17700.0,1.8,30.6,0.22,0.22,0.22,9.0,8.5,7.0,0.0,0.0,0.0,20580.0,23460.0,19960.0,3.6,4.7,4.9,30.5,30.4,30.3
2026-05-24 13:00:00,Banyuwangi,0.24,9.2,0.0,14820.0,0.4,30.6,0.24,0.22,0.22,9.1,9.0,8.5,0.0,0.0,0.0,17700.0,20580.0,23460.0,1.8,3.6,4.7,30.6,30.5,30.4
2026-05-24 14:00:00,Banyuwangi,0.26,9.7,0.2,12300.0,1.8,30.6,0.24,0.24,0.22,9.2,9.1,9.0,0.0,0.0,0.0,14820.0,17700.0,20580.0,0.4,1.8,3.6,30.6,30.6,30.5
2026-05-24 15:00:00,Banyuwangi,0.3,10.1,0.2,9800.0,2.5,30.6,0.26,0.24,0.24,9.7,9.2,9.1,0.2,0.0,0.0,12300.0,14820.0,17700.0,1.8,0.4,1.8,30.6,30.6,30.6
2026-05-24 16:00:00,Banyuwangi,0.32,9.4,0.2,7280.0,2.7,30.5,0.3,0.26,0.24,10.1,9.7,9.2,0.2,0.2,0.0,9800.0,12300.0,14820.0,2.5,1.8,0.4,30.6,30.6,30.6
2026-05-24 17:00:00,Banyuwangi,0.34,7.3,0.4,7060.0,2.1,30.5,0.32,0.3,0.26,9.4,10.1,9.7,0.2,0.2,0.2,7280.0,9800.0,12300.0,2.7,2.5,1.8,30.5,30.6,30.6
2026-05-24 18:00:00,Banyuwangi,0.36,6.1,0.4,6840.0,1.0,30.4,0.34,0.32,0.3,7.3,9.4,10.1,0.4,0.2,0.2,7060.0,7280.0,9800.0,2.1,2.7,2.5,30.5,30.5,30.6
2026-05-24 19:00:00,Banyuwangi,0.38,7.2,0.4,6620.0,0.7,30.3,0.36,0.34,0.32,6.1,7.3,9.4,0.4,0.4,0.2,6840.0,7060.0,7280.0,1.0,2.1,2.7,30.4,30.5,30.5
2026-05-24 20:00:00,Banyuwangi,0.38,7.3,0.0,6040.0,2.4,30.2,0.38,0.36,0.34,7.2,6.1,7.3,0.4,0.4,0.4,6620.0,6840.0,7060.0,0.7,1.0,2.1,30.3,30.4,30.5
2026-05-24 21:00:00,Banyuwangi,0.36,6.6,0.0,5460.0,3.3,30.2,0.38,0.38,0.36,7.3,7.2,6.1,0.0,0.4,0.4,6040.0,6620.0,6840.0,2.4,0.7,1.0,30.2,30.3,30.4
2026-05-24 22:00:00,Banyuwangi,0.36,6.8,0.0,4880.0,3.5,30.2,0.36,0.38,0.38,6.6,7.3,7.2,0.0,0.0,0.4,5460.0,6040.0,6620.0,3.3,2.4,0.7,30.2,30.2,30.3
2026-05-24 23:00:00,Banyuwangi,0.36,9.1,0.3,4220.0,2.9,30.2,0.36,0.36,0.38,6.8,6.6,7.3,0.0,0.0,0.0,4880.0,5460.0,6040.0,3.5,3.3,2.4,30.2,30.2,30.2
2026-05-25 00:00:00,Banyuwangi,0.36,12.4,0.3,3540.0,1.5,30.1,0.36,0.36,0.36,9.1,6.8,6.6,0.3,0.0,0.0,4220.0,4880.0,5460.0,2.9,3.5,3.3,30.2,30.2,30.2
2026-05-25 01:00:00,Banyuwangi,0.36,14.1,0.3,2880.0,0.4,30.1,0.36,0.36,0.36,12.4,9.1,6.8,0.3,0.3,0.0,3540.0,4220.0,4880.0,1.5,2.9,3.5,30.1,30.2,30.2
2026-05-25 02:00:00,Banyuwangi,0.38,13.0,0.3,5840.0,2.2,30.1,0.36,0.36,0.36,14.1,12.4,9.1,0.3,0.3,0.3,2880.0,3540.0,4220.0,0.4,1.5,2.9,30.1,30.1,30.2
2026-05-25 03:00:00,Banyuwangi,0.38,10.5,0.3,8820.0,3.4,30.1,0.38,0.36,0.36,13.0,14.1,12.4,0.3,0.3,0.3,5840.0,2880.0,3540.0,2.2,0.4,1.5,30.1,30.1,30.1
2026-05-25 04:00:00,Banyuwangi,0.4,8.6,0.3,11780.0,3.7,30.0,0.38,0.38,0.36,10.5,13.0,14.1,0.3,0.3,0.3,8820.0,5840.0,2880.0,3.4,2.2,0.4,30.1,30.1,30.1
2026-05-25 05:00:00,Banyuwangi,0.4,7.7,0.0,9220.0,3.5,30.0,0.4,0.38,0.38,8.6,10.5,13.0,0.3,0.3,0.3,11780.0,8820.0,5840.0,3.7,3.4,2.2,30.0,30.1,30.1
2026-05-25 06:00:00,Banyuwangi,0.42,7.1,0.0,6640.0,2.4,30.0,0.4,0.4,0.38,7.7,8.6,10.5,0.0,0.3,0.3,9220.0,11780.0,8820.0,3.5,3.7,3.4,30.0,30.0,30.1
2026-05-25 07:00:00,Banyuwangi,0.42,6.4,0.0,4080.0,0.9,30.0,0.42,0.4,0.4,7.1,7.7,8.6,0.0,0.0,0.3,6640.0,9220.0,11780.0,2.4,3.5,3.7,30.0,30.0,30.0
2026-05-25 08:00:00,Banyuwangi,0.44,6.2,0.0,10440.0,1.0,30.1,0.42,0.42,0.4,6.4,7.1,7.7,0.0,0.0,0.0,4080.0,6640.0,9220.0,0.9,2.4,3.5,30.0,30.0,30.0
2026-05-25 09:00:00,Banyuwangi,0.44,6.5,0.0,16820.0,2.3,30.1,0.44,0.42,0.42,6.2,6.4,7.1,0.0,0.0,0.0,10440.0,4080.0,6640.0,1.0,0.9,2.4,30.1,30.0,30.0
2026-05-25 10:00:00,Banyuwangi,0.46,7.0,0.0,23180.0,3.0,30.2,0.44,0.44,0.42,6.5,6.2,6.4,0.0,0.0,0.0,16820.0,10440.0,4080.0,2.3,1.0,0.9,30.1,30.1,30.0
2026-05-25 11:00:00,Banyuwangi,0.46,7.7,0.0,17280.0,2.9,30.3,0.46,0.44,0.44,7.0,6.5,6.2,0.0,0.0,0.0,23180.0,16820.0,10440.0,3.0,2.3,1.0,30.2,30.1,30.1
2026-05-25 12:00:00,Banyuwangi,0.48,8.9,0.0,11400.0,1.9,30.4,0.46,0.46,0.44,7.7,7.0,6.5,0.0,0.0,0.0,17280.0,23180.0,16820.0,2.9,3.0,2.3,30.3,30.2,30.1
2026-05-25 13:00:00,Banyuwangi,0.48,9.5,0.0,5500.0,0.4,30.4,0.48,0.46,0.46,8.9,7.7,7.0,0.0,0.0,0.0,11400.0,17280.0,23180.0,1.9,2.9,3.0,30.4,30.3,30.2
2026-05-25 14:00:00,Banyuwangi,0.5,9.0,0.5,5840.0,2.0,30.4,0.48,0.48,0.46,9.5,8.9,7.7,0.0,0.0,0.0,5500.0,11400.0,17280.0,0.4,1.9,2.9,30.4,30.4,30.3
2026-05-25 15:00:00,Banyuwangi,0.5,7.8,0.5,6200.0,3.4,30.3,0.5,0.48,0.48,9.0,9.5,8.9,0.5,0.0,0.0,5840.0,5500.0,11400.0,2.0,0.4,1.9,30.4,30.4,30.4
2026-05-25 16:00:00,Banyuwangi,0.52,6.7,0.5,6540.0,4.4,30.2,0.5,0.5,0.48,7.8,9.0,9.5,0.5,0.5,0.0,6200.0,5840.0,5500.0,3.4,2.0,0.4,30.3,30.4,30.4
2026-05-25 17:00:00,Banyuwangi,0.54,6.2,0.2,8400.0,4.7,30.2,0.52,0.5,0.5,6.7,7.8,9.0,0.5,0.5,0.5,6540.0,6200.0,5840.0,4.4,3.4,2.0,30.2,30.3,30.4
2026-05-25 18:00:00,Banyuwangi,0.54,6.0,0.2,10240.0,4.2,30.1,0.54,0.52,0.5,6.2,6.7,7.8,0.2,0.5,0.5,8400.0,6540.0,6200.0,4.7,4.4,3.4,30.2,30.2,30.3
2026-05-25 19:00:00,Banyuwangi,0.56,5.6,0.2,12100.0,3.1,30.1,0.54,0.54,0.52,6.0,6.2,6.7,0.2,0.2,0.5,10240.0,8400.0,6540.0,4.2,4.7,4.4,30.1,30.2,30.2
2026-05-25 20:00:00,Banyuwangi,0.56,5.0,0.0,10560.0,1.5,30.0,0.56,0.54,0.54,5.6,6.0,6.2,0.2,0.2,0.2,12100.0,10240.0,8400.0,3.1,4.2,4.7,30.1,30.1,30.2
2026-05-25 21:00:00,Banyuwangi,0.58,4.9,0.0,9020.0,0.5,30.0,0.56,0.56,0.54,5.0,5.6,6.0,0.0,0.2,0.2,10560.0,12100.0,10240.0,1.5,3.1,4.2,30.0,30.1,30.1
2026-05-25 22:00:00,Banyuwangi,0.58,5.5,0.0,7480.0,1.2,30.0,0.58,0.56,0.56,4.9,5.0,5.6,0.0,0.0,0.2,9020.0,10560.0,12100.0,0.5,1.5,3.1,30.0,30.0,30.1
2026-05-25 23:00:00,Banyuwangi,0.58,6.3,0.0,5300.0,1.5,29.9,0.58,0.58,0.56,5.5,4.9,5.0,0.0,0.0,0.0,7480.0,9020.0,10560.0,1.2,0.5,1.5,30.0,30.0,30.0
2026-05-26 00:00:00,Banyuwangi,0.58,7.0,0.0,3100.0,1.0,29.9,0.58,0.58,0.58,6.3,5.5,4.9,0.0,0.0,0.0,5300.0,7480.0,9020.0,1.5,1.2,0.5,29.9,30.0,30.0
2026-05-26 01:00:00,Banyuwangi,0.58,7.4,0.0,920.0,0.8,29.8,0.58,0.58,0.58,7.0,6.3,5.5,0.0,0.0,0.0,3100.0,5300.0,7480.0,1.0,1.5,1.2,29.9,29.9,30.0
2026-05-26 02:00:00,Banyuwangi,0.58,9.1,0.0,2780.0,2.5,29.8,0.58,0.58,0.58,7.4,7.0,6.3,0.0,0.0,0.0,920.0,3100.0,5300.0,0.8,1.0,1.5,29.8,29.9,29.9
2026-05-26 03:00:00,Banyuwangi,0.58,9.5,0.0,4800.0,4.2,29.7,0.58,0.58,0.58,9.1,7.4,7.0,0.0,0.0,0.0,2780.0,920.0,3100.0,2.5,0.8,1.0,29.8,29.8,29.9
2026-05-26 04:00:00,Banyuwangi,0.58,9.7,0.0,6840.0,5.3,29.6,0.58,0.58,0.58,9.5,9.1,7.4,0.0,0.0,0.0,4800.0,2780.0,920.0,4.2,2.5,0.8,29.7,29.8,29.8
2026-05-26 05:00:00,Banyuwangi,0.58,9.7,0.0,8880.0,5.8,29.6,0.58,0.58,0.58,9.7,9.5,9.1,0.0,0.0,0.0,6840.0,4800.0,2780.0,5.3,4.2,2.5,29.6,29.7,29.8
2026-05-26 06:00:00,Banyuwangi,0.6,9.4,0.0,10900.0,5.5,29.6,0.58,0.58,0.58,9.7,9.7,9.5,0.0,0.0,0.0,8880.0,6840.0,4800.0,5.8,5.3,4.2,29.6,29.6,29.7
2026-05-26 07:00:00,Banyuwangi,0.6,8.7,0.0,12940.0,4.4,29.6,0.6,0.58,0.58,9.4,9.7,9.7,0.0,0.0,0.0,10900.0,8880.0,6840.0,5.5,5.8,5.3,29.6,29.6,29.6
2026-05-26 08:00:00,Banyuwangi,0.6,7.6,0.2,11820.0,2.9,29.6,0.6,0.6,0.58,8.7,9.4,9.7,0.0,0.0,0.0,12940.0,10900.0,8880.0,4.4,5.5,5.8,29.6,29.6,29.6
2026-05-26 09:00:00,Banyuwangi,0.62,7.0,0.2,10680.0,1.1,29.7,0.6,0.6,0.6,7.6,8.7,9.4,0.2,0.0,0.0,11820.0,12940.0,10900.0,2.9,4.4,5.5,29.6,29.6,29.6
2026-05-26 10:00:00,Banyuwangi,0.62,7.8,0.2,9560.0,0.4,29.8,0.62,0.6,0.6,7.0,7.6,8.7,0.2,0.2,0.0,10680.0,11820.0,12940.0,1.1,2.9,4.4,29.7,29.6,29.6
2026-05-26 11:00:00,Banyuwangi,0.64,9.8,0.2,8440.0,1.1,29.9,0.62,0.62,0.6,7.8,7.0,7.6,0.2,0.2,0.2,9560.0,10680.0,11820.0,0.4,1.1,2.9,29.8,29.7,29.6
2026-05-26 12:00:00,Banyuwangi,0.66,11.9,0.2,7300.0,1.1,29.9,0.64,0.62,0.62,9.8,7.8,7.0,0.2,0.2,0.2,8440.0,9560.0,10680.0,1.1,0.4,1.1,29.9,29.8,29.7
2026-05-26 13:00:00,Banyuwangi,0.68,13.2,0.2,6180.0,0.2,30.0,0.66,0.64,0.62,11.9,9.8,7.8,0.2,0.2,0.2,7300.0,8440.0,9560.0,1.1,1.1,0.4,29.9,29.9,29.8
2026-05-26 14:00:00,Banyuwangi,0.7,13.5,0.3,6480.0,1.7,30.0,0.68,0.66,0.64,13.2,11.9,9.8,0.2,0.2,0.2,6180.0,7300.0,8440.0,0.2,1.1,1.1,30.0,29.9,29.9
2026-05-26 15:00:00,Banyuwangi,0.74,13.0,0.3,6760.0,3.5,29.9,0.7,0.68,0.66,13.5,13.2,11.9,0.3,0.2,0.2,6480.0,6180.0,7300.0,1.7,0.2,1.1,30.0,30.0,29.9
2026-05-26 16:00:00,Banyuwangi,0.76,12.0,0.3,7060.0,5.1,29.9,0.74,0.7,0.68,13.0,13.5,13.2,0.3,0.3,0.2,6760.0,6480.0,6180.0,3.5,1.7,0.2,29.9,30.0,30.0
2026-05-26 17:00:00,Banyuwangi,0.76,10.7,0.3,7340.0,5.8,29.8,0.76,0.74,0.7,12.0,13.0,13.5,0.3,0.3,0.3,7060.0,6760.0,6480.0,5.1,3.5,1.7,29.9,29.9,30.0
2026-05-26 18:00:00,Banyuwangi,0.78,9.4,0.3,7640.0,6.0,29.8,0.76,0.76,0.74,10.7,12.0,13.0,0.3,0.3,0.3,7340.0,7060.0,6760.0,5.8,5.1,3.5,29.8,29.9,29.9
2026-05-26 19:00:00,Banyuwangi,0.78,8.5,0.3,7920.0,5.5,29.7,0.78,0.76,0.76,9.4,10.7,12.0,0.3,0.3,0.3,7640.0,7340.0,7060.0,6.0,5.8,5.1,29.8,29.8,29.9
2026-05-26 20:00:00,Banyuwangi,0.78,7.8,0.1,9120.0,4.2,29.6,0.78,0.78,0.76,8.5,9.4,10.7,0.3,0.3,0.3,7920.0,7640.0,7340.0,5.5,6.0,5.8,29.7,29.8,29.8
2026-05-26 21:00:00,Banyuwangi,0.8,7.2,0.1,10300.0,2.3,29.6,0.78,0.78,0.78,7.8,8.5,9.4,0.1,0.3,0.3,9120.0,7920.0,7640.0,4.2,5.5,6.0,29.6,29.7,29.8
2026-05-26 22:00:00,Banyuwangi,0.8,6.7,0.1,11500.0,0.8,29.5,0.8,0.78,0.78,7.2,7.8,8.5,0.1,0.1,0.3,10300.0,9120.0,7920.0,2.3,4.2,5.5,29.6,29.6,29.7
2026-05-26 23:00:00,Banyuwangi,0.78,6.5,0.1,12680.0,0.7,29.5,0.8,0.8,0.78,6.7,7.2,7.8,0.1,0.1,0.1,11500.0,10300.0,9120.0,0.8,2.3,4.2,29.5,29.6,29.6
2026-05-20 03:00:00,Blitar Selatan,1.16,5.9,0.0,420.0,0.4,28.5,1.18,1.18,1.18,5.0,5.7,6.7,0.0,0.0,0.0,440.0,400.0,400.0,0.6,0.6,0.6,28.5,28.6,28.6
2026-05-20 04:00:00,Blitar Selatan,1.16,5.6,0.0,480.0,0.4,28.5,1.16,1.18,1.18,5.9,5.0,5.7,0.0,0.0,0.0,420.0,440.0,400.0,0.4,0.6,0.6,28.5,28.5,28.6
2026-05-20 05:00:00,Blitar Selatan,1.16,5.4,0.0,500.0,0.3,28.5,1.16,1.16,1.18,5.6,5.9,5.0,0.0,0.0,0.0,480.0,420.0,440.0,0.4,0.4,0.6,28.5,28.5,28.5
2026-05-20 06:00:00,Blitar Selatan,1.16,5.6,0.0,540.0,0.3,28.5,1.16,1.16,1.16,5.4,5.6,5.9,0.0,0.0,0.0,500.0,480.0,420.0,0.3,0.4,0.4,28.5,28.5,28.5
2026-05-20 07:00:00,Blitar Selatan,1.16,6.0,0.0,14140.0,0.4,28.5,1.16,1.16,1.16,5.6,5.4,5.6,0.0,0.0,0.0,540.0,500.0,480.0,0.3,0.3,0.4,28.5,28.5,28.5
2026-05-20 08:00:00,Blitar Selatan,1.16,4.4,0.0,18580.0,0.4,28.5,1.16,1.16,1.16,6.0,5.6,5.4,0.0,0.0,0.0,14140.0,540.0,500.0,0.4,0.3,0.3,28.5,28.5,28.5
2026-05-20 09:00:00,Blitar Selatan,1.16,2.1,0.0,18940.0,0.3,28.6,1.16,1.16,1.16,4.4,6.0,5.6,0.0,0.0,0.0,18580.0,14140.0,540.0,0.4,0.4,0.3,28.5,28.5,28.5
2026-05-20 10:00:00,Blitar Selatan,1.16,5.3,0.0,19160.0,0.3,28.8,1.16,1.16,1.16,2.1,4.4,6.0,0.0,0.0,0.0,18940.0,18580.0,14140.0,0.3,0.4,0.4,28.6,28.5,28.5
2026-05-20 11:00:00,Blitar Selatan,1.16,10.1,0.1,7140.0,0.4,28.9,1.16,1.16,1.16,5.3,2.1,4.4,0.0,0.0,0.0,19160.0,18940.0,18580.0,0.3,0.3,0.4,28.8,28.6,28.5
2026-05-20 12:00:00,Blitar Selatan,1.14,14.8,0.1,8920.0,0.5,29.0,1.16,1.16,1.16,10.1,5.3,2.1,0.1,0.0,0.0,7140.0,19160.0,18940.0,0.4,0.3,0.3,28.9,28.8,28.6
2026-05-20 13:00:00,Blitar Selatan,1.14,15.9,0.1,5020.0,0.6,29.0,1.14,1.16,1.16,14.8,10.1,5.3,0.1,0.1,0.0,8920.0,7140.0,19160.0,0.5,0.4,0.3,29.0,28.9,28.8
2026-05-20 14:00:00,Blitar Selatan,1.14,17.0,0.1,9720.0,0.7,29.0,1.14,1.14,1.16,15.9,14.8,10.1,0.1,0.1,0.1,5020.0,8920.0,7140.0,0.6,0.5,0.4,29.0,29.0,28.9
2026-05-20 15:00:00,Blitar Selatan,1.14,15.8,0.0,10920.0,0.7,29.0,1.14,1.14,1.14,17.0,15.9,14.8,0.1,0.1,0.1,9720.0,5020.0,8920.0,0.7,0.6,0.5,29.0,29.0,29.0
2026-05-20 16:00:00,Blitar Selatan,1.14,14.4,0.0,11480.0,0.8,29.0,1.14,1.14,1.14,15.8,17.0,15.9,0.0,0.1,0.1,10920.0,9720.0,5020.0,0.7,0.7,0.6,29.0,29.0,29.0
2026-05-20 17:00:00,Blitar Selatan,1.14,14.4,0.0,14340.0,0.8,29.0,1.14,1.14,1.14,14.4,15.8,17.0,0.0,0.0,0.1,11480.0,10920.0,9720.0,0.8,0.7,0.7,29.0,29.0,29.0
2026-05-20 18:00:00,Blitar Selatan,1.12,11.8,0.0,5620.0,0.6,29.0,1.14,1.14,1.14,14.4,14.4,15.8,0.0,0.0,0.0,14340.0,11480.0,10920.0,0.8,0.8,0.7,29.0,29.0,29.0
2026-05-20 19:00:00,Blitar Selatan,1.12,10.4,0.2,10060.0,0.6,28.9,1.12,1.14,1.14,11.8,14.4,14.4,0.0,0.0,0.0,5620.0,14340.0,11480.0,0.6,0.8,0.8,29.0,29.0,29.0
2026-05-20 20:00:00,Blitar Selatan,1.1,8.8,0.0,12140.0,0.6,28.9,1.12,1.12,1.14,10.4,11.8,14.4,0.2,0.0,0.0,10060.0,5620.0,14340.0,0.6,0.6,0.8,28.9,29.0,29.0
2026-05-20 21:00:00,Blitar Selatan,1.1,5.2,0.0,13460.0,0.4,28.9,1.1,1.12,1.12,8.8,10.4,11.8,0.0,0.2,0.0,12140.0,10060.0,5620.0,0.6,0.6,0.6,28.9,28.9,29.0
2026-05-20 22:00:00,Blitar Selatan,1.08,4.0,0.0,11640.0,0.4,28.9,1.1,1.1,1.12,5.2,8.8,10.4,0.0,0.0,0.2,13460.0,12140.0,10060.0,0.4,0.6,0.6,28.9,28.9,28.9
2026-05-20 23:00:00,Blitar Selatan,1.08,4.2,0.0,8420.0,0.4,28.9,1.08,1.1,1.1,4.0,5.2,8.8,0.0,0.0,0.0,11640.0,13460.0,12140.0,0.4,0.4,0.6,28.9,28.9,28.9
2026-05-21 00:00:00,Blitar Selatan,1.06,5.6,0.0,2500.0,0.4,28.8,1.08,1.08,1.1,4.2,4.0,5.2,0.0,0.0,0.0,8420.0,11640.0,13460.0,0.4,0.4,0.4,28.9,28.9,28.9
2026-05-21 01:00:00,Blitar Selatan,1.06,5.6,0.0,920.0,0.4,28.8,1.06,1.08,1.08,5.6,4.2,4.0,0.0,0.0,0.0,2500.0,8420.0,11640.0,0.4,0.4,0.4,28.8,28.9,28.9
2026-05-21 02:00:00,Blitar Selatan,1.06,6.4,0.0,660.0,0.4,28.8,1.06,1.06,1.08,5.6,5.6,4.2,0.0,0.0,0.0,920.0,2500.0,8420.0,0.4,0.4,0.4,28.8,28.8,28.9
2026-05-21 03:00:00,Blitar Selatan,1.04,5.7,0.0,440.0,0.4,28.8,1.06,1.06,1.06,6.4,5.6,5.6,0.0,0.0,0.0,660.0,920.0,2500.0,0.4,0.4,0.4,28.8,28.8,28.8
2026-05-21 04:00:00,Blitar Selatan,1.04,6.4,0.0,260.0,0.2,28.7,1.04,1.06,1.06,5.7,6.4,5.6,0.0,0.0,0.0,440.0,660.0,920.0,0.4,0.4,0.4,28.8,28.8,28.8
2026-05-21 05:00:00,Blitar Selatan,1.04,5.8,0.0,240.0,0.2,28.6,1.04,1.04,1.06,6.4,5.7,6.4,0.0,0.0,0.0,260.0,440.0,660.0,0.2,0.4,0.4,28.7,28.8,28.8
2026-05-21 06:00:00,Blitar Selatan,1.04,6.3,0.0,200.0,0.2,28.6,1.04,1.04,1.04,5.8,6.4,5.7,0.0,0.0,0.0,240.0,260.0,440.0,0.2,0.2,0.4,28.6,28.7,28.8
2026-05-21 07:00:00,Blitar Selatan,1.04,7.3,0.0,380.0,0.2,28.7,1.04,1.04,1.04,6.3,5.8,6.4,0.0,0.0,0.0,200.0,240.0,260.0,0.2,0.2,0.2,28.6,28.6,28.7
2026-05-21 08:00:00,Blitar Selatan,1.04,5.1,0.0,8800.0,0.0,28.8,1.04,1.04,1.04,7.3,6.3,5.8,0.0,0.0,0.0,380.0,200.0,240.0,0.2,0.2,0.2,28.7,28.6,28.6
2026-05-21 09:00:00,Blitar Selatan,1.04,1.1,0.0,13340.0,0.0,28.9,1.04,1.04,1.04,5.1,7.3,6.3,0.0,0.0,0.0,8800.0,380.0,200.0,0.0,0.2,0.2,28.8,28.7,28.6
2026-05-21 10:00:00,Blitar Selatan,1.04,4.1,0.0,7160.0,0.0,29.0,1.04,1.04,1.04,1.1,5.1,7.3,0.0,0.0,0.0,13340.0,8800.0,380.0,0.0,0.0,0.2,28.9,28.8,28.7
2026-05-21 11:00:00,Blitar Selatan,1.04,9.7,0.0,7920.0,0.2,29.2,1.04,1.04,1.04,4.1,1.1,5.1,0.0,0.0,0.0,7160.0,13340.0,8800.0,0.0,0.0,0.0,29.0,28.9,28.8
2026-05-21 12:00:00,Blitar Selatan,1.04,10.8,0.0,10840.0,0.3,29.4,1.04,1.04,1.04,9.7,4.1,1.1,0.0,0.0,0.0,7920.0,7160.0,13340.0,0.2,0.0,0.0,29.2,29.0,28.9
2026-05-21 13:00:00,Blitar Selatan,1.04,10.6,0.0,6960.0,0.4,29.4,1.04,1.04,1.04,10.8,9.7,4.1,0.0,0.0,0.0,10840.0,7920.0,7160.0,0.3,0.2,0.0,29.4,29.2,29.0
2026-05-21 14:00:00,Blitar Selatan,1.04,6.7,0.6,4320.0,0.6,29.4,1.04,1.04,1.04,10.6,10.8,9.7,0.0,0.0,0.0,6960.0,10840.0,7920.0,0.4,0.3,0.2,29.4,29.4,29.2
2026-05-21 15:00:00,Blitar Selatan,1.04,1.9,2.2,3500.0,0.8,29.4,1.04,1.04,1.04,6.7,10.6,10.8,0.6,0.0,0.0,4320.0,6960.0,10840.0,0.6,0.4,0.3,29.4,29.4,29.4
2026-05-21 16:00:00,Blitar Selatan,1.04,1.2,1.3,3940.0,0.9,29.4,1.04,1.04,1.04,1.9,6.7,10.6,2.2,0.6,0.0,3500.0,4320.0,6960.0,0.8,0.6,0.4,29.4,29.4,29.4
2026-05-21 17:00:00,Blitar Selatan,1.04,11.0,0.4,6680.0,1.0,29.3,1.04,1.04,1.04,1.2,1.9,6.7,1.3,2.2,0.6,3940.0,3500.0,4320.0,0.9,0.8,0.6,29.4,29.4,29.4
2026-05-21 18:00:00,Blitar Selatan,1.04,7.8,0.1,9540.0,0.8,29.2,1.04,1.04,1.04,11.0,1.2,1.9,0.4,1.3,2.2,6680.0,3940.0,3500.0,1.0,0.9,0.8,29.3,29.4,29.4
2026-05-21 19:00:00,Blitar Selatan,1.04,5.6,0.0,11260.0,0.5,29.2,1.04,1.04,1.04,7.8,11.0,1.2,0.1,0.4,1.3,9540.0,6680.0,3940.0,0.8,1.0,0.9,29.2,29.3,29.4
2026-05-21 20:00:00,Blitar Selatan,1.04,2.2,0.0,1780.0,0.5,29.1,1.04,1.04,1.04,5.6,7.8,11.0,0.0,0.1,0.4,11260.0,9540.0,6680.0,0.5,0.8,1.0,29.2,29.2,29.3
2026-05-21 21:00:00,Blitar Selatan,1.02,3.2,0.0,580.0,0.5,29.1,1.04,1.04,1.04,2.2,5.6,7.8,0.0,0.0,0.1,1780.0,11260.0,9540.0,0.5,0.5,0.8,29.1,29.2,29.2
2026-05-21 22:00:00,Blitar Selatan,1.02,3.9,0.0,320.0,0.5,29.1,1.02,1.04,1.04,3.2,2.2,5.6,0.0,0.0,0.0,580.0,1780.0,11260.0,0.5,0.5,0.5,29.1,29.1,29.2
2026-05-21 23:00:00,Blitar Selatan,1.02,3.1,0.0,240.0,0.5,29.0,1.02,1.02,1.04,3.9,3.2,2.2,0.0,0.0,0.0,320.0,580.0,1780.0,0.5,0.5,0.5,29.1,29.1,29.1
2026-05-22 00:00:00,Blitar Selatan,1.02,2.6,0.0,240.0,0.5,29.0,1.02,1.02,1.02,3.1,3.9,3.2,0.0,0.0,0.0,240.0,320.0,580.0,0.5,0.5,0.5,29.0,29.1,29.1
2026-05-22 01:00:00,Blitar Selatan,1.02,1.8,0.0,220.0,0.5,29.0,1.02,1.02,1.02,2.6,3.1,3.9,0.0,0.0,0.0,240.0,240.0,320.0,0.5,0.5,0.5,29.0,29.0,29.1
2026-05-22 02:00:00,Blitar Selatan,1.02,2.7,0.0,300.0,0.5,29.0,1.02,1.02,1.02,1.8,2.6,3.1,0.0,0.0,0.0,220.0,240.0,240.0,0.5,0.5,0.5,29.0,29.0,29.0
2026-05-22 03:00:00,Blitar Selatan,1.02,3.6,0.0,560.0,0.5,29.0,1.02,1.02,1.02,2.7,1.8,2.6,0.0,0.0,0.0,300.0,220.0,240.0,0.5,0.5,0.5,29.0,29.0,29.0
2026-05-22 04:00:00,Blitar Selatan,1.02,4.0,0.0,4440.0,0.5,28.9,1.02,1.02,1.02,3.6,2.7,1.8,0.0,0.0,0.0,560.0,300.0,220.0,0.5,0.5,0.5,29.0,29.0,29.0
2026-05-22 05:00:00,Blitar Selatan,1.02,3.5,0.1,5900.0,0.5,28.9,1.02,1.02,1.02,4.0,3.6,2.7,0.0,0.0,0.0,4440.0,560.0,300.0,0.5,0.5,0.5,28.9,29.0,29.0
2026-05-22 06:00:00,Blitar Selatan,1.0,4.0,0.1,7540.0,0.4,28.9,1.02,1.02,1.02,3.5,4.0,3.6,0.1,0.0,0.0,5900.0,4440.0,560.0,0.5,0.5,0.5,28.9,28.9,29.0
2026-05-22 07:00:00,Blitar Selatan,1.0,8.6,0.1,5480.0,0.4,28.9,1.0,1.02,1.02,4.0,3.5,4.0,0.1,0.1,0.0,7540.0,5900.0,4440.0,0.4,0.5,0.5,28.9,28.9,28.9
2026-05-22 08:00:00,Blitar Selatan,1.0,9.8,0.2,6320.0,0.4,29.0,1.0,1.0,1.02,8.6,4.0,3.5,0.1,0.1,0.1,5480.0,7540.0,5900.0,0.4,0.4,0.5,28.9,28.9,28.9
2026-05-22 09:00:00,Blitar Selatan,0.98,11.2,0.3,5620.0,0.4,29.1,1.0,1.0,1.0,9.8,8.6,4.0,0.2,0.1,0.1,6320.0,5480.0,7540.0,0.4,0.4,0.4,29.0,28.9,28.9
2026-05-22 10:00:00,Blitar Selatan,0.98,11.8,0.4,5140.0,0.4,29.2,0.98,1.0,1.0,11.2,9.8,8.6,0.3,0.2,0.1,5620.0,6320.0,5480.0,0.4,0.4,0.4,29.1,29.0,28.9
2026-05-22 11:00:00,Blitar Selatan,0.98,13.4,0.5,5060.0,0.4,29.4,0.98,0.98,1.0,11.8,11.2,9.8,0.4,0.3,0.2,5140.0,5620.0,6320.0,0.4,0.4,0.4,29.2,29.1,29.0
2026-05-22 12:00:00,Blitar Selatan,0.98,14.3,0.3,6640.0,0.3,29.5,0.98,0.98,0.98,13.4,11.8,11.2,0.5,0.4,0.3,5060.0,5140.0,5620.0,0.4,0.4,0.4,29.4,29.2,29.1
2026-05-22 13:00:00,Blitar Selatan,0.98,14.6,0.1,15000.0,0.3,29.5,0.98,0.98,0.98,14.3,13.4,11.8,0.3,0.5,0.4,6640.0,5060.0,5140.0,0.3,0.4,0.4,29.5,29.4,29.2
2026-05-22 14:00:00,Blitar Selatan,0.98,13.8,0.0,14460.0,0.3,29.5,0.98,0.98,0.98,14.6,14.3,13.4,0.1,0.3,0.5,15000.0,6640.0,5060.0,0.3,0.3,0.4,29.5,29.5,29.4
2026-05-22 15:00:00,Blitar Selatan,0.98,15.3,0.0,16000.0,0.3,29.5,0.98,0.98,0.98,13.8,14.6,14.3,0.0,0.1,0.3,14460.0,15000.0,6640.0,0.3,0.3,0.3,29.5,29.5,29.5
2026-05-22 16:00:00,Blitar Selatan,0.98,15.2,0.0,16940.0,0.4,29.5,0.98,0.98,0.98,15.3,13.8,14.6,0.0,0.0,0.1,16000.0,14460.0,15000.0,0.3,0.3,0.3,29.5,29.5,29.5
2026-05-22 17:00:00,Blitar Selatan,0.98,14.4,0.0,13880.0,0.3,29.4,0.98,0.98,0.98,15.2,15.3,13.8,0.0,0.0,0.0,16940.0,16000.0,14460.0,0.4,0.3,0.3,29.5,29.5,29.5
2026-05-22 18:00:00,Blitar Selatan,0.98,12.5,0.0,12700.0,0.2,29.4,0.98,0.98,0.98,14.4,15.2,15.3,0.0,0.0,0.0,13880.0,16940.0,16000.0,0.3,0.4,0.3,29.4,29.5,29.5
2026-05-22 19:00:00,Blitar Selatan,0.98,12.1,0.0,9540.0,0.3,29.4,0.98,0.98,0.98,12.5,14.4,15.2,0.0,0.0,0.0,12700.0,13880.0,16940.0,0.2,0.3,0.4,29.4,29.4,29.5
2026-05-22 20:00:00,Blitar Selatan,0.98,10.7,0.0,11420.0,0.2,29.4,0.98,0.98,0.98,12.1,12.5,14.4,0.0,0.0,0.0,9540.0,12700.0,13880.0,0.3,0.2,0.3,29.4,29.4,29.4
2026-05-22 21:00:00,Blitar Selatan,0.96,8.3,0.0,10900.0,0.4,29.3,0.98,0.98,0.98,10.7,12.1,12.5,0.0,0.0,0.0,11420.0,9540.0,12700.0,0.2,0.3,0.2,29.4,29.4,29.4
2026-05-22 22:00:00,Blitar Selatan,0.96,6.3,0.0,11060.0,0.4,29.3,0.96,0.98,0.98,8.3,10.7,12.1,0.0,0.0,0.0,10900.0,11420.0,9540.0,0.4,0.2,0.3,29.3,29.4,29.4
2026-05-22 23:00:00,Blitar Selatan,0.96,4.9,0.0,6040.0,0.4,29.3,0.96,0.96,0.98,6.3,8.3,10.7,0.0,0.0,0.0,11060.0,10900.0,11420.0,0.4,0.4,0.2,29.3,29.3,29.4
2026-05-23 00:00:00,Blitar Selatan,0.94,4.6,0.0,1480.0,0.4,29.2,0.96,0.96,0.96,4.9,6.3,8.3,0.0,0.0,0.0,6040.0,11060.0,10900.0,0.4,0.4,0.4,29.3,29.3,29.3
2026-05-23 01:00:00,Blitar Selatan,0.94,4.3,0.0,560.0,0.6,29.2,0.94,0.96,0.96,4.6,4.9,6.3,0.0,0.0,0.0,1480.0,6040.0,11060.0,0.4,0.4,0.4,29.2,29.3,29.3
2026-05-23 02:00:00,Blitar Selatan,0.94,5.2,0.0,300.0,0.6,29.2,0.94,0.94,0.96,4.3,4.6,4.9,0.0,0.0,0.0,560.0,1480.0,6040.0,0.6,0.4,0.4,29.2,29.2,29.3
2026-05-23 03:00:00,Blitar Selatan,0.94,6.2,0.0,220.0,0.6,29.2,0.94,0.94,0.94,5.2,4.3,4.6,0.0,0.0,0.0,300.0,560.0,1480.0,0.6,0.6,0.4,29.2,29.2,29.2
2026-05-23 04:00:00,Blitar Selatan,0.94,6.8,0.0,180.0,0.4,29.1,0.94,0.94,0.94,6.2,5.2,4.3,0.0,0.0,0.0,220.0,300.0,560.0,0.6,0.6,0.6,29.2,29.2,29.2
2026-05-23 05:00:00,Blitar Selatan,0.94,6.8,0.0,180.0,0.4,29.1,0.94,0.94,0.94,6.8,6.2,5.2,0.0,0.0,0.0,180.0,220.0,300.0,0.4,0.6,0.6,29.1,29.2,29.2
2026-05-23 06:00:00,Blitar Selatan,0.92,5.8,0.0,220.0,0.4,29.1,0.94,0.94,0.94,6.8,6.8,6.2,0.0,0.0,0.0,180.0,180.0,220.0,0.4,0.4,0.6,29.1,29.1,29.2
2026-05-23 07:00:00,Blitar Selatan,0.92,5.0,0.0,740.0,0.5,29.1,0.92,0.94,0.94,5.8,6.8,6.8,0.0,0.0,0.0,220.0,180.0,180.0,0.4,0.4,0.4,29.1,29.1,29.1
2026-05-23 08:00:00,Blitar Selatan,0.92,4.7,0.0,5180.0,0.5,29.2,0.92,0.92,0.94,5.0,5.8,6.8,0.0,0.0,0.0,740.0,220.0,180.0,0.5,0.4,0.4,29.1,29.1,29.1
2026-05-23 09:00:00,Blitar Selatan,0.92,10.6,0.1,4360.0,0.5,29.3,0.92,0.92,0.92,4.7,5.0,5.8,0.0,0.0,0.0,5180.0,740.0,220.0,0.5,0.5,0.4,29.2,29.1,29.1
2026-05-23 10:00:00,Blitar Selatan,0.92,14.9,0.2,5780.0,0.5,29.4,0.92,0.92,0.92,10.6,4.7,5.0,0.1,0.0,0.0,4360.0,5180.0,740.0,0.5,0.5,0.5,29.3,29.2,29.1
2026-05-23 11:00:00,Blitar Selatan,0.92,17.0,0.3,5060.0,0.4,29.5,0.92,0.92,0.92,14.9,10.6,4.7,0.2,0.1,0.0,5780.0,4360.0,5180.0,0.5,0.5,0.5,29.4,29.3,29.2
2026-05-23 12:00:00,Blitar Selatan,0.9,18.7,0.1,12060.0,0.4,29.6,0.92,0.92,0.92,17.0,14.9,10.6,0.3,0.2,0.1,5060.0,5780.0,4360.0,0.4,0.5,0.5,29.5,29.4,29.3
2026-05-23 13:00:00,Blitar Selatan,0.9,19.1,0.1,10620.0,0.2,29.6,0.9,0.92,0.92,18.7,17.0,14.9,0.1,0.3,0.2,12060.0,5060.0,5780.0,0.4,0.4,0.5,29.6,29.5,29.4
2026-05-23 14:00:00,Blitar Selatan,0.9,16.9,0.0,6340.0,0.2,29.6,0.9,0.9,0.92,19.1,18.7,17.0,0.1,0.1,0.3,10620.0,12060.0,5060.0,0.2,0.4,0.4,29.6,29.6,29.5
2026-05-23 15:00:00,Blitar Selatan,0.92,16.3,0.1,11160.0,0.2,29.6,0.9,0.9,0.9,16.9,19.1,18.7,0.0,0.1,0.1,6340.0,10620.0,12060.0,0.2,0.2,0.4,29.6,29.6,29.6
2026-05-23 16:00:00,Blitar Selatan,0.92,16.6,0.0,11540.0,0.2,29.6,0.92,0.9,0.9,16.3,16.9,19.1,0.1,0.0,0.1,11160.0,6340.0,10620.0,0.2,0.2,0.2,29.6,29.6,29.6
2026-05-23 17:00:00,Blitar Selatan,0.92,15.7,0.0,13820.0,0.2,29.5,0.92,0.92,0.9,16.6,16.3,16.9,0.0,0.1,0.0,11540.0,11160.0,6340.0,0.2,0.2,0.2,29.6,29.6,29.6
2026-05-23 18:00:00,Blitar Selatan,0.92,14.7,0.0,11740.0,0.2,29.5,0.92,0.92,0.92,15.7,16.6,16.3,0.0,0.0,0.1,13820.0,11540.0,11160.0,0.2,0.2,0.2,29.5,29.6,29.6
2026-05-23 19:00:00,Blitar Selatan,0.92,14.4,0.0,9800.0,0.2,29.5,0.92,0.92,0.92,14.7,15.7,16.6,0.0,0.0,0.0,11740.0,13820.0,11540.0,0.2,0.2,0.2,29.5,29.5,29.6
2026-05-23 20:00:00,Blitar Selatan,0.92,12.2,0.0,11300.0,0.4,29.4,0.92,0.92,0.92,14.4,14.7,15.7,0.0,0.0,0.0,9800.0,11740.0,13820.0,0.2,0.2,0.2,29.5,29.5,29.5
2026-05-23 21:00:00,Blitar Selatan,0.92,9.5,0.0,12800.0,0.4,29.4,0.92,0.92,0.92,12.2,14.4,14.7,0.0,0.0,0.0,11300.0,9800.0,11740.0,0.4,0.2,0.2,29.4,29.5,29.5
2026-05-23 22:00:00,Blitar Selatan,0.92,7.7,0.0,14300.0,0.4,29.4,0.92,0.92,0.92,9.5,12.2,14.4,0.0,0.0,0.0,12800.0,11300.0,9800.0,0.4,0.4,0.2,29.4,29.4,29.5
2026-05-23 23:00:00,Blitar Selatan,0.92,7.6,0.0,13280.0,0.4,29.4,0.92,0.92,0.92,7.7,9.5,12.2,0.0,0.0,0.0,14300.0,12800.0,11300.0,0.4,0.4,0.4,29.4,29.4,29.4
2026-05-24 00:00:00,Blitar Selatan,0.92,8.5,0.0,12280.0,0.5,29.3,0.92,0.92,0.92,7.6,7.7,9.5,0.0,0.0,0.0,13280.0,14300.0,12800.0,0.4,0.4,0.4,29.4,29.4,29.4
2026-05-24 01:00:00,Blitar Selatan,0.92,9.2,0.0,11260.0,0.5,29.3,0.92,0.92,0.92,8.5,7.6,7.7,0.0,0.0,0.0,12280.0,13280.0,14300.0,0.5,0.4,0.4,29.3,29.4,29.4
2026-05-24 02:00:00,Blitar Selatan,0.92,9.4,0.0,11180.0,0.6,29.2,0.92,0.92,0.92,9.2,8.5,7.6,0.0,0.0,0.0,11260.0,12280.0,13280.0,0.5,0.5,0.4,29.3,29.3,29.4
2026-05-24 03:00:00,Blitar Selatan,0.92,9.5,0.0,11120.0,0.8,29.2,0.92,0.92,0.92,9.4,9.2,8.5,0.0,0.0,0.0,11180.0,11260.0,12280.0,0.6,0.5,0.5,29.2,29.3,29.3
2026-05-24 04:00:00,Blitar Selatan,0.92,9.1,0.0,11040.0,0.8,29.2,0.92,0.92,0.92,9.5,9.4,9.2,0.0,0.0,0.0,11120.0,11180.0,11260.0,0.8,0.6,0.5,29.2,29.2,29.3
2026-05-24 05:00:00,Blitar Selatan,0.92,8.1,0.0,8020.0,0.9,29.1,0.92,0.92,0.92,9.1,9.5,9.4,0.0,0.0,0.0,11040.0,11120.0,11180.0,0.8,0.8,0.6,29.2,29.2,29.2
2026-05-24 06:00:00,Blitar Selatan,0.94,7.1,0.0,4980.0,0.9,29.1,0.92,0.92,0.92,8.1,9.1,9.5,0.0,0.0,0.0,8020.0,11040.0,11120.0,0.9,0.8,0.8,29.1,29.2,29.2
2026-05-24 07:00:00,Blitar Selatan,0.94,6.6,0.0,1960.0,1.0,29.1,0.94,0.92,0.92,7.1,8.1,9.1,0.0,0.0,0.0,4980.0,8020.0,11040.0,0.9,0.9,0.8,29.1,29.1,29.2
2026-05-24 08:00:00,Blitar Selatan,0.94,7.4,0.1,2500.0,1.0,29.2,0.94,0.94,0.92,6.6,7.1,8.1,0.0,0.0,0.0,1960.0,4980.0,8020.0,1.0,0.9,0.9,29.1,29.1,29.1
2026-05-24 09:00:00,Blitar Selatan,0.94,11.1,0.1,3040.0,1.0,29.3,0.94,0.94,0.94,7.4,6.6,7.1,0.1,0.0,0.0,2500.0,1960.0,4980.0,1.0,1.0,0.9,29.2,29.1,29.1
2026-05-24 10:00:00,Blitar Selatan,0.94,14.6,0.1,3580.0,1.2,29.4,0.94,0.94,0.94,11.1,7.4,6.6,0.1,0.1,0.0,3040.0,2500.0,1960.0,1.0,1.0,1.0,29.3,29.2,29.1
2026-05-24 11:00:00,Blitar Selatan,0.96,16.0,0.2,8040.0,0.9,29.5,0.94,0.94,0.94,14.6,11.1,7.4,0.1,0.1,0.1,3580.0,3040.0,2500.0,1.2,1.0,1.0,29.4,29.3,29.2
2026-05-24 12:00:00,Blitar Selatan,0.96,16.2,0.2,12520.0,0.9,29.5,0.96,0.94,0.94,16.0,14.6,11.1,0.2,0.1,0.1,8040.0,3580.0,3040.0,0.9,1.2,1.0,29.5,29.4,29.3
2026-05-24 13:00:00,Blitar Selatan,0.98,16.1,0.2,16980.0,0.8,29.6,0.96,0.96,0.94,16.2,16.0,14.6,0.2,0.2,0.1,12520.0,8040.0,3580.0,0.9,0.9,1.2,29.5,29.5,29.4
2026-05-24 14:00:00,Blitar Selatan,0.98,16.1,0.2,14340.0,0.8,29.6,0.98,0.96,0.96,16.1,16.2,16.0,0.2,0.2,0.2,16980.0,12520.0,8040.0,0.8,0.9,0.9,29.6,29.5,29.5
2026-05-24 15:00:00,Blitar Selatan,0.98,15.9,0.2,11700.0,0.8,29.5,0.98,0.98,0.96,16.1,16.1,16.2,0.2,0.2,0.2,14340.0,16980.0,12520.0,0.8,0.8,0.9,29.6,29.6,29.5
2026-05-24 16:00:00,Blitar Selatan,0.98,15.3,0.2,9060.0,0.8,29.5,0.98,0.98,0.98,15.9,16.1,16.1,0.2,0.2,0.2,11700.0,14340.0,16980.0,0.8,0.8,0.8,29.5,29.6,29.6
2026-05-24 17:00:00,Blitar Selatan,0.98,14.4,0.1,9660.0,0.8,29.4,0.98,0.98,0.98,15.3,15.9,16.1,0.2,0.2,0.2,9060.0,11700.0,14340.0,0.8,0.8,0.8,29.5,29.5,29.6
2026-05-24 18:00:00,Blitar Selatan,1.0,13.6,0.1,10280.0,0.8,29.4,0.98,0.98,0.98,14.4,15.3,15.9,0.1,0.2,0.2,9660.0,9060.0,11700.0,0.8,0.8,0.8,29.4,29.5,29.5
2026-05-24 19:00:00,Blitar Selatan,1.0,13.1,0.1,10880.0,0.8,29.3,1.0,0.98,0.98,13.6,14.4,15.3,0.1,0.1,0.2,10280.0,9660.0,9060.0,0.8,0.8,0.8,29.4,29.4,29.5
2026-05-24 20:00:00,Blitar Selatan,1.0,12.0,0.3,12000.0,0.8,29.2,1.0,1.0,0.98,13.1,13.6,14.4,0.1,0.1,0.1,10880.0,10280.0,9660.0,0.8,0.8,0.8,29.3,29.4,29.4
2026-05-24 21:00:00,Blitar Selatan,0.98,10.8,0.3,13100.0,0.8,29.2,1.0,1.0,1.0,12.0,13.1,13.6,0.3,0.1,0.1,12000.0,10880.0,10280.0,0.8,0.8,0.8,29.2,29.3,29.4
2026-05-24 22:00:00,Blitar Selatan,0.98,9.7,0.3,14220.0,0.8,29.2,0.98,1.0,1.0,10.8,12.0,13.1,0.3,0.3,0.1,13100.0,12000.0,10880.0,0.8,0.8,0.8,29.2,29.2,29.3
2026-05-24 23:00:00,Blitar Selatan,0.98,8.7,0.0,12360.0,0.8,29.1,0.98,0.98,1.0,9.7,10.8,12.0,0.3,0.3,0.3,14220.0,13100.0,12000.0,0.8,0.8,0.8,29.2,29.2,29.2
2026-05-25 00:00:00,Blitar Selatan,0.98,7.6,0.0,10480.0,1.0,29.1,0.98,0.98,0.98,8.7,9.7,10.8,0.0,0.3,0.3,12360.0,14220.0,13100.0,0.8,0.8,0.8,29.1,29.2,29.2
2026-05-25 01:00:00,Blitar Selatan,0.98,7.0,0.0,8620.0,1.0,29.1,0.98,0.98,0.98,7.6,8.7,9.7,0.0,0.0,0.3,10480.0,12360.0,14220.0,1.0,0.8,0.8,29.1,29.1,29.2
2026-05-25 02:00:00,Blitar Selatan,0.98,7.0,0.0,9320.0,1.0,29.1,0.98,0.98,0.98,7.0,7.6,8.7,0.0,0.0,0.0,8620.0,10480.0,12360.0,1.0,1.0,0.8,29.1,29.1,29.1
2026-05-25 03:00:00,Blitar Selatan,0.98,7.5,0.0,10020.0,1.0,29.0,0.98,0.98,0.98,7.0,7.0,7.6,0.0,0.0,0.0,9320.0,8620.0,10480.0,1.0,1.0,1.0,29.1,29.1,29.1
2026-05-25 04:00:00,Blitar Selatan,0.98,7.6,0.0,10720.0,1.2,29.0,0.98,0.98,0.98,7.5,7.0,7.0,0.0,0.0,0.0,10020.0,9320.0,8620.0,1.0,1.0,1.0,29.0,29.1,29.1
2026-05-25 05:00:00,Blitar Selatan,1.0,6.5,0.0,11720.0,1.0,29.0,0.98,0.98,0.98,7.6,7.5,7.0,0.0,0.0,0.0,10720.0,10020.0,9320.0,1.2,1.0,1.0,29.0,29.0,29.1
2026-05-25 06:00:00,Blitar Selatan,1.02,5.2,0.0,12740.0,1.0,29.0,1.0,0.98,0.98,6.5,7.6,7.5,0.0,0.0,0.0,11720.0,10720.0,10020.0,1.0,1.2,1.0,29.0,29.0,29.0
2026-05-25 07:00:00,Blitar Selatan,1.04,4.7,0.0,13740.0,0.9,29.0,1.02,1.0,0.98,5.2,6.5,7.6,0.0,0.0,0.0,12740.0,11720.0,10720.0,1.0,1.0,1.2,29.0,29.0,29.0
2026-05-25 08:00:00,Blitar Selatan,1.06,6.6,0.0,15440.0,0.9,29.1,1.04,1.02,1.0,4.7,5.2,6.5,0.0,0.0,0.0,13740.0,12740.0,11720.0,0.9,1.0,1.0,29.0,29.0,29.0
2026-05-25 09:00:00,Blitar Selatan,1.06,11.1,0.0,17120.0,0.8,29.1,1.06,1.04,1.02,6.6,4.7,5.2,0.0,0.0,0.0,15440.0,13740.0,12740.0,0.9,0.9,1.0,29.1,29.0,29.0
2026-05-25 10:00:00,Blitar Selatan,1.08,15.1,0.0,18820.0,0.8,29.2,1.06,1.06,1.04,11.1,6.6,4.7,0.0,0.0,0.0,17120.0,15440.0,13740.0,0.8,0.9,0.9,29.1,29.1,29.0
2026-05-25 11:00:00,Blitar Selatan,1.1,17.3,0.0,18220.0,0.6,29.2,1.08,1.06,1.06,15.1,11.1,6.6,0.0,0.0,0.0,18820.0,17120.0,15440.0,0.8,0.8,0.9,29.2,29.1,29.1
2026-05-25 12:00:00,Blitar Selatan,1.12,18.6,0.0,17600.0,0.5,29.3,1.1,1.08,1.06,17.3,15.1,11.1,0.0,0.0,0.0,18220.0,18820.0,17120.0,0.6,0.8,0.8,29.2,29.2,29.1
2026-05-25 13:00:00,Blitar Selatan,1.14,19.3,0.0,17000.0,0.5,29.3,1.12,1.1,1.08,18.6,17.3,15.1,0.0,0.0,0.0,17600.0,18220.0,18820.0,0.5,0.6,0.8,29.3,29.2,29.2
2026-05-25 14:00:00,Blitar Selatan,1.16,19.7,0.0,15720.0,0.5,29.3,1.14,1.12,1.1,19.3,18.6,17.3,0.0,0.0,0.0,17000.0,17600.0,18220.0,0.5,0.5,0.6,29.3,29.3,29.2
2026-05-25 15:00:00,Blitar Selatan,1.16,19.6,0.0,14440.0,0.5,29.3,1.16,1.14,1.12,19.7,19.3,18.6,0.0,0.0,0.0,15720.0,17000.0,17600.0,0.5,0.5,0.5,29.3,29.3,29.3
2026-05-25 16:00:00,Blitar Selatan,1.18,19.1,0.0,13160.0,0.4,29.3,1.16,1.16,1.14,19.6,19.7,19.3,0.0,0.0,0.0,14440.0,15720.0,17000.0,0.5,0.5,0.5,29.3,29.3,29.3
2026-05-25 17:00:00,Blitar Selatan,1.18,17.8,0.0,13000.0,0.3,29.2,1.18,1.16,1.16,19.1,19.6,19.7,0.0,0.0,0.0,13160.0,14440.0,15720.0,0.4,0.5,0.5,29.3,29.3,29.3
2026-05-25 18:00:00,Blitar Selatan,1.2,16.1,0.0,12820.0,0.2,29.2,1.18,1.18,1.16,17.8,19.1,19.6,0.0,0.0,0.0,13000.0,13160.0,14440.0,0.3,0.4,0.5,29.2,29.3,29.3
2026-05-25 19:00:00,Blitar Selatan,1.2,14.7,0.0,12660.0,0.2,29.2,1.2,1.18,1.18,16.1,17.8,19.1,0.0,0.0,0.0,12820.0,13000.0,13160.0,0.2,0.3,0.4,29.2,29.2,29.3
2026-05-25 20:00:00,Blitar Selatan,1.2,13.0,0.0,12420.0,0.2,29.1,1.2,1.2,1.18,14.7,16.1,17.8,0.0,0.0,0.0,12660.0,12820.0,13000.0,0.2,0.2,0.3,29.2,29.2,29.2
2026-05-25 21:00:00,Blitar Selatan,1.22,11.5,0.0,12160.0,0.2,29.1,1.2,1.2,1.2,13.0,14.7,16.1,0.0,0.0,0.0,12420.0,12660.0,12820.0,0.2,0.2,0.2,29.1,29.2,29.2
2026-05-25 22:00:00,Blitar Selatan,1.22,9.7,0.0,11920.0,0.2,29.1,1.22,1.2,1.2,11.5,13.0,14.7,0.0,0.0,0.0,12160.0,12420.0,12660.0,0.2,0.2,0.2,29.1,29.1,29.2
2026-05-25 23:00:00,Blitar Selatan,1.22,7.0,0.0,12020.0,0.2,29.0,1.22,1.22,1.2,9.7,11.5,13.0,0.0,0.0,0.0,11920.0,12160.0,12420.0,0.2,0.2,0.2,29.1,29.1,29.1
2026-05-26 00:00:00,Blitar Selatan,1.22,3.8,0.0,12140.0,0.2,29.0,1.22,1.22,1.22,7.0,9.7,11.5,0.0,0.0,0.0,12020.0,11920.0,12160.0,0.2,0.2,0.2,29.0,29.1,29.1
2026-05-26 01:00:00,Blitar Selatan,1.22,1.5,0.0,12240.0,0.2,29.0,1.22,1.22,1.22,3.8,7.0,9.7,0.0,0.0,0.0,12140.0,12020.0,11920.0,0.2,0.2,0.2,29.0,29.0,29.1
2026-05-26 02:00:00,Blitar Selatan,1.22,10.4,0.0,10700.0,0.2,28.9,1.22,1.22,1.22,1.5,3.8,7.0,0.0,0.0,0.0,12240.0,12140.0,12020.0,0.2,0.2,0.2,29.0,29.0,29.0
2026-05-26 03:00:00,Blitar Selatan,1.22,10.5,0.0,9440.0,0.3,28.9,1.22,1.22,1.22,10.4,1.5,3.8,0.0,0.0,0.0,10700.0,12240.0,12140.0,0.2,0.2,0.2,28.9,29.0,29.0
2026-05-26 04:00:00,Blitar Selatan,1.22,10.5,0.0,8200.0,0.3,28.9,1.22,1.22,1.22,10.5,10.4,1.5,0.0,0.0,0.0,9440.0,10700.0,12240.0,0.3,0.2,0.2,28.9,28.9,29.0
2026-05-26 05:00:00,Blitar Selatan,1.22,10.8,0.0,6940.0,0.4,28.8,1.22,1.22,1.22,10.5,10.5,10.4,0.0,0.0,0.0,8200.0,9440.0,10700.0,0.3,0.3,0.2,28.9,28.9,28.9
2026-05-26 06:00:00,Blitar Selatan,1.24,11.3,0.0,5700.0,0.4,28.8,1.22,1.22,1.22,10.8,10.5,10.5,0.0,0.0,0.0,6940.0,8200.0,9440.0,0.4,0.3,0.3,28.8,28.9,28.9
2026-05-26 07:00:00,Blitar Selatan,1.24,12.1,0.0,4440.0,0.4,28.8,1.24,1.22,1.22,11.3,10.8,10.5,0.0,0.0,0.0,5700.0,6940.0,8200.0,0.4,0.4,0.3,28.8,28.8,28.9
2026-05-26 08:00:00,Blitar Selatan,1.26,13.5,0.1,5120.0,0.5,28.8,1.24,1.24,1.22,12.1,11.3,10.8,0.0,0.0,0.0,4440.0,5700.0,6940.0,0.4,0.4,0.4,28.8,28.8,28.8
2026-05-26 09:00:00,Blitar Selatan,1.28,15.9,0.1,5800.0,0.5,28.8,1.26,1.24,1.24,13.5,12.1,11.3,0.1,0.0,0.0,5120.0,4440.0,5700.0,0.5,0.4,0.4,28.8,28.8,28.8
2026-05-26 10:00:00,Blitar Selatan,1.3,18.9,0.1,6500.0,0.5,28.8,1.28,1.26,1.24,15.9,13.5,12.1,0.1,0.1,0.0,5800.0,5120.0,4440.0,0.5,0.5,0.4,28.8,28.8,28.8
2026-05-26 11:00:00,Blitar Selatan,1.32,21.9,0.1,7180.0,0.6,28.8,1.3,1.28,1.26,18.9,15.9,13.5,0.1,0.1,0.1,6500.0,5800.0,5120.0,0.5,0.5,0.5,28.8,28.8,28.8
2026-05-26 12:00:00,Blitar Selatan,1.36,24.4,0.1,7860.0,0.6,28.9,1.32,1.3,1.28,21.9,18.9,15.9,0.1,0.1,0.1,7180.0,6500.0,5800.0,0.6,0.5,0.5,28.8,28.8,28.8
2026-05-26 13:00:00,Blitar Selatan,1.38,25.7,0.1,8540.0,0.6,28.9,1.36,1.32,1.3,24.4,21.9,18.9,0.1,0.1,0.1,7860.0,7180.0,6500.0,0.6,0.6,0.5,28.9,28.8,28.8
2026-05-26 14:00:00,Blitar Selatan,1.4,25.6,0.1,9620.0,0.6,28.9,1.38,1.36,1.32,25.7,24.4,21.9,0.1,0.1,0.1,8540.0,7860.0,7180.0,0.6,0.6,0.6,28.9,28.9,28.8
2026-05-26 15:00:00,Blitar Selatan,1.4,24.3,0.1,10700.0,0.6,28.8,1.4,1.38,1.36,25.6,25.7,24.4,0.1,0.1,0.1,9620.0,8540.0,7860.0,0.6,0.6,0.6,28.9,28.9,28.9
2026-05-26 16:00:00,Blitar Selatan,1.42,22.7,0.1,11780.0,0.6,28.8,1.4,1.4,1.38,24.3,25.6,25.7,0.1,0.1,0.1,10700.0,9620.0,8540.0,0.6,0.6,0.6,28.8,28.9,28.9
2026-05-26 17:00:00,Blitar Selatan,1.42,20.5,0.1,12840.0,0.6,28.8,1.42,1.4,1.4,22.7,24.3,25.6,0.1,0.1,0.1,11780.0,10700.0,9620.0,0.6,0.6,0.6,28.8,28.8,28.9
2026-05-26 18:00:00,Blitar Selatan,1.4,18.6,0.1,13920.0,0.6,28.8,1.42,1.42,1.4,20.5,22.7,24.3,0.1,0.1,0.1,12840.0,11780.0,10700.0,0.6,0.6,0.6,28.8,28.8,28.8
2026-05-26 19:00:00,Blitar Selatan,1.4,17.1,0.1,15000.0,0.6,28.7,1.4,1.42,1.42,18.6,20.5,22.7,0.1,0.1,0.1,13920.0,12840.0,11780.0,0.6,0.6,0.6,28.8,28.8,28.8
2026-05-26 20:00:00,Blitar Selatan,1.4,15.7,0.0,14740.0,0.5,28.6,1.4,1.4,1.42,17.1,18.6,20.5,0.1,0.1,0.1,15000.0,13920.0,12840.0,0.6,0.6,0.6,28.7,28.8,28.8
2026-05-26 21:00:00,Blitar Selatan,1.38,14.5,0.0,14480.0,0.5,28.6,1.4,1.4,1.4,15.7,17.1,18.6,0.0,0.1,0.1,14740.0,15000.0,13920.0,0.5,0.6,0.6,28.6,28.7,28.8
2026-05-26 22:00:00,Blitar Selatan,1.38,13.2,0.0,14220.0,0.5,28.6,1.38,1.4,1.4,14.5,15.7,17.1,0.0,0.0,0.1,14480.0,14740.0,15000.0,0.5,0.5,0.6,28.6,28.6,28.7
2026-05-26 23:00:00,Blitar Selatan,1.38,12.2,0.0,13960.0,0.5,28.5,1.38,1.38,1.4,13.2,14.5,15.7,0.0,0.0,0.0,14220.0,14480.0,14740.0,0.5,0.5,0.5,28.6,28.6,28.6
2026-05-20 03:00:00,Brondong,0.1,5.8,0.0,10340.0,0.4,30.9,0.1,0.1,0.1,5.4,5.6,5.3,0.0,0.0,0.0,10340.0,12540.0,12540.0,0.4,0.4,0.4,30.9,30.9,31.0
2026-05-20 04:00:00,Brondong,0.1,4.4,0.0,10340.0,0.4,30.8,0.1,0.1,0.1,5.8,5.4,5.6,0.0,0.0,0.0,10340.0,10340.0,12540.0,0.4,0.4,0.4,30.9,30.9,30.9
2026-05-20 05:00:00,Brondong,0.1,3.2,0.0,10340.0,0.4,30.8,0.1,0.1,0.1,4.4,5.8,5.4,0.0,0.0,0.0,10340.0,10340.0,10340.0,0.4,0.4,0.4,30.8,30.9,30.9
2026-05-20 06:00:00,Brondong,0.08,4.9,0.0,10340.0,0.4,30.8,0.1,0.1,0.1,3.2,4.4,5.8,0.0,0.0,0.0,10340.0,10340.0,10340.0,0.4,0.4,0.4,30.8,30.8,30.9
2026-05-20 07:00:00,Brondong,0.08,4.0,0.0,12280.0,0.4,30.8,0.08,0.1,0.1,4.9,3.2,4.4,0.0,0.0,0.0,10340.0,10340.0,10340.0,0.4,0.4,0.4,30.8,30.8,30.8
2026-05-20 08:00:00,Brondong,0.08,7.6,0.0,13180.0,0.4,30.8,0.08,0.08,0.1,4.0,4.9,3.2,0.0,0.0,0.0,12280.0,10340.0,10340.0,0.4,0.4,0.4,30.8,30.8,30.8
2026-05-20 09:00:00,Brondong,0.08,9.3,0.0,10860.0,0.5,30.9,0.08,0.08,0.08,7.6,4.0,4.9,0.0,0.0,0.0,13180.0,12280.0,10340.0,0.4,0.4,0.4,30.8,30.8,30.8
2026-05-20 10:00:00,Brondong,0.08,10.1,0.1,7640.0,0.5,30.9,0.08,0.08,0.08,9.3,7.6,4.0,0.0,0.0,0.0,10860.0,13180.0,12280.0,0.5,0.4,0.4,30.9,30.8,30.8
2026-05-20 11:00:00,Brondong,0.08,12.2,0.2,9180.0,0.7,31.0,0.08,0.08,0.08,10.1,9.3,7.6,0.1,0.0,0.0,7640.0,10860.0,13180.0,0.5,0.5,0.4,30.9,30.9,30.8
2026-05-20 12:00:00,Brondong,0.08,14.9,0.1,11920.0,0.7,31.0,0.08,0.08,0.08,12.2,10.1,9.3,0.2,0.1,0.0,9180.0,7640.0,10860.0,0.7,0.5,0.5,31.0,30.9,30.9
2026-05-20 13:00:00,Brondong,0.08,16.5,0.0,16600.0,0.7,31.0,0.08,0.08,0.08,14.9,12.2,10.1,0.1,0.2,0.1,11920.0,9180.0,7640.0,0.7,0.7,0.5,31.0,31.0,30.9
2026-05-20 14:00:00,Brondong,0.12,16.1,0.0,15020.0,0.7,31.0,0.08,0.08,0.08,16.5,14.9,12.2,0.0,0.1,0.2,16600.0,11920.0,9180.0,0.7,0.7,0.7,31.0,31.0,31.0
2026-05-20 15:00:00,Brondong,0.16,15.2,0.0,16600.0,0.6,31.1,0.12,0.08,0.08,16.1,16.5,14.9,0.0,0.0,0.1,15020.0,16600.0,11920.0,0.7,0.7,0.7,31.0,31.0,31.0
2026-05-20 16:00:00,Brondong,0.2,13.6,0.0,16600.0,0.5,31.1,0.16,0.12,0.08,15.2,16.1,16.5,0.0,0.0,0.0,16600.0,15020.0,16600.0,0.6,0.7,0.7,31.1,31.0,31.0
2026-05-20 17:00:00,Brondong,0.18,9.5,0.0,16600.0,0.5,31.0,0.2,0.16,0.12,13.6,15.2,16.1,0.0,0.0,0.0,16600.0,16600.0,15020.0,0.5,0.6,0.7,31.1,31.1,31.0
2026-05-20 18:00:00,Brondong,0.18,8.3,0.0,14540.0,0.5,31.0,0.18,0.2,0.16,9.5,13.6,15.2,0.0,0.0,0.0,16600.0,16600.0,16600.0,0.5,0.5,0.6,31.0,31.1,31.1
2026-05-20 19:00:00,Brondong,0.16,7.6,0.0,11860.0,0.5,31.0,0.18,0.18,0.2,8.3,9.5,13.6,0.0,0.0,0.0,14540.0,16600.0,16600.0,0.5,0.5,0.5,31.0,31.0,31.1
2026-05-20 20:00:00,Brondong,0.16,7.6,0.0,12880.0,0.5,31.0,0.16,0.18,0.18,7.6,8.3,9.5,0.0,0.0,0.0,11860.0,14540.0,16600.0,0.5,0.5,0.5,31.0,31.0,31.0
2026-05-20 21:00:00,Brondong,0.14,8.3,0.0,11740.0,0.5,31.0,0.16,0.16,0.18,7.6,7.6,8.3,0.0,0.0,0.0,12880.0,11860.0,14540.0,0.5,0.5,0.5,31.0,31.0,31.0
2026-05-20 22:00:00,Brondong,0.14,9.3,0.0,12120.0,0.4,31.0,0.14,0.16,0.16,8.3,7.6,7.6,0.0,0.0,0.0,11740.0,12880.0,11860.0,0.5,0.5,0.5,31.0,31.0,31.0
2026-05-20 23:00:00,Brondong,0.14,7.4,0.0,12300.0,0.4,31.0,0.14,0.14,0.16,9.3,8.3,7.6,0.0,0.0,0.0,12120.0,11740.0,12880.0,0.4,0.5,0.5,31.0,31.0,31.0
2026-05-21 00:00:00,Brondong,0.14,6.6,0.0,10260.0,0.4,31.0,0.14,0.14,0.14,7.4,9.3,8.3,0.0,0.0,0.0,12300.0,12120.0,11740.0,0.4,0.4,0.5,31.0,31.0,31.0
2026-05-21 01:00:00,Brondong,0.14,6.0,0.0,10320.0,0.4,30.9,0.14,0.14,0.14,6.6,7.4,9.3,0.0,0.0,0.0,10260.0,12300.0,12120.0,0.4,0.4,0.4,31.0,31.0,31.0
2026-05-21 02:00:00,Brondong,0.14,5.9,0.0,10380.0,0.4,30.9,0.14,0.14,0.14,6.0,6.6,7.4,0.0,0.0,0.0,10320.0,10260.0,12300.0,0.4,0.4,0.4,30.9,31.0,31.0
2026-05-21 03:00:00,Brondong,0.14,6.1,0.0,10380.0,0.4,30.9,0.14,0.14,0.14,5.9,6.0,6.6,0.0,0.0,0.0,10380.0,10320.0,10260.0,0.4,0.4,0.4,30.9,30.9,31.0
2026-05-21 04:00:00,Brondong,0.14,5.6,0.0,10380.0,0.4,30.8,0.14,0.14,0.14,6.1,5.9,6.0,0.0,0.0,0.0,10380.0,10380.0,10320.0,0.4,0.4,0.4,30.9,30.9,30.9
2026-05-21 05:00:00,Brondong,0.14,5.2,0.0,10380.0,0.4,30.8,0.14,0.14,0.14,5.6,6.1,5.9,0.0,0.0,0.0,10380.0,10380.0,10380.0,0.4,0.4,0.4,30.8,30.9,30.9
2026-05-21 06:00:00,Brondong,0.14,5.7,0.0,10380.0,0.4,30.8,0.14,0.14,0.14,5.2,5.6,6.1,0.0,0.0,0.0,10380.0,10380.0,10380.0,0.4,0.4,0.4,30.8,30.8,30.9
2026-05-21 07:00:00,Brondong,0.14,4.5,0.0,11760.0,0.4,30.8,0.14,0.14,0.14,5.7,5.2,5.6,0.0,0.0,0.0,10380.0,10380.0,10380.0,0.4,0.4,0.4,30.8,30.8,30.8
2026-05-21 08:00:00,Brondong,0.14,7.6,0.0,9660.0,0.4,30.8,0.14,0.14,0.14,4.5,5.7,5.2,0.0,0.0,0.0,11760.0,10380.0,10380.0,0.4,0.4,0.4,30.8,30.8,30.8
2026-05-21 09:00:00,Brondong,0.14,10.4,0.1,8140.0,0.4,30.9,0.14,0.14,0.14,7.6,4.5,5.7,0.0,0.0,0.0,9660.0,11760.0,10380.0,0.4,0.4,0.4,30.8,30.8,30.8
2026-05-21 10:00:00,Brondong,0.14,10.8,0.1,10940.0,0.5,31.0,0.14,0.14,0.14,10.4,7.6,4.5,0.1,0.0,0.0,8140.0,9660.0,11760.0,0.4,0.4,0.4,30.9,30.8,30.8
2026-05-21 11:00:00,Brondong,0.14,9.9,0.0,12140.0,0.5,31.0,0.14,0.14,0.14,10.8,10.4,7.6,0.1,0.1,0.0,10940.0,8140.0,9660.0,0.5,0.4,0.4,31.0,30.9,30.8
2026-05-21 12:00:00,Brondong,0.14,11.1,0.0,11500.0,0.5,31.1,0.14,0.14,0.14,9.9,10.8,10.4,0.0,0.1,0.1,12140.0,10940.0,8140.0,0.5,0.5,0.4,31.0,31.0,30.9
2026-05-21 13:00:00,Brondong,0.14,10.2,0.0,8500.0,0.7,31.1,0.14,0.14,0.14,11.1,9.9,10.8,0.0,0.0,0.1,11500.0,12140.0,10940.0,0.5,0.5,0.5,31.1,31.0,31.0
2026-05-21 14:00:00,Brondong,0.14,10.4,0.1,9380.0,0.7,31.1,0.14,0.14,0.14,10.2,11.1,9.9,0.0,0.0,0.0,8500.0,11500.0,12140.0,0.7,0.5,0.5,31.1,31.1,31.0
2026-05-21 15:00:00,Brondong,0.12,8.2,0.1,7560.0,0.7,31.1,0.14,0.14,0.14,10.4,10.2,11.1,0.1,0.0,0.0,9380.0,8500.0,11500.0,0.7,0.7,0.5,31.1,31.1,31.1
2026-05-21 16:00:00,Brondong,0.12,5.8,0.1,2680.0,0.5,31.1,0.12,0.14,0.14,8.2,10.4,10.2,0.1,0.1,0.0,7560.0,9380.0,8500.0,0.7,0.7,0.7,31.1,31.1,31.1
2026-05-21 17:00:00,Brondong,0.12,9.8,1.1,4520.0,0.5,31.1,0.12,0.12,0.14,5.8,8.2,10.4,0.1,0.1,0.1,2680.0,7560.0,9380.0,0.5,0.7,0.7,31.1,31.1,31.1
2026-05-21 18:00:00,Brondong,0.12,8.8,0.2,7060.0,0.5,31.1,0.12,0.12,0.12,9.8,5.8,8.2,1.1,0.1,0.1,4520.0,2680.0,7560.0,0.5,0.5,0.7,31.1,31.1,31.1
2026-05-21 19:00:00,Brondong,0.12,4.3,0.0,9160.0,0.4,31.1,0.12,0.12,0.12,8.8,9.8,5.8,0.2,1.1,0.1,7060.0,4520.0,2680.0,0.5,0.5,0.5,31.1,31.1,31.1
2026-05-21 20:00:00,Brondong,0.12,6.2,0.0,6960.0,0.4,31.1,0.12,0.12,0.12,4.3,8.8,9.8,0.0,0.2,1.1,9160.0,7060.0,4520.0,0.4,0.5,0.5,31.1,31.1,31.1
2026-05-21 21:00:00,Brondong,0.14,6.1,0.0,7100.0,0.4,31.0,0.12,0.12,0.12,6.2,4.3,8.8,0.0,0.0,0.2,6960.0,9160.0,7060.0,0.4,0.4,0.5,31.1,31.1,31.1
2026-05-21 22:00:00,Brondong,0.14,8.1,0.0,7140.0,0.4,31.0,0.14,0.12,0.12,6.1,6.2,4.3,0.0,0.0,0.0,7100.0,6960.0,9160.0,0.4,0.4,0.4,31.0,31.1,31.1
2026-05-21 23:00:00,Brondong,0.14,9.0,0.0,7060.0,0.4,31.0,0.14,0.14,0.12,8.1,6.1,6.2,0.0,0.0,0.0,7140.0,7100.0,6960.0,0.4,0.4,0.4,31.0,31.0,31.1
2026-05-22 00:00:00,Brondong,0.14,8.6,0.0,7140.0,0.4,31.0,0.14,0.14,0.14,9.0,8.1,6.1,0.0,0.0,0.0,7060.0,7140.0,7100.0,0.4,0.4,0.4,31.0,31.0,31.0
2026-05-22 01:00:00,Brondong,0.14,7.9,0.0,7120.0,0.2,31.0,0.14,0.14,0.14,8.6,9.0,8.1,0.0,0.0,0.0,7140.0,7060.0,7140.0,0.4,0.4,0.4,31.0,31.0,31.0
2026-05-22 02:00:00,Brondong,0.16,5.2,0.0,7140.0,0.2,30.9,0.14,0.14,0.14,7.9,8.6,9.0,0.0,0.0,0.0,7120.0,7140.0,7060.0,0.2,0.4,0.4,31.0,31.0,31.0
2026-05-22 03:00:00,Brondong,0.16,6.4,0.0,7160.0,0.2,30.9,0.16,0.14,0.14,5.2,7.9,8.6,0.0,0.0,0.0,7140.0,7120.0,7140.0,0.2,0.2,0.4,30.9,31.0,31.0
2026-05-22 04:00:00,Brondong,0.18,8.0,0.0,7180.0,0.2,30.8,0.16,0.16,0.14,6.4,5.2,7.9,0.0,0.0,0.0,7160.0,7140.0,7120.0,0.2,0.2,0.2,30.9,30.9,31.0
2026-05-22 05:00:00,Brondong,0.16,10.2,0.0,7200.0,0.2,30.8,0.18,0.16,0.16,8.0,6.4,5.2,0.0,0.0,0.0,7180.0,7160.0,7140.0,0.2,0.2,0.2,30.8,30.9,30.9
2026-05-22 06:00:00,Brondong,0.16,10.4,0.0,10420.0,0.2,30.8,0.16,0.18,0.16,10.2,8.0,6.4,0.0,0.0,0.0,7200.0,7180.0,7160.0,0.2,0.2,0.2,30.8,30.8,30.9
2026-05-22 07:00:00,Brondong,0.14,10.6,0.0,10420.0,0.4,30.8,0.16,0.16,0.18,10.4,10.2,8.0,0.0,0.0,0.0,10420.0,7200.0,7180.0,0.2,0.2,0.2,30.8,30.8,30.8
2026-05-22 08:00:00,Brondong,0.14,11.5,0.0,12640.0,0.4,30.8,0.14,0.16,0.16,10.6,10.4,10.2,0.0,0.0,0.0,10420.0,10420.0,7200.0,0.4,0.2,0.2,30.8,30.8,30.8
2026-05-22 09:00:00,Brondong,0.14,13.7,0.0,12740.0,0.4,30.9,0.14,0.14,0.16,11.5,10.6,10.4,0.0,0.0,0.0,12640.0,10420.0,10420.0,0.4,0.4,0.2,30.8,30.8,30.8
2026-05-22 10:00:00,Brondong,0.14,7.8,0.0,9020.0,0.4,31.0,0.14,0.14,0.14,13.7,11.5,10.6,0.0,0.0,0.0,12740.0,12640.0,10420.0,0.4,0.4,0.4,30.9,30.8,30.8
2026-05-22 11:00:00,Brondong,0.14,3.1,0.3,6060.0,0.4,31.1,0.14,0.14,0.14,7.8,13.7,11.5,0.0,0.0,0.0,9020.0,12740.0,12640.0,0.4,0.4,0.4,31.0,30.9,30.8
2026-05-22 12:00:00,Brondong,0.14,9.1,0.2,5560.0,0.6,31.2,0.14,0.14,0.14,3.1,7.8,13.7,0.3,0.0,0.0,6060.0,9020.0,12740.0,0.4,0.4,0.4,31.1,31.0,30.9
2026-05-22 13:00:00,Brondong,0.14,12.3,0.9,5960.0,0.6,31.3,0.14,0.14,0.14,9.1,3.1,7.8,0.2,0.3,0.0,5560.0,6060.0,9020.0,0.6,0.4,0.4,31.2,31.1,31.0
2026-05-22 14:00:00,Brondong,0.14,7.0,0.3,6380.0,0.6,31.3,0.14,0.14,0.14,12.3,9.1,3.1,0.9,0.2,0.3,5960.0,5560.0,6060.0,0.6,0.6,0.4,31.3,31.2,31.1
2026-05-22 15:00:00,Brondong,0.14,6.4,0.2,6980.0,0.5,31.2,0.14,0.14,0.14,7.0,12.3,9.1,0.3,0.9,0.2,6380.0,5960.0,5560.0,0.6,0.6,0.6,31.3,31.3,31.2
2026-05-22 16:00:00,Brondong,0.14,3.4,0.1,9300.0,0.5,31.2,0.14,0.14,0.14,6.4,7.0,12.3,0.2,0.3,0.9,6980.0,6380.0,5960.0,0.5,0.6,0.6,31.2,31.3,31.3
2026-05-22 17:00:00,Brondong,0.14,6.0,2.2,2020.0,0.5,31.1,0.14,0.14,0.14,3.4,6.4,7.0,0.1,0.2,0.3,9300.0,6980.0,6380.0,0.5,0.5,0.6,31.2,31.2,31.3
2026-05-22 18:00:00,Brondong,0.14,9.4,2.9,3300.0,0.5,31.0,0.14,0.14,0.14,6.0,3.4,6.4,2.2,0.1,0.2,2020.0,9300.0,6980.0,0.5,0.5,0.5,31.1,31.2,31.2
2026-05-22 19:00:00,Brondong,0.14,6.9,0.6,4460.0,0.4,31.0,0.14,0.14,0.14,9.4,6.0,3.4,2.9,2.2,0.1,3300.0,2020.0,9300.0,0.5,0.5,0.5,31.0,31.1,31.2
2026-05-22 20:00:00,Brondong,0.14,6.6,0.1,8420.0,0.4,31.0,0.14,0.14,0.14,6.9,9.4,6.0,0.6,2.9,2.2,4460.0,3300.0,2020.0,0.4,0.5,0.5,31.0,31.0,31.1
2026-05-22 21:00:00,Brondong,0.14,2.9,0.7,2760.0,0.4,31.0,0.14,0.14,0.14,6.6,6.9,9.4,0.1,0.6,2.9,8420.0,4460.0,3300.0,0.4,0.4,0.5,31.0,31.0,31.0
2026-05-22 22:00:00,Brondong,0.14,10.5,3.2,2020.0,0.4,31.0,0.14,0.14,0.14,2.9,6.6,6.9,0.7,0.1,0.6,2760.0,8420.0,4460.0,0.4,0.4,0.4,31.0,31.0,31.0
2026-05-22 23:00:00,Brondong,0.14,8.2,0.3,5040.0,0.4,31.0,0.14,0.14,0.14,10.5,2.9,6.6,3.2,0.7,0.1,2020.0,2760.0,8420.0,0.4,0.4,0.4,31.0,31.0,31.0
2026-05-23 00:00:00,Brondong,0.16,6.2,0.0,880.0,0.4,30.9,0.14,0.14,0.14,8.2,10.5,2.9,0.3,3.2,0.7,5040.0,2020.0,2760.0,0.4,0.4,0.4,31.0,31.0,31.0
2026-05-23 01:00:00,Brondong,0.16,4.8,0.0,540.0,0.2,30.9,0.16,0.14,0.14,6.2,8.2,10.5,0.0,0.3,3.2,880.0,5040.0,2020.0,0.4,0.4,0.4,30.9,31.0,31.0
2026-05-23 02:00:00,Brondong,0.18,5.1,0.0,340.0,0.2,30.9,0.16,0.16,0.14,4.8,6.2,8.2,0.0,0.0,0.3,540.0,880.0,5040.0,0.2,0.4,0.4,30.9,30.9,31.0
2026-05-23 03:00:00,Brondong,0.18,3.4,0.0,280.0,0.2,30.9,0.18,0.16,0.16,5.1,4.8,6.2,0.0,0.0,0.0,340.0,540.0,880.0,0.2,0.2,0.4,30.9,30.9,30.9
2026-05-23 04:00:00,Brondong,0.2,5.2,0.0,200.0,0.2,30.8,0.18,0.18,0.16,3.4,5.1,4.8,0.0,0.0,0.0,280.0,340.0,540.0,0.2,0.2,0.2,30.9,30.9,30.9
2026-05-23 05:00:00,Brondong,0.2,6.7,0.0,160.0,0.2,30.8,0.2,0.18,0.18,5.2,3.4,5.1,0.0,0.0,0.0,200.0,280.0,340.0,0.2,0.2,0.2,30.8,30.9,30.9
2026-05-23 06:00:00,Brondong,0.2,6.3,0.0,160.0,0.2,30.8,0.2,0.2,0.18,6.7,5.2,3.4,0.0,0.0,0.0,160.0,200.0,280.0,0.2,0.2,0.2,30.8,30.8,30.9
2026-05-23 07:00:00,Brondong,0.2,4.9,0.0,220.0,0.2,30.8,0.2,0.2,0.2,6.3,6.7,5.2,0.0,0.0,0.0,160.0,160.0,200.0,0.2,0.2,0.2,30.8,30.8,30.8
2026-05-23 08:00:00,Brondong,0.2,7.4,0.0,1940.0,0.2,30.9,0.2,0.2,0.2,4.9,6.3,6.7,0.0,0.0,0.0,220.0,160.0,160.0,0.2,0.2,0.2,30.8,30.8,30.8
2026-05-23 09:00:00,Brondong,0.22,6.5,0.0,6820.0,0.3,31.0,0.2,0.2,0.2,7.4,4.9,6.3,0.0,0.0,0.0,1940.0,220.0,160.0,0.2,0.2,0.2,30.9,30.8,30.8
2026-05-23 10:00:00,Brondong,0.22,4.1,0.1,5640.0,0.4,31.1,0.22,0.2,0.2,6.5,7.4,4.9,0.0,0.0,0.0,6820.0,1940.0,220.0,0.3,0.2,0.2,31.0,30.9,30.8
2026-05-23 11:00:00,Brondong,0.22,2.9,0.1,10380.0,0.4,31.2,0.22,0.22,0.2,4.1,6.5,7.4,0.1,0.0,0.0,5640.0,6820.0,1940.0,0.4,0.3,0.2,31.1,31.0,30.9
2026-05-23 12:00:00,Brondong,0.2,5.5,0.0,10940.0,0.6,31.4,0.22,0.22,0.22,2.9,4.1,6.5,0.1,0.1,0.0,10380.0,5640.0,6820.0,0.4,0.4,0.3,31.2,31.1,31.0
2026-05-23 13:00:00,Brondong,0.2,10.0,0.4,6000.0,0.5,31.4,0.2,0.22,0.22,5.5,2.9,4.1,0.0,0.1,0.1,10940.0,10380.0,5640.0,0.6,0.4,0.4,31.4,31.2,31.1
2026-05-23 14:00:00,Brondong,0.2,7.6,0.9,5540.0,0.5,31.4,0.2,0.2,0.22,10.0,5.5,2.9,0.4,0.0,0.1,6000.0,10940.0,10380.0,0.5,0.6,0.4,31.4,31.4,31.2
2026-05-23 15:00:00,Brondong,0.2,5.4,0.3,5800.0,0.7,31.4,0.2,0.2,0.2,7.6,10.0,5.5,0.9,0.4,0.0,5540.0,6000.0,10940.0,0.5,0.5,0.6,31.4,31.4,31.4
2026-05-23 16:00:00,Brondong,0.2,5.6,0.1,9960.0,0.5,31.2,0.2,0.2,0.2,5.4,7.6,10.0,0.3,0.9,0.4,5800.0,5540.0,6000.0,0.7,0.5,0.5,31.4,31.4,31.4
2026-05-23 17:00:00,Brondong,0.2,4.9,0.5,5200.0,0.5,31.2,0.2,0.2,0.2,5.6,5.4,7.6,0.1,0.3,0.9,9960.0,5800.0,5540.0,0.5,0.7,0.5,31.2,31.4,31.4
2026-05-23 18:00:00,Brondong,0.18,7.4,0.2,4240.0,0.5,31.1,0.2,0.2,0.2,4.9,5.6,5.4,0.5,0.1,0.3,5200.0,9960.0,5800.0,0.5,0.5,0.7,31.2,31.2,31.4
2026-05-23 19:00:00,Brondong,0.18,5.7,0.1,6760.0,0.4,31.0,0.18,0.2,0.2,7.4,4.9,5.6,0.2,0.5,0.1,4240.0,5200.0,9960.0,0.5,0.5,0.5,31.1,31.2,31.2
2026-05-23 20:00:00,Brondong,0.18,6.6,0.0,7960.0,0.4,31.0,0.18,0.18,0.2,5.7,7.4,4.9,0.1,0.2,0.5,6760.0,4240.0,5200.0,0.4,0.5,0.5,31.0,31.1,31.2
2026-05-23 21:00:00,Brondong,0.18,6.5,0.0,9160.0,0.4,31.0,0.18,0.18,0.18,6.6,5.7,7.4,0.0,0.1,0.2,7960.0,6760.0,4240.0,0.4,0.4,0.5,31.0,31.0,31.1
2026-05-23 22:00:00,Brondong,0.18,6.6,0.0,10360.0,0.4,31.0,0.18,0.18,0.18,6.5,6.6,5.7,0.0,0.0,0.1,9160.0,7960.0,6760.0,0.4,0.4,0.4,31.0,31.0,31.0
2026-05-23 23:00:00,Brondong,0.18,7.6,0.0,10400.0,0.4,31.0,0.18,0.18,0.18,6.6,6.5,6.6,0.0,0.0,0.0,10360.0,9160.0,7960.0,0.4,0.4,0.4,31.0,31.0,31.0
2026-05-24 00:00:00,Brondong,0.16,9.1,0.0,10460.0,0.4,31.0,0.18,0.18,0.18,7.6,6.6,6.5,0.0,0.0,0.0,10400.0,10360.0,9160.0,0.4,0.4,0.4,31.0,31.0,31.0
2026-05-24 01:00:00,Brondong,0.16,10.3,0.0,10500.0,0.4,31.0,0.16,0.18,0.18,9.1,7.6,6.6,0.0,0.0,0.0,10460.0,10400.0,10360.0,0.4,0.4,0.4,31.0,31.0,31.0
2026-05-24 02:00:00,Brondong,0.16,10.4,0.0,9360.0,0.2,30.9,0.16,0.16,0.18,10.3,9.1,7.6,0.0,0.0,0.0,10500.0,10460.0,10400.0,0.4,0.4,0.4,31.0,31.0,31.0
2026-05-24 03:00:00,Brondong,0.14,9.9,0.0,8240.0,0.2,30.9,0.16,0.16,0.16,10.4,10.3,9.1,0.0,0.0,0.0,9360.0,10500.0,10460.0,0.2,0.4,0.4,30.9,31.0,31.0
2026-05-24 04:00:00,Brondong,0.14,9.4,0.0,7100.0,0.2,30.8,0.14,0.16,0.16,9.9,10.4,10.3,0.0,0.0,0.0,8240.0,9360.0,10500.0,0.2,0.2,0.4,30.9,30.9,31.0
2026-05-24 05:00:00,Brondong,0.14,9.0,0.0,8180.0,0.2,30.8,0.14,0.14,0.16,9.4,9.9,10.4,0.0,0.0,0.0,7100.0,8240.0,9360.0,0.2,0.2,0.2,30.8,30.9,30.9
2026-05-24 06:00:00,Brondong,0.14,8.4,0.0,9260.0,0.2,30.8,0.14,0.14,0.14,9.0,9.4,9.9,0.0,0.0,0.0,8180.0,7100.0,8240.0,0.2,0.2,0.2,30.8,30.8,30.9
2026-05-24 07:00:00,Brondong,0.14,7.0,0.0,10340.0,0.2,30.8,0.14,0.14,0.14,8.4,9.0,9.4,0.0,0.0,0.0,9260.0,8180.0,7100.0,0.2,0.2,0.2,30.8,30.8,30.8
2026-05-24 08:00:00,Brondong,0.14,3.8,0.1,9560.0,0.3,30.8,0.14,0.14,0.14,7.0,8.4,9.0,0.0,0.0,0.0,10340.0,9260.0,8180.0,0.2,0.2,0.2,30.8,30.8,30.8
2026-05-24 09:00:00,Brondong,0.12,1.3,0.1,8800.0,0.3,30.9,0.14,0.14,0.14,3.8,7.0,8.4,0.1,0.0,0.0,9560.0,10340.0,9260.0,0.3,0.2,0.2,30.8,30.8,30.8
2026-05-24 10:00:00,Brondong,0.12,4.6,0.1,8020.0,0.3,31.0,0.12,0.14,0.14,1.3,3.8,7.0,0.1,0.1,0.0,8800.0,9560.0,10340.0,0.3,0.3,0.2,30.9,30.8,30.8
2026-05-24 11:00:00,Brondong,0.12,7.3,0.3,7040.0,0.3,31.1,0.12,0.12,0.14,4.6,1.3,3.8,0.1,0.1,0.1,8020.0,8800.0,9560.0,0.3,0.3,0.3,31.0,30.9,30.8
2026-05-24 12:00:00,Brondong,0.12,9.7,0.3,6060.0,0.3,31.2,0.12,0.12,0.12,7.3,4.6,1.3,0.3,0.1,0.1,7040.0,8020.0,8800.0,0.3,0.3,0.3,31.1,31.0,30.9
2026-05-24 13:00:00,Brondong,0.12,11.1,0.3,5080.0,0.4,31.2,0.12,0.12,0.12,9.7,7.3,4.6,0.3,0.3,0.1,6060.0,7040.0,8020.0,0.3,0.3,0.3,31.2,31.1,31.0
2026-05-24 14:00:00,Brondong,0.12,10.4,0.4,5120.0,0.4,31.2,0.12,0.12,0.12,11.1,9.7,7.3,0.3,0.3,0.3,5080.0,6060.0,7040.0,0.4,0.3,0.3,31.2,31.2,31.1
2026-05-24 15:00:00,Brondong,0.1,8.7,0.4,5140.0,0.4,31.2,0.12,0.12,0.12,10.4,11.1,9.7,0.4,0.3,0.3,5120.0,5080.0,6060.0,0.4,0.4,0.3,31.2,31.2,31.2
2026-05-24 16:00:00,Brondong,0.1,6.0,0.4,5180.0,0.4,31.1,0.1,0.12,0.12,8.7,10.4,11.1,0.4,0.4,0.3,5140.0,5120.0,5080.0,0.4,0.4,0.4,31.2,31.2,31.2
2026-05-24 17:00:00,Brondong,0.1,2.8,0.3,5240.0,0.4,31.1,0.1,0.1,0.12,6.0,8.7,10.4,0.4,0.4,0.4,5180.0,5140.0,5120.0,0.4,0.4,0.4,31.1,31.2,31.2
2026-05-24 18:00:00,Brondong,0.1,5.5,0.3,5320.0,0.4,31.0,0.1,0.1,0.1,2.8,6.0,8.7,0.3,0.4,0.4,5240.0,5180.0,5140.0,0.4,0.4,0.4,31.1,31.1,31.2
2026-05-24 19:00:00,Brondong,0.1,8.7,0.3,5380.0,0.4,31.0,0.1,0.1,0.1,5.5,2.8,6.0,0.3,0.3,0.4,5320.0,5240.0,5180.0,0.4,0.4,0.4,31.0,31.1,31.1
2026-05-24 20:00:00,Brondong,0.1,8.3,0.0,5980.0,0.3,31.0,0.1,0.1,0.1,8.7,5.5,2.8,0.3,0.3,0.3,5380.0,5320.0,5240.0,0.4,0.4,0.4,31.0,31.0,31.1
2026-05-24 21:00:00,Brondong,0.1,5.9,0.0,6600.0,0.3,31.0,0.1,0.1,0.1,8.3,8.7,5.5,0.0,0.3,0.3,5980.0,5380.0,5320.0,0.3,0.4,0.4,31.0,31.0,31.0
2026-05-24 22:00:00,Brondong,0.1,3.9,0.0,7200.0,0.2,31.0,0.1,0.1,0.1,5.9,8.3,8.7,0.0,0.0,0.3,6600.0,5980.0,5380.0,0.3,0.3,0.4,31.0,31.0,31.0
2026-05-24 23:00:00,Brondong,0.1,3.5,0.0,6420.0,0.2,31.0,0.1,0.1,0.1,3.9,5.9,8.3,0.0,0.0,0.0,7200.0,6600.0,5980.0,0.2,0.3,0.3,31.0,31.0,31.0
2026-05-25 00:00:00,Brondong,0.08,3.5,0.0,5620.0,0.2,30.9,0.1,0.1,0.1,3.5,3.9,5.9,0.0,0.0,0.0,6420.0,7200.0,6600.0,0.2,0.2,0.3,31.0,31.0,31.0
2026-05-25 01:00:00,Brondong,0.08,3.8,0.0,4840.0,0.2,30.9,0.08,0.1,0.1,3.5,3.5,3.9,0.0,0.0,0.0,5620.0,6420.0,7200.0,0.2,0.2,0.2,30.9,31.0,31.0
2026-05-25 02:00:00,Brondong,0.08,4.0,0.0,3420.0,0.2,30.9,0.08,0.08,0.1,3.8,3.5,3.5,0.0,0.0,0.0,4840.0,5620.0,6420.0,0.2,0.2,0.2,30.9,30.9,31.0
2026-05-25 03:00:00,Brondong,0.08,4.2,0.0,1980.0,0.2,30.9,0.08,0.08,0.08,4.0,3.8,3.5,0.0,0.0,0.0,3420.0,4840.0,5620.0,0.2,0.2,0.2,30.9,30.9,30.9
2026-05-25 04:00:00,Brondong,0.08,4.7,0.0,560.0,0.2,30.8,0.08,0.08,0.08,4.2,4.0,3.8,0.0,0.0,0.0,1980.0,3420.0,4840.0,0.2,0.2,0.2,30.9,30.9,30.9
2026-05-25 05:00:00,Brondong,0.08,5.3,0.0,720.0,0.2,30.8,0.08,0.08,0.08,4.7,4.2,4.0,0.0,0.0,0.0,560.0,1980.0,3420.0,0.2,0.2,0.2,30.8,30.9,30.9
2026-05-25 06:00:00,Brondong,0.08,6.2,0.0,880.0,0.2,30.8,0.08,0.08,0.08,5.3,4.7,4.2,0.0,0.0,0.0,720.0,560.0,1980.0,0.2,0.2,0.2,30.8,30.8,30.9
2026-05-25 07:00:00,Brondong,0.08,6.7,0.0,1040.0,0.2,30.8,0.08,0.08,0.08,6.2,5.3,4.7,0.0,0.0,0.0,880.0,720.0,560.0,0.2,0.2,0.2,30.8,30.8,30.8
2026-05-25 08:00:00,Brondong,0.08,6.7,0.0,4820.0,0.3,30.8,0.08,0.08,0.08,6.7,6.2,5.3,0.0,0.0,0.0,1040.0,880.0,720.0,0.2,0.2,0.2,30.8,30.8,30.8
2026-05-25 09:00:00,Brondong,0.08,6.4,0.0,8620.0,0.3,30.9,0.08,0.08,0.08,6.7,6.7,6.2,0.0,0.0,0.0,4820.0,1040.0,880.0,0.3,0.2,0.2,30.8,30.8,30.8
2026-05-25 10:00:00,Brondong,0.08,5.1,0.0,12400.0,0.3,31.0,0.08,0.08,0.08,6.4,6.7,6.7,0.0,0.0,0.0,8620.0,4820.0,1040.0,0.3,0.3,0.2,30.9,30.8,30.8
2026-05-25 11:00:00,Brondong,0.08,1.0,0.1,11560.0,0.3,31.1,0.08,0.08,0.08,5.1,6.4,6.7,0.0,0.0,0.0,12400.0,8620.0,4820.0,0.3,0.3,0.3,31.0,30.9,30.8
2026-05-25 12:00:00,Brondong,0.08,4.4,0.1,10700.0,0.2,31.2,0.08,0.08,0.08,1.0,5.1,6.4,0.1,0.0,0.0,11560.0,12400.0,8620.0,0.3,0.3,0.3,31.1,31.0,30.9
2026-05-25 13:00:00,Brondong,0.08,6.7,0.1,9860.0,0.2,31.2,0.08,0.08,0.08,4.4,1.0,5.1,0.1,0.1,0.0,10700.0,11560.0,12400.0,0.2,0.3,0.3,31.2,31.1,31.0
2026-05-25 14:00:00,Brondong,0.08,3.7,1.5,7520.0,0.2,31.2,0.08,0.08,0.08,6.7,4.4,1.0,0.1,0.1,0.1,9860.0,10700.0,11560.0,0.2,0.2,0.3,31.2,31.2,31.1
2026-05-25 15:00:00,Brondong,0.08,6.7,1.5,5160.0,0.2,31.2,0.08,0.08,0.08,3.7,6.7,4.4,1.5,0.1,0.1,7520.0,9860.0,10700.0,0.2,0.2,0.2,31.2,31.2,31.2
2026-05-25 16:00:00,Brondong,0.08,11.0,1.5,2820.0,0.2,31.1,0.08,0.08,0.08,6.7,3.7,6.7,1.5,1.5,0.1,5160.0,7520.0,9860.0,0.2,0.2,0.2,31.2,31.2,31.2
2026-05-25 17:00:00,Brondong,0.08,9.9,0.2,4220.0,0.2,31.1,0.08,0.08,0.08,11.0,6.7,3.7,1.5,1.5,1.5,2820.0,5160.0,7520.0,0.2,0.2,0.2,31.1,31.2,31.2
2026-05-25 18:00:00,Brondong,0.08,6.5,0.2,5640.0,0.2,31.0,0.08,0.08,0.08,9.9,11.0,6.7,0.2,1.5,1.5,4220.0,2820.0,5160.0,0.2,0.2,0.2,31.1,31.1,31.2
2026-05-25 19:00:00,Brondong,0.08,4.4,0.2,7040.0,0.4,31.0,0.08,0.08,0.08,6.5,9.9,11.0,0.2,0.2,1.5,5640.0,4220.0,2820.0,0.2,0.2,0.2,31.0,31.1,31.1
2026-05-25 20:00:00,Brondong,0.08,4.8,0.0,4880.0,0.4,31.0,0.08,0.08,0.08,4.4,6.5,9.9,0.2,0.2,0.2,7040.0,5640.0,4220.0,0.4,0.2,0.2,31.0,31.0,31.1
2026-05-25 21:00:00,Brondong,0.08,5.9,0.0,2700.0,0.3,31.0,0.08,0.08,0.08,4.8,4.4,6.5,0.0,0.2,0.2,4880.0,7040.0,5640.0,0.4,0.4,0.2,31.0,31.0,31.0
2026-05-25 22:00:00,Brondong,0.08,6.2,0.0,540.0,0.3,31.0,0.08,0.08,0.08,5.9,4.8,4.4,0.0,0.0,0.2,2700.0,4880.0,7040.0,0.3,0.4,0.4,31.0,31.0,31.0
2026-05-25 23:00:00,Brondong,0.08,5.0,0.0,620.0,0.3,31.0,0.08,0.08,0.08,6.2,5.9,4.8,0.0,0.0,0.0,540.0,2700.0,4880.0,0.3,0.3,0.4,31.0,31.0,31.0
2026-05-26 00:00:00,Brondong,0.06,2.7,0.0,720.0,0.2,30.9,0.08,0.08,0.08,5.0,6.2,5.9,0.0,0.0,0.0,620.0,540.0,2700.0,0.3,0.3,0.3,31.0,31.0,31.0
2026-05-26 01:00:00,Brondong,0.06,1.3,0.0,800.0,0.2,30.9,0.06,0.08,0.08,2.7,5.0,6.2,0.0,0.0,0.0,720.0,620.0,540.0,0.2,0.3,0.3,30.9,31.0,31.0
2026-05-26 02:00:00,Brondong,0.06,6.7,0.0,740.0,0.2,30.9,0.06,0.06,0.08,1.3,2.7,5.0,0.0,0.0,0.0,800.0,720.0,620.0,0.2,0.2,0.3,30.9,30.9,31.0
2026-05-26 03:00:00,Brondong,0.06,6.1,0.0,700.0,0.2,30.9,0.06,0.06,0.06,6.7,1.3,2.7,0.0,0.0,0.0,740.0,800.0,720.0,0.2,0.2,0.2,30.9,30.9,30.9
2026-05-26 04:00:00,Brondong,0.06,5.6,0.0,680.0,0.2,30.8,0.06,0.06,0.06,6.1,6.7,1.3,0.0,0.0,0.0,700.0,740.0,800.0,0.2,0.2,0.2,30.9,30.9,30.9
2026-05-26 05:00:00,Brondong,0.06,5.6,0.0,640.0,0.2,30.8,0.06,0.06,0.06,5.6,6.1,6.7,0.0,0.0,0.0,680.0,700.0,740.0,0.2,0.2,0.2,30.8,30.9,30.9
2026-05-26 06:00:00,Brondong,0.06,5.7,0.0,620.0,0.2,30.8,0.06,0.06,0.06,5.6,5.6,6.1,0.0,0.0,0.0,640.0,680.0,700.0,0.2,0.2,0.2,30.8,30.8,30.9
2026-05-26 07:00:00,Brondong,0.06,5.2,0.0,580.0,0.2,30.8,0.06,0.06,0.06,5.7,5.6,5.6,0.0,0.0,0.0,620.0,640.0,680.0,0.2,0.2,0.2,30.8,30.8,30.8
2026-05-26 08:00:00,Brondong,0.06,3.2,0.1,2480.0,0.2,30.9,0.06,0.06,0.06,5.2,5.7,5.6,0.0,0.0,0.0,580.0,620.0,640.0,0.2,0.2,0.2,30.8,30.8,30.8
2026-05-26 09:00:00,Brondong,0.08,0.8,0.1,4400.0,0.3,31.0,0.06,0.06,0.06,3.2,5.2,5.7,0.1,0.0,0.0,2480.0,580.0,620.0,0.2,0.2,0.2,30.9,30.8,30.8
2026-05-26 10:00:00,Brondong,0.08,4.0,0.1,6300.0,0.3,31.0,0.08,0.06,0.06,0.8,3.2,5.2,0.1,0.1,0.0,4400.0,2480.0,580.0,0.3,0.2,0.2,31.0,30.9,30.8
2026-05-26 11:00:00,Brondong,0.08,7.6,0.1,8200.0,0.3,31.1,0.08,0.08,0.06,4.0,0.8,3.2,0.1,0.1,0.1,6300.0,4400.0,2480.0,0.3,0.3,0.2,31.0,31.0,30.9
2026-05-26 12:00:00,Brondong,0.1,10.6,0.1,10120.0,0.3,31.2,0.08,0.08,0.08,7.6,4.0,0.8,0.1,0.1,0.1,8200.0,6300.0,4400.0,0.3,0.3,0.3,31.1,31.0,31.0
2026-05-26 13:00:00,Brondong,0.1,12.2,0.1,12020.0,0.4,31.3,0.1,0.08,0.08,10.6,7.6,4.0,0.1,0.1,0.1,10120.0,8200.0,6300.0,0.3,0.3,0.3,31.2,31.1,31.0
2026-05-26 14:00:00,Brondong,0.12,12.5,0.8,10440.0,0.4,31.3,0.1,0.1,0.08,12.2,10.6,7.6,0.1,0.1,0.1,12020.0,10120.0,8200.0,0.4,0.3,0.3,31.3,31.2,31.1
2026-05-26 15:00:00,Brondong,0.14,11.8,0.8,8860.0,0.4,31.2,0.12,0.1,0.1,12.5,12.2,10.6,0.8,0.1,0.1,10440.0,12020.0,10120.0,0.4,0.4,0.3,31.3,31.3,31.2
2026-05-26 16:00:00,Brondong,0.16,11.4,0.8,7300.0,0.4,31.2,0.14,0.12,0.1,11.8,12.5,12.2,0.8,0.8,0.1,8860.0,10440.0,12020.0,0.4,0.4,0.4,31.2,31.3,31.3
2026-05-26 17:00:00,Brondong,0.2,11.4,0.8,5720.0,0.4,31.1,0.16,0.14,0.12,11.4,11.8,12.5,0.8,0.8,0.8,7300.0,8860.0,10440.0,0.4,0.4,0.4,31.2,31.2,31.3
2026-05-26 18:00:00,Brondong,0.22,11.9,0.8,4140.0,0.5,31.0,0.2,0.16,0.14,11.4,11.4,11.8,0.8,0.8,0.8,5720.0,7300.0,8860.0,0.4,0.4,0.4,31.1,31.2,31.2
2026-05-26 19:00:00,Brondong,0.26,12.1,0.8,2560.0,0.3,31.0,0.22,0.2,0.16,11.9,11.4,11.4,0.8,0.8,0.8,4140.0,5720.0,7300.0,0.5,0.4,0.4,31.0,31.1,31.2
2026-05-26 20:00:00,Brondong,0.26,11.5,0.2,2180.0,0.3,31.0,0.26,0.22,0.2,12.1,11.9,11.4,0.8,0.8,0.8,2560.0,4140.0,5720.0,0.3,0.5,0.4,31.0,31.0,31.1
2026-05-26 21:00:00,Brondong,0.28,10.4,0.2,1780.0,0.3,31.0,0.26,0.26,0.22,11.5,12.1,11.9,0.2,0.8,0.8,2180.0,2560.0,4140.0,0.3,0.3,0.5,31.0,31.0,31.0
2026-05-26 22:00:00,Brondong,0.28,9.1,0.2,1400.0,0.2,31.0,0.28,0.26,0.26,10.4,11.5,12.1,0.2,0.2,0.8,1780.0,2180.0,2560.0,0.3,0.3,0.3,31.0,31.0,31.0
2026-05-26 23:00:00,Brondong,0.26,8.5,0.2,1020.0,0.2,31.0,0.28,0.28,0.26,9.1,10.4,11.5,0.2,0.2,0.2,1400.0,1780.0,2180.0,0.2,0.3,0.3,31.0,31.0,31.0
2026-05-20 03:00:00,Grajagan,1.46,5.3,0.0,14420.0,0.6,28.1,1.46,1.46,1.46,6.0,5.5,5.6,0.0,0.0,0.0,14320.0,14320.0,13620.0,0.6,0.6,0.6,28.1,28.2,28.2
2026-05-20 04:00:00,Grajagan,1.46,4.2,0.0,14500.0,0.6,28.0,1.46,1.46,1.46,5.3,6.0,5.5,0.0,0.0,0.0,14420.0,14320.0,14320.0,0.6,0.6,0.6,28.1,28.1,28.2
2026-05-20 05:00:00,Grajagan,1.46,3.6,0.0,5100.0,0.6,28.0,1.46,1.46,1.46,4.2,5.3,6.0,0.0,0.0,0.0,14500.0,14420.0,14320.0,0.6,0.6,0.6,28.0,28.1,28.1
2026-05-20 06:00:00,Grajagan,1.46,5.7,0.0,1120.0,0.6,28.0,1.46,1.46,1.46,3.6,4.2,5.3,0.0,0.0,0.0,5100.0,14500.0,14420.0,0.6,0.6,0.6,28.0,28.0,28.1
2026-05-20 07:00:00,Grajagan,1.46,5.4,0.0,19780.0,0.5,28.0,1.46,1.46,1.46,5.7,3.6,4.2,0.0,0.0,0.0,1120.0,5100.0,14500.0,0.6,0.6,0.6,28.0,28.0,28.0
2026-05-20 08:00:00,Grajagan,1.46,4.9,0.0,11560.0,0.6,28.1,1.46,1.46,1.46,5.4,5.7,3.6,0.0,0.0,0.0,19780.0,1120.0,5100.0,0.5,0.6,0.6,28.0,28.0,28.0
2026-05-20 09:00:00,Grajagan,1.46,5.3,0.1,12840.0,0.6,28.2,1.46,1.46,1.46,4.9,5.4,5.7,0.0,0.0,0.0,11560.0,19780.0,1120.0,0.6,0.5,0.6,28.1,28.0,28.0
2026-05-20 10:00:00,Grajagan,1.46,4.8,0.0,19300.0,0.6,28.4,1.46,1.46,1.46,5.3,4.9,5.4,0.1,0.0,0.0,12840.0,11560.0,19780.0,0.6,0.6,0.5,28.2,28.1,28.0
2026-05-20 11:00:00,Grajagan,1.44,6.8,0.0,24040.0,0.4,28.6,1.46,1.46,1.46,4.8,5.3,4.9,0.0,0.1,0.0,19300.0,12840.0,11560.0,0.6,0.6,0.6,28.4,28.2,28.1
2026-05-20 12:00:00,Grajagan,1.44,11.8,0.1,6620.0,0.4,28.8,1.44,1.46,1.46,6.8,4.8,5.3,0.0,0.0,0.1,24040.0,19300.0,12840.0,0.4,0.6,0.6,28.6,28.4,28.2
2026-05-20 13:00:00,Grajagan,1.42,14.1,0.4,7920.0,0.6,28.8,1.44,1.44,1.46,11.8,6.8,4.8,0.1,0.0,0.0,6620.0,24040.0,19300.0,0.4,0.4,0.6,28.8,28.6,28.4
2026-05-20 14:00:00,Grajagan,1.42,13.1,0.1,6800.0,0.5,28.8,1.42,1.44,1.44,14.1,11.8,6.8,0.4,0.1,0.0,7920.0,6620.0,24040.0,0.6,0.4,0.4,28.8,28.8,28.6
2026-05-20 15:00:00,Grajagan,1.4,11.0,0.2,4380.0,0.7,28.8,1.42,1.42,1.44,13.1,14.1,11.8,0.1,0.4,0.1,6800.0,7920.0,6620.0,0.5,0.6,0.4,28.8,28.8,28.8
2026-05-20 16:00:00,Grajagan,1.4,6.8,0.9,4860.0,0.7,28.6,1.4,1.42,1.42,11.0,13.1,14.1,0.2,0.1,0.4,4380.0,6800.0,7920.0,0.7,0.5,0.6,28.8,28.8,28.8
2026-05-20 17:00:00,Grajagan,1.38,4.7,0.2,13560.0,0.6,28.5,1.4,1.4,1.42,6.8,11.0,13.1,0.9,0.2,0.1,4860.0,4380.0,6800.0,0.7,0.7,0.5,28.6,28.8,28.8
2026-05-20 18:00:00,Grajagan,1.38,6.1,0.0,13760.0,0.6,28.4,1.38,1.4,1.4,4.7,6.8,11.0,0.2,0.9,0.2,13560.0,4860.0,4380.0,0.6,0.7,0.7,28.5,28.6,28.8
2026-05-20 19:00:00,Grajagan,1.36,5.2,0.0,13420.0,0.6,28.4,1.38,1.38,1.4,6.1,4.7,6.8,0.0,0.2,0.9,13760.0,13560.0,4860.0,0.6,0.6,0.7,28.4,28.5,28.6
2026-05-20 20:00:00,Grajagan,1.34,4.1,0.0,14120.0,0.5,28.3,1.36,1.38,1.38,5.2,6.1,4.7,0.0,0.0,0.2,13420.0,13760.0,13560.0,0.6,0.6,0.6,28.4,28.4,28.5
2026-05-20 21:00:00,Grajagan,1.34,4.7,0.0,10220.0,0.5,28.2,1.34,1.36,1.38,4.1,5.2,6.1,0.0,0.0,0.0,14120.0,13420.0,13760.0,0.5,0.6,0.6,28.3,28.4,28.4
2026-05-20 22:00:00,Grajagan,1.32,3.5,0.0,10280.0,0.4,28.2,1.34,1.34,1.36,4.7,4.1,5.2,0.0,0.0,0.0,10220.0,14120.0,13420.0,0.5,0.5,0.6,28.2,28.3,28.4
2026-05-20 23:00:00,Grajagan,1.32,2.1,0.0,10440.0,0.6,28.2,1.32,1.34,1.34,3.5,4.7,4.1,0.0,0.0,0.0,10280.0,10220.0,14120.0,0.4,0.5,0.5,28.2,28.2,28.3
2026-05-21 00:00:00,Grajagan,1.3,1.4,0.0,2600.0,0.6,28.2,1.32,1.32,1.34,2.1,3.5,4.7,0.0,0.0,0.0,10440.0,10280.0,10220.0,0.6,0.4,0.5,28.2,28.2,28.2
2026-05-21 01:00:00,Grajagan,1.3,0.9,0.0,1320.0,0.6,28.1,1.3,1.32,1.32,1.4,2.1,3.5,0.0,0.0,0.0,2600.0,10440.0,10280.0,0.6,0.6,0.4,28.2,28.2,28.2
2026-05-21 02:00:00,Grajagan,1.28,1.9,0.0,780.0,0.5,28.1,1.3,1.3,1.32,0.9,1.4,2.1,0.0,0.0,0.0,1320.0,2600.0,10440.0,0.6,0.6,0.6,28.1,28.2,28.2
2026-05-21 03:00:00,Grajagan,1.28,1.7,0.0,860.0,0.5,28.0,1.28,1.3,1.3,1.9,0.9,1.4,0.0,0.0,0.0,780.0,1320.0,2600.0,0.5,0.6,0.6,28.1,28.1,28.2
2026-05-21 04:00:00,Grajagan,1.26,3.4,0.0,14600.0,0.5,28.0,1.28,1.28,1.3,1.7,1.9,0.9,0.0,0.0,0.0,860.0,780.0,1320.0,0.5,0.5,0.6,28.0,28.1,28.1
2026-05-21 05:00:00,Grajagan,1.26,6.3,0.0,14700.0,0.5,28.0,1.26,1.28,1.28,3.4,1.7,1.9,0.0,0.0,0.0,14600.0,860.0,780.0,0.5,0.5,0.5,28.0,28.0,28.1
2026-05-21 06:00:00,Grajagan,1.26,8.8,0.0,3000.0,0.6,28.0,1.26,1.26,1.28,6.3,3.4,1.7,0.0,0.0,0.0,14700.0,14600.0,860.0,0.5,0.5,0.5,28.0,28.0,28.0
2026-05-21 07:00:00,Grajagan,1.26,6.9,0.0,19760.0,0.7,28.0,1.26,1.26,1.26,8.8,6.3,3.4,0.0,0.0,0.0,3000.0,14700.0,14600.0,0.6,0.5,0.5,28.0,28.0,28.0
2026-05-21 08:00:00,Grajagan,1.26,10.4,0.0,10640.0,0.7,28.0,1.26,1.26,1.26,6.9,8.8,6.3,0.0,0.0,0.0,19760.0,3000.0,14700.0,0.7,0.6,0.5,28.0,28.0,28.0
2026-05-21 09:00:00,Grajagan,1.24,9.7,0.0,7800.0,0.7,28.2,1.26,1.26,1.26,10.4,6.9,8.8,0.0,0.0,0.0,10640.0,19760.0,3000.0,0.7,0.7,0.6,28.0,28.0,28.0
2026-05-21 10:00:00,Grajagan,1.24,8.1,0.2,8480.0,0.7,28.4,1.24,1.26,1.26,9.7,10.4,6.9,0.0,0.0,0.0,7800.0,10640.0,19760.0,0.7,0.7,0.7,28.2,28.0,28.0
2026-05-21 11:00:00,Grajagan,1.24,6.9,0.1,7780.0,0.6,28.5,1.24,1.24,1.26,8.1,9.7,10.4,0.2,0.0,0.0,8480.0,7800.0,10640.0,0.7,0.7,0.7,28.4,28.2,28.0
2026-05-21 12:00:00,Grajagan,1.24,7.1,0.6,5340.0,0.4,28.6,1.24,1.24,1.24,6.9,8.1,9.7,0.1,0.2,0.0,7780.0,8480.0,7800.0,0.6,0.7,0.7,28.5,28.4,28.2
2026-05-21 13:00:00,Grajagan,1.24,7.0,0.2,12380.0,0.0,28.8,1.24,1.24,1.24,7.1,6.9,8.1,0.6,0.1,0.2,5340.0,7780.0,8480.0,0.4,0.6,0.7,28.6,28.5,28.4
2026-05-21 14:00:00,Grajagan,1.24,5.0,0.1,10220.0,0.0,28.8,1.24,1.24,1.24,7.0,7.1,6.9,0.2,0.6,0.1,12380.0,5340.0,7780.0,0.0,0.4,0.6,28.8,28.6,28.5
2026-05-21 15:00:00,Grajagan,1.22,7.1,2.3,2800.0,0.2,28.7,1.24,1.24,1.24,5.0,7.0,7.1,0.1,0.2,0.6,10220.0,12380.0,5340.0,0.0,0.0,0.4,28.8,28.8,28.6
2026-05-21 16:00:00,Grajagan,1.22,6.5,1.1,4400.0,0.2,28.6,1.22,1.24,1.24,7.1,5.0,7.0,2.3,0.1,0.2,2800.0,10220.0,12380.0,0.2,0.0,0.0,28.7,28.8,28.8
2026-05-21 17:00:00,Grajagan,1.22,1.1,1.0,4620.0,0.2,28.5,1.22,1.22,1.24,6.5,7.1,5.0,1.1,2.3,0.1,4400.0,2800.0,10220.0,0.2,0.2,0.0,28.6,28.7,28.8
2026-05-21 18:00:00,Grajagan,1.22,3.5,0.4,4300.0,0.2,28.5,1.22,1.22,1.22,1.1,6.5,7.1,1.0,1.1,2.3,4620.0,4400.0,2800.0,0.2,0.2,0.2,28.5,28.6,28.7
2026-05-21 19:00:00,Grajagan,1.22,0.2,1.2,5520.0,0.3,28.4,1.22,1.22,1.22,3.5,1.1,6.5,0.4,1.0,1.1,4300.0,4620.0,4400.0,0.2,0.2,0.2,28.5,28.5,28.6
2026-05-21 20:00:00,Grajagan,1.22,1.5,0.1,7540.0,0.3,28.4,1.22,1.22,1.22,0.2,3.5,1.1,1.2,0.4,1.0,5520.0,4300.0,4620.0,0.3,0.2,0.2,28.4,28.5,28.5
2026-05-21 21:00:00,Grajagan,1.22,2.3,0.0,1180.0,0.3,28.3,1.22,1.22,1.22,1.5,0.2,3.5,0.1,1.2,0.4,7540.0,5520.0,4300.0,0.3,0.3,0.2,28.4,28.4,28.5
2026-05-21 22:00:00,Grajagan,1.22,2.9,0.0,660.0,0.4,28.2,1.22,1.22,1.22,2.3,1.5,0.2,0.0,0.1,1.2,1180.0,7540.0,5520.0,0.3,0.3,0.3,28.3,28.4,28.4
2026-05-21 23:00:00,Grajagan,1.22,3.0,0.0,400.0,0.5,28.2,1.22,1.22,1.22,2.9,2.3,1.5,0.0,0.0,0.1,660.0,1180.0,7540.0,0.4,0.3,0.3,28.2,28.3,28.4
2026-05-22 00:00:00,Grajagan,1.22,2.2,0.0,280.0,0.5,28.1,1.22,1.22,1.22,3.0,2.9,2.3,0.0,0.0,0.0,400.0,660.0,1180.0,0.5,0.4,0.3,28.2,28.2,28.3
2026-05-22 01:00:00,Grajagan,1.22,2.6,0.0,220.0,0.5,28.1,1.22,1.22,1.22,2.2,3.0,2.9,0.0,0.0,0.0,280.0,400.0,660.0,0.5,0.5,0.4,28.1,28.2,28.2
2026-05-22 02:00:00,Grajagan,1.22,2.0,0.0,220.0,0.5,28.0,1.22,1.22,1.22,2.6,2.2,3.0,0.0,0.0,0.0,220.0,280.0,400.0,0.5,0.5,0.5,28.1,28.1,28.2
2026-05-22 03:00:00,Grajagan,1.2,2.2,0.0,220.0,0.5,28.0,1.22,1.22,1.22,2.0,2.6,2.2,0.0,0.0,0.0,220.0,220.0,280.0,0.5,0.5,0.5,28.0,28.1,28.1
2026-05-22 04:00:00,Grajagan,1.2,4.9,0.2,460.0,0.5,28.0,1.2,1.22,1.22,2.2,2.0,2.6,0.0,0.0,0.0,220.0,220.0,220.0,0.5,0.5,0.5,28.0,28.0,28.1
2026-05-22 05:00:00,Grajagan,1.2,2.0,0.1,480.0,0.5,27.9,1.2,1.2,1.22,4.9,2.2,2.0,0.2,0.0,0.0,460.0,220.0,220.0,0.5,0.5,0.5,28.0,28.0,28.0
2026-05-22 06:00:00,Grajagan,1.2,4.1,0.1,360.0,0.4,27.9,1.2,1.2,1.2,2.0,4.9,2.2,0.1,0.2,0.0,480.0,460.0,220.0,0.5,0.5,0.5,27.9,28.0,28.0
2026-05-22 07:00:00,Grajagan,1.2,2.0,0.0,740.0,0.4,28.0,1.2,1.2,1.2,4.1,2.0,4.9,0.1,0.1,0.2,360.0,480.0,460.0,0.4,0.5,0.5,27.9,27.9,28.0
2026-05-22 08:00:00,Grajagan,1.2,1.0,0.0,12200.0,0.6,28.0,1.2,1.2,1.2,2.0,4.1,2.0,0.0,0.1,0.1,740.0,360.0,480.0,0.4,0.4,0.5,28.0,27.9,27.9
2026-05-22 09:00:00,Grajagan,1.18,6.3,0.0,7440.0,0.6,28.2,1.2,1.2,1.2,1.0,2.0,4.1,0.0,0.0,0.1,12200.0,740.0,360.0,0.6,0.4,0.4,28.0,28.0,27.9
2026-05-22 10:00:00,Grajagan,1.18,9.9,0.5,6200.0,0.5,28.5,1.18,1.2,1.2,6.3,1.0,2.0,0.0,0.0,0.0,7440.0,12200.0,740.0,0.6,0.6,0.4,28.2,28.0,28.0
2026-05-22 11:00:00,Grajagan,1.18,9.8,0.5,5660.0,0.5,28.6,1.18,1.18,1.2,9.9,6.3,1.0,0.5,0.0,0.0,6200.0,7440.0,12200.0,0.5,0.6,0.6,28.5,28.2,28.0
2026-05-22 12:00:00,Grajagan,1.16,11.9,0.1,10600.0,0.6,28.8,1.18,1.18,1.18,9.8,9.9,6.3,0.5,0.5,0.0,5660.0,6200.0,7440.0,0.5,0.5,0.6,28.6,28.5,28.2
2026-05-22 13:00:00,Grajagan,1.16,11.4,0.1,15160.0,0.4,28.9,1.16,1.18,1.18,11.9,9.8,9.9,0.1,0.5,0.5,10600.0,5660.0,6200.0,0.6,0.5,0.5,28.8,28.6,28.5
2026-05-22 14:00:00,Grajagan,1.16,10.1,0.4,5380.0,0.5,29.0,1.16,1.16,1.18,11.4,11.9,9.8,0.1,0.1,0.5,15160.0,10600.0,5660.0,0.4,0.6,0.5,28.9,28.8,28.6
2026-05-22 15:00:00,Grajagan,1.14,11.4,0.3,7520.0,0.4,28.9,1.16,1.16,1.16,10.1,11.4,11.9,0.4,0.1,0.1,5380.0,15160.0,10600.0,0.5,0.4,0.6,29.0,28.9,28.8
2026-05-22 16:00:00,Grajagan,1.14,12.0,0.2,9300.0,0.3,28.9,1.14,1.16,1.16,11.4,10.1,11.4,0.3,0.4,0.1,7520.0,5380.0,15160.0,0.4,0.5,0.4,28.9,29.0,28.9
2026-05-22 17:00:00,Grajagan,1.14,10.0,0.1,9600.0,0.3,28.8,1.14,1.14,1.16,12.0,11.4,10.1,0.2,0.3,0.4,9300.0,7520.0,5380.0,0.3,0.4,0.5,28.9,28.9,29.0
2026-05-22 18:00:00,Grajagan,1.12,7.6,0.1,13060.0,0.4,28.8,1.14,1.14,1.14,10.0,12.0,11.4,0.1,0.2,0.3,9600.0,9300.0,7520.0,0.3,0.3,0.4,28.8,28.9,28.9
2026-05-22 19:00:00,Grajagan,1.12,4.4,0.0,17060.0,0.4,28.7,1.12,1.14,1.14,7.6,10.0,12.0,0.1,0.1,0.2,13060.0,9600.0,9300.0,0.4,0.3,0.3,28.8,28.8,28.9
2026-05-22 20:00:00,Grajagan,1.12,4.4,0.0,10520.0,0.4,28.6,1.12,1.12,1.14,4.4,7.6,10.0,0.0,0.1,0.1,17060.0,13060.0,9600.0,0.4,0.4,0.3,28.7,28.8,28.8
2026-05-22 21:00:00,Grajagan,1.12,8.4,0.0,8680.0,0.6,28.6,1.12,1.12,1.12,4.4,4.4,7.6,0.0,0.0,0.1,10520.0,17060.0,13060.0,0.4,0.4,0.4,28.6,28.7,28.8
2026-05-22 22:00:00,Grajagan,1.12,8.8,0.0,4060.0,0.6,28.6,1.12,1.12,1.12,8.4,4.4,4.4,0.0,0.0,0.0,8680.0,10520.0,17060.0,0.6,0.4,0.4,28.6,28.6,28.7
2026-05-22 23:00:00,Grajagan,1.12,7.5,0.0,10280.0,0.6,28.6,1.12,1.12,1.12,8.8,8.4,4.4,0.0,0.0,0.0,4060.0,8680.0,10520.0,0.6,0.6,0.4,28.6,28.6,28.6
2026-05-23 00:00:00,Grajagan,1.1,6.3,0.0,14480.0,0.7,28.5,1.12,1.12,1.12,7.5,8.8,8.4,0.0,0.0,0.0,10280.0,4060.0,8680.0,0.6,0.6,0.6,28.6,28.6,28.6
2026-05-23 01:00:00,Grajagan,1.1,5.4,0.0,14740.0,0.8,28.5,1.1,1.12,1.12,6.3,7.5,8.8,0.0,0.0,0.0,14480.0,10280.0,4060.0,0.7,0.6,0.6,28.5,28.6,28.6
2026-05-23 02:00:00,Grajagan,1.1,4.3,0.0,2640.0,0.8,28.5,1.1,1.1,1.12,5.4,6.3,7.5,0.0,0.0,0.0,14740.0,14480.0,10280.0,0.8,0.7,0.6,28.5,28.5,28.6
2026-05-23 03:00:00,Grajagan,1.08,3.5,0.0,620.0,0.8,28.5,1.1,1.1,1.1,4.3,5.4,6.3,0.0,0.0,0.0,2640.0,14740.0,14480.0,0.8,0.8,0.7,28.5,28.5,28.5
2026-05-23 04:00:00,Grajagan,1.08,4.2,0.0,380.0,0.8,28.5,1.08,1.1,1.1,3.5,4.3,5.4,0.0,0.0,0.0,620.0,2640.0,14740.0,0.8,0.8,0.8,28.5,28.5,28.5
2026-05-23 05:00:00,Grajagan,1.08,4.3,0.0,320.0,0.8,28.5,1.08,1.08,1.1,4.2,3.5,4.3,0.0,0.0,0.0,380.0,620.0,2640.0,0.8,0.8,0.8,28.5,28.5,28.5
2026-05-23 06:00:00,Grajagan,1.06,4.0,0.0,300.0,0.8,28.5,1.08,1.08,1.08,4.3,4.2,3.5,0.0,0.0,0.0,320.0,380.0,620.0,0.8,0.8,0.8,28.5,28.5,28.5
2026-05-23 07:00:00,Grajagan,1.06,3.3,0.0,3280.0,1.0,28.5,1.06,1.08,1.08,4.0,4.3,4.2,0.0,0.0,0.0,300.0,320.0,380.0,0.8,0.8,0.8,28.5,28.5,28.5
2026-05-23 08:00:00,Grajagan,1.06,3.5,0.1,5860.0,1.0,28.6,1.06,1.06,1.08,3.3,4.0,4.3,0.0,0.0,0.0,3280.0,300.0,320.0,1.0,0.8,0.8,28.5,28.5,28.5
2026-05-23 09:00:00,Grajagan,1.06,5.4,0.4,6580.0,1.0,28.8,1.06,1.06,1.06,3.5,3.3,4.0,0.1,0.0,0.0,5860.0,3280.0,300.0,1.0,1.0,0.8,28.6,28.5,28.5
2026-05-23 10:00:00,Grajagan,1.06,6.9,0.1,6140.0,1.0,28.9,1.06,1.06,1.06,5.4,3.5,3.3,0.4,0.1,0.0,6580.0,5860.0,3280.0,1.0,1.0,1.0,28.8,28.6,28.5
2026-05-23 11:00:00,Grajagan,1.06,11.1,0.2,7780.0,0.9,29.1,1.06,1.06,1.06,6.9,5.4,3.5,0.1,0.4,0.1,6140.0,6580.0,5860.0,1.0,1.0,1.0,28.9,28.8,28.6
2026-05-23 12:00:00,Grajagan,1.04,10.1,0.1,12600.0,0.9,29.2,1.06,1.06,1.06,11.1,6.9,5.4,0.2,0.1,0.4,7780.0,6140.0,6580.0,0.9,1.0,1.0,29.1,28.9,28.8
2026-05-23 13:00:00,Grajagan,1.04,10.7,0.0,15320.0,0.9,29.3,1.04,1.06,1.06,10.1,11.1,6.9,0.1,0.2,0.1,12600.0,7780.0,6140.0,0.9,0.9,1.0,29.2,29.1,28.9
2026-05-23 14:00:00,Grajagan,1.04,10.5,0.0,10040.0,0.9,29.3,1.04,1.04,1.06,10.7,10.1,11.1,0.0,0.1,0.2,15320.0,12600.0,7780.0,0.9,0.9,0.9,29.3,29.2,29.1
2026-05-23 15:00:00,Grajagan,1.04,11.2,0.1,10920.0,0.9,29.3,1.04,1.04,1.04,10.5,10.7,10.1,0.0,0.0,0.1,10040.0,15320.0,12600.0,0.9,0.9,0.9,29.3,29.3,29.2
2026-05-23 16:00:00,Grajagan,1.04,10.9,0.6,2800.0,0.7,29.2,1.04,1.04,1.04,11.2,10.5,10.7,0.1,0.0,0.0,10920.0,10040.0,15320.0,0.9,0.9,0.9,29.3,29.3,29.3
2026-05-23 17:00:00,Grajagan,1.04,4.4,0.7,14600.0,0.7,29.1,1.04,1.04,1.04,10.9,11.2,10.5,0.6,0.1,0.0,2800.0,10920.0,10040.0,0.7,0.9,0.9,29.2,29.3,29.3
2026-05-23 18:00:00,Grajagan,1.02,2.4,0.0,7160.0,1.0,29.0,1.04,1.04,1.04,4.4,10.9,11.2,0.7,0.6,0.1,14600.0,2800.0,10920.0,0.7,0.7,0.9,29.1,29.2,29.3
2026-05-23 19:00:00,Grajagan,1.02,2.8,0.3,2220.0,1.0,29.0,1.02,1.04,1.04,2.4,4.4,10.9,0.0,0.7,0.6,7160.0,14600.0,2800.0,1.0,0.7,0.7,29.0,29.1,29.2
2026-05-23 20:00:00,Grajagan,1.02,4.4,0.3,3300.0,1.0,29.0,1.02,1.02,1.04,2.8,2.4,4.4,0.3,0.0,0.7,2220.0,7160.0,14600.0,1.0,1.0,0.7,29.0,29.0,29.1
2026-05-23 21:00:00,Grajagan,1.02,5.6,0.3,4400.0,1.0,29.0,1.02,1.02,1.02,4.4,2.8,2.4,0.3,0.3,0.0,3300.0,2220.0,7160.0,1.0,1.0,1.0,29.0,29.0,29.0
2026-05-23 22:00:00,Grajagan,1.02,6.4,0.3,5480.0,1.0,28.9,1.02,1.02,1.02,5.6,4.4,2.8,0.3,0.3,0.3,4400.0,3300.0,2220.0,1.0,1.0,1.0,29.0,29.0,29.0
2026-05-23 23:00:00,Grajagan,1.02,6.8,0.0,4700.0,1.0,28.9,1.02,1.02,1.02,6.4,5.6,4.4,0.3,0.3,0.3,5480.0,4400.0,3300.0,1.0,1.0,1.0,28.9,29.0,29.0
2026-05-24 00:00:00,Grajagan,1.02,6.6,0.0,3900.0,1.0,28.9,1.02,1.02,1.02,6.8,6.4,5.6,0.0,0.3,0.3,4700.0,5480.0,4400.0,1.0,1.0,1.0,28.9,28.9,29.0
2026-05-24 01:00:00,Grajagan,1.02,6.1,0.0,3120.0,1.0,28.9,1.02,1.02,1.02,6.6,6.8,6.4,0.0,0.0,0.3,3900.0,4700.0,5480.0,1.0,1.0,1.0,28.9,28.9,28.9
2026-05-24 02:00:00,Grajagan,1.02,5.4,0.1,2860.0,1.0,28.8,1.02,1.02,1.02,6.1,6.6,6.8,0.0,0.0,0.0,3120.0,3900.0,4700.0,1.0,1.0,1.0,28.9,28.9,28.9
2026-05-24 03:00:00,Grajagan,1.02,4.3,0.1,2620.0,1.0,28.8,1.02,1.02,1.02,5.4,6.1,6.6,0.1,0.0,0.0,2860.0,3120.0,3900.0,1.0,1.0,1.0,28.8,28.9,28.9
2026-05-24 04:00:00,Grajagan,1.02,3.9,0.1,2360.0,1.0,28.8,1.02,1.02,1.02,4.3,5.4,6.1,0.1,0.1,0.0,2620.0,2860.0,3120.0,1.0,1.0,1.0,28.8,28.8,28.9
2026-05-24 05:00:00,Grajagan,1.02,4.7,0.0,2600.0,1.0,28.8,1.02,1.02,1.02,3.9,4.3,5.4,0.1,0.1,0.1,2360.0,2620.0,2860.0,1.0,1.0,1.0,28.8,28.8,28.8
2026-05-24 06:00:00,Grajagan,1.02,6.0,0.0,2840.0,1.2,28.8,1.02,1.02,1.02,4.7,3.9,4.3,0.0,0.1,0.1,2600.0,2360.0,2620.0,1.0,1.0,1.0,28.8,28.8,28.8
2026-05-24 07:00:00,Grajagan,1.02,5.5,0.0,3080.0,1.2,28.8,1.02,1.02,1.02,6.0,4.7,3.9,0.0,0.0,0.1,2840.0,2600.0,2360.0,1.2,1.0,1.0,28.8,28.8,28.8
2026-05-24 08:00:00,Grajagan,1.02,1.8,0.4,3480.0,1.2,28.8,1.02,1.02,1.02,5.5,6.0,4.7,0.0,0.0,0.0,3080.0,2840.0,2600.0,1.2,1.2,1.0,28.8,28.8,28.8
2026-05-24 09:00:00,Grajagan,1.02,4.6,0.4,3860.0,1.2,29.0,1.02,1.02,1.02,1.8,5.5,6.0,0.4,0.0,0.0,3480.0,3080.0,2840.0,1.2,1.2,1.2,28.8,28.8,28.8
2026-05-24 10:00:00,Grajagan,1.02,8.7,0.4,4260.0,1.2,29.0,1.02,1.02,1.02,4.6,1.8,5.5,0.4,0.4,0.0,3860.0,3480.0,3080.0,1.2,1.2,1.2,29.0,28.8,28.8
2026-05-24 11:00:00,Grajagan,1.02,10.1,0.2,6740.0,1.0,29.2,1.02,1.02,1.02,8.7,4.6,1.8,0.4,0.4,0.4,4260.0,3860.0,3480.0,1.2,1.2,1.2,29.0,29.0,28.8
2026-05-24 12:00:00,Grajagan,1.04,10.5,0.2,9240.0,0.9,29.3,1.02,1.02,1.02,10.1,8.7,4.6,0.2,0.4,0.4,6740.0,4260.0,3860.0,1.0,1.2,1.2,29.2,29.0,29.0
2026-05-24 13:00:00,Grajagan,1.04,10.5,0.2,11720.0,0.9,29.4,1.04,1.02,1.02,10.5,10.1,8.7,0.2,0.2,0.4,9240.0,6740.0,4260.0,0.9,1.0,1.2,29.3,29.2,29.0
2026-05-24 14:00:00,Grajagan,1.04,10.5,0.4,10060.0,0.8,29.4,1.04,1.04,1.02,10.5,10.5,10.1,0.2,0.2,0.2,11720.0,9240.0,6740.0,0.9,0.9,1.0,29.4,29.3,29.2
2026-05-24 15:00:00,Grajagan,1.06,11.1,0.4,8420.0,0.8,29.3,1.04,1.04,1.04,10.5,10.5,10.5,0.4,0.2,0.2,10060.0,11720.0,9240.0,0.8,0.9,0.9,29.4,29.4,29.3
2026-05-24 16:00:00,Grajagan,1.06,10.4,0.4,6760.0,0.8,29.2,1.06,1.04,1.04,11.1,10.5,10.5,0.4,0.4,0.2,8420.0,10060.0,11720.0,0.8,0.8,0.9,29.3,29.4,29.4
2026-05-24 17:00:00,Grajagan,1.08,6.3,0.3,5120.0,0.9,29.1,1.06,1.06,1.04,10.4,11.1,10.5,0.4,0.4,0.4,6760.0,8420.0,10060.0,0.8,0.8,0.8,29.2,29.3,29.4
2026-05-24 18:00:00,Grajagan,1.08,5.3,0.3,3500.0,0.9,29.0,1.08,1.06,1.06,6.3,10.4,11.1,0.3,0.4,0.4,5120.0,6760.0,8420.0,0.9,0.8,0.8,29.1,29.2,29.3
2026-05-24 19:00:00,Grajagan,1.1,8.6,0.3,1860.0,0.9,29.0,1.08,1.08,1.06,5.3,6.3,10.4,0.3,0.3,0.4,3500.0,5120.0,6760.0,0.9,0.9,0.8,29.0,29.1,29.2
2026-05-24 20:00:00,Grajagan,1.12,7.8,0.1,2300.0,0.9,29.0,1.1,1.08,1.08,8.6,5.3,6.3,0.3,0.3,0.3,1860.0,3500.0,5120.0,0.9,0.9,0.9,29.0,29.0,29.1
2026-05-24 21:00:00,Grajagan,1.12,4.7,0.1,2760.0,0.9,28.9,1.12,1.1,1.08,7.8,8.6,5.3,0.1,0.3,0.3,2300.0,1860.0,3500.0,0.9,0.9,0.9,29.0,29.0,29.0
2026-05-24 22:00:00,Grajagan,1.14,3.1,0.1,3200.0,1.2,28.9,1.12,1.12,1.1,4.7,7.8,8.6,0.1,0.1,0.3,2760.0,2300.0,1860.0,0.9,0.9,0.9,28.9,29.0,29.0
2026-05-24 23:00:00,Grajagan,1.16,4.7,0.2,3000.0,1.2,28.9,1.14,1.12,1.12,3.1,4.7,7.8,0.1,0.1,0.1,3200.0,2760.0,2300.0,1.2,0.9,0.9,28.9,28.9,29.0
2026-05-25 00:00:00,Grajagan,1.16,7.9,0.2,2800.0,1.2,28.9,1.16,1.14,1.12,4.7,3.1,4.7,0.2,0.1,0.1,3000.0,3200.0,2760.0,1.2,1.2,0.9,28.9,28.9,28.9
2026-05-25 01:00:00,Grajagan,1.18,10.2,0.2,2600.0,1.2,28.8,1.16,1.16,1.14,7.9,4.7,3.1,0.2,0.2,0.1,2800.0,3000.0,3200.0,1.2,1.2,1.2,28.9,28.9,28.9
2026-05-25 02:00:00,Grajagan,1.2,10.3,0.2,5100.0,1.2,28.8,1.18,1.16,1.16,10.2,7.9,4.7,0.2,0.2,0.2,2600.0,2800.0,3000.0,1.2,1.2,1.2,28.8,28.9,28.9
2026-05-25 03:00:00,Grajagan,1.22,9.4,0.2,7580.0,1.2,28.7,1.2,1.18,1.16,10.3,10.2,7.9,0.2,0.2,0.2,5100.0,2600.0,2800.0,1.2,1.2,1.2,28.8,28.8,28.9
2026-05-25 04:00:00,Grajagan,1.24,8.3,0.2,10080.0,1.3,28.6,1.22,1.2,1.18,9.4,10.3,10.2,0.2,0.2,0.2,7580.0,5100.0,2600.0,1.2,1.2,1.2,28.7,28.8,28.8
2026-05-25 05:00:00,Grajagan,1.24,7.7,0.0,11540.0,1.2,28.6,1.24,1.22,1.2,8.3,9.4,10.3,0.2,0.2,0.2,10080.0,7580.0,5100.0,1.3,1.2,1.2,28.6,28.7,28.8
2026-05-25 06:00:00,Grajagan,1.26,7.4,0.0,13000.0,1.0,28.6,1.24,1.24,1.22,7.7,8.3,9.4,0.0,0.2,0.2,11540.0,10080.0,7580.0,1.2,1.3,1.2,28.6,28.6,28.7
2026-05-25 07:00:00,Grajagan,1.26,5.9,0.0,14460.0,1.0,28.6,1.26,1.24,1.24,7.4,7.7,8.3,0.0,0.0,0.2,13000.0,11540.0,10080.0,1.0,1.2,1.3,28.6,28.6,28.6
2026-05-25 08:00:00,Grajagan,1.28,1.9,0.1,14560.0,1.0,28.6,1.26,1.26,1.24,5.9,7.4,7.7,0.0,0.0,0.0,14460.0,13000.0,11540.0,1.0,1.0,1.2,28.6,28.6,28.6
2026-05-25 09:00:00,Grajagan,1.28,3.6,0.1,14680.0,1.0,28.6,1.28,1.26,1.26,1.9,5.9,7.4,0.1,0.0,0.0,14560.0,14460.0,13000.0,1.0,1.0,1.0,28.6,28.6,28.6
2026-05-25 10:00:00,Grajagan,1.3,7.8,0.1,14780.0,1.0,28.8,1.28,1.28,1.26,3.6,1.9,5.9,0.1,0.1,0.0,14680.0,14560.0,14460.0,1.0,1.0,1.0,28.6,28.6,28.6
2026-05-25 11:00:00,Grajagan,1.32,9.9,0.0,17940.0,1.0,28.8,1.3,1.28,1.28,7.8,3.6,1.9,0.1,0.1,0.1,14780.0,14680.0,14560.0,1.0,1.0,1.0,28.8,28.6,28.6
2026-05-25 12:00:00,Grajagan,1.32,10.8,0.0,21100.0,1.0,28.9,1.32,1.3,1.28,9.9,7.8,3.6,0.0,0.1,0.1,17940.0,14780.0,14680.0,1.0,1.0,1.0,28.8,28.8,28.6
2026-05-25 13:00:00,Grajagan,1.34,10.7,0.0,24260.0,1.0,28.9,1.32,1.32,1.3,10.8,9.9,7.8,0.0,0.0,0.1,21100.0,17940.0,14780.0,1.0,1.0,1.0,28.9,28.8,28.8
2026-05-25 14:00:00,Grajagan,1.34,9.3,0.3,18160.0,1.0,28.9,1.34,1.32,1.32,10.7,10.8,9.9,0.0,0.0,0.0,24260.0,21100.0,17940.0,1.0,1.0,1.0,28.9,28.9,28.8
2026-05-25 15:00:00,Grajagan,1.36,7.2,0.3,12060.0,1.0,28.8,1.34,1.34,1.32,9.3,10.7,10.8,0.3,0.0,0.0,18160.0,24260.0,21100.0,1.0,1.0,1.0,28.9,28.9,28.9
2026-05-25 16:00:00,Grajagan,1.36,6.3,0.3,5960.0,1.0,28.8,1.36,1.34,1.34,7.2,9.3,10.7,0.3,0.3,0.0,12060.0,18160.0,24260.0,1.0,1.0,1.0,28.8,28.9,28.9
2026-05-25 17:00:00,Grajagan,1.38,5.9,0.2,7620.0,1.0,28.8,1.36,1.36,1.34,6.3,7.2,9.3,0.3,0.3,0.3,5960.0,12060.0,18160.0,1.0,1.0,1.0,28.8,28.8,28.9
2026-05-25 18:00:00,Grajagan,1.38,5.3,0.2,9280.0,1.0,28.7,1.38,1.36,1.36,5.9,6.3,7.2,0.2,0.3,0.3,7620.0,5960.0,12060.0,1.0,1.0,1.0,28.8,28.8,28.8
2026-05-25 19:00:00,Grajagan,1.4,4.7,0.2,10940.0,1.0,28.6,1.38,1.38,1.36,5.3,5.9,6.3,0.2,0.2,0.3,9280.0,7620.0,5960.0,1.0,1.0,1.0,28.7,28.8,28.8
2026-05-25 20:00:00,Grajagan,1.4,4.5,0.0,10560.0,1.0,28.6,1.4,1.38,1.38,4.7,5.3,5.9,0.2,0.2,0.2,10940.0,9280.0,7620.0,1.0,1.0,1.0,28.6,28.7,28.8
2026-05-25 21:00:00,Grajagan,1.4,5.5,0.0,10180.0,1.0,28.5,1.4,1.4,1.38,4.5,4.7,5.3,0.0,0.2,0.2,10560.0,10940.0,9280.0,1.0,1.0,1.0,28.6,28.6,28.7
2026-05-25 22:00:00,Grajagan,1.4,6.9,0.0,9800.0,1.0,28.5,1.4,1.4,1.4,5.5,4.5,4.7,0.0,0.0,0.2,10180.0,10560.0,10940.0,1.0,1.0,1.0,28.5,28.6,28.6
2026-05-25 23:00:00,Grajagan,1.4,7.2,0.0,10020.0,1.0,28.5,1.4,1.4,1.4,6.9,5.5,4.5,0.0,0.0,0.0,9800.0,10180.0,10560.0,1.0,1.0,1.0,28.5,28.5,28.6
2026-05-26 00:00:00,Grajagan,1.42,6.9,0.0,10240.0,1.0,28.4,1.4,1.4,1.4,7.2,6.9,5.5,0.0,0.0,0.0,10020.0,9800.0,10180.0,1.0,1.0,1.0,28.5,28.5,28.5
2026-05-26 01:00:00,Grajagan,1.42,6.6,0.0,10460.0,1.0,28.4,1.42,1.4,1.4,6.9,7.2,6.9,0.0,0.0,0.0,10240.0,10020.0,9800.0,1.0,1.0,1.0,28.4,28.5,28.5
2026-05-26 02:00:00,Grajagan,1.42,8.9,0.1,7400.0,1.0,28.3,1.42,1.42,1.4,6.6,6.9,7.2,0.0,0.0,0.0,10460.0,10240.0,10020.0,1.0,1.0,1.0,28.4,28.4,28.5
2026-05-26 03:00:00,Grajagan,1.42,9.3,0.1,8500.0,1.0,28.2,1.42,1.42,1.42,8.9,6.6,6.9,0.1,0.0,0.0,7400.0,10460.0,10240.0,1.0,1.0,1.0,28.3,28.4,28.4
2026-05-26 04:00:00,Grajagan,1.42,9.4,0.1,9620.0,1.0,28.2,1.42,1.42,1.42,9.3,8.9,6.6,0.1,0.1,0.0,8500.0,7400.0,10460.0,1.0,1.0,1.0,28.2,28.3,28.4
2026-05-26 05:00:00,Grajagan,1.42,9.0,0.1,10720.0,1.0,28.1,1.42,1.42,1.42,9.4,9.3,8.9,0.1,0.1,0.1,9620.0,8500.0,7400.0,1.0,1.0,1.0,28.2,28.2,28.3
2026-05-26 06:00:00,Grajagan,1.44,8.3,0.1,11820.0,1.2,28.1,1.42,1.42,1.42,9.0,9.4,9.3,0.1,0.1,0.1,10720.0,9620.0,8500.0,1.0,1.0,1.0,28.1,28.2,28.2
2026-05-26 07:00:00,Grajagan,1.44,7.0,0.1,12920.0,1.2,28.1,1.44,1.42,1.42,8.3,9.0,9.4,0.1,0.1,0.1,11820.0,10720.0,9620.0,1.2,1.0,1.0,28.1,28.1,28.2
2026-05-26 08:00:00,Grajagan,1.44,4.7,0.1,13340.0,1.0,28.1,1.44,1.44,1.42,7.0,8.3,9.0,0.1,0.1,0.1,12920.0,11820.0,10720.0,1.2,1.2,1.0,28.1,28.1,28.1
2026-05-26 09:00:00,Grajagan,1.46,2.9,0.1,13780.0,1.0,28.1,1.44,1.44,1.44,4.7,7.0,8.3,0.1,0.1,0.1,13340.0,12920.0,11820.0,1.0,1.2,1.2,28.1,28.1,28.1
2026-05-26 10:00:00,Grajagan,1.46,5.1,0.1,14200.0,1.0,28.2,1.46,1.44,1.44,2.9,4.7,7.0,0.1,0.1,0.1,13780.0,13340.0,12920.0,1.0,1.0,1.2,28.1,28.1,28.1
2026-05-26 11:00:00,Grajagan,1.48,8.9,0.1,14620.0,0.9,28.2,1.46,1.46,1.44,5.1,2.9,4.7,0.1,0.1,0.1,14200.0,13780.0,13340.0,1.0,1.0,1.0,28.2,28.1,28.1
2026-05-26 12:00:00,Grajagan,1.5,12.2,0.1,15060.0,0.9,28.3,1.48,1.46,1.46,8.9,5.1,2.9,0.1,0.1,0.1,14620.0,14200.0,13780.0,0.9,1.0,1.0,28.2,28.2,28.1
2026-05-26 13:00:00,Grajagan,1.52,14.0,0.1,15480.0,0.9,28.3,1.5,1.48,1.46,12.2,8.9,5.1,0.1,0.1,0.1,15060.0,14620.0,14200.0,0.9,0.9,1.0,28.3,28.2,28.2
2026-05-26 14:00:00,Grajagan,1.54,14.2,0.1,15960.0,0.9,28.2,1.52,1.5,1.48,14.0,12.2,8.9,0.1,0.1,0.1,15480.0,15060.0,14620.0,0.9,0.9,0.9,28.3,28.3,28.2
2026-05-26 15:00:00,Grajagan,1.54,13.1,0.1,16440.0,0.9,28.1,1.54,1.52,1.5,14.2,14.0,12.2,0.1,0.1,0.1,15960.0,15480.0,15060.0,0.9,0.9,0.9,28.2,28.3,28.3
2026-05-26 16:00:00,Grajagan,1.56,11.4,0.1,16940.0,0.9,28.0,1.54,1.54,1.52,13.1,14.2,14.0,0.1,0.1,0.1,16440.0,15960.0,15480.0,0.9,0.9,0.9,28.1,28.2,28.3
2026-05-26 17:00:00,Grajagan,1.56,9.5,0.1,17420.0,0.8,28.0,1.56,1.54,1.54,11.4,13.1,14.2,0.1,0.1,0.1,16940.0,16440.0,15960.0,0.9,0.9,0.9,28.0,28.1,28.2
2026-05-26 18:00:00,Grajagan,1.58,8.1,0.1,17900.0,0.8,27.9,1.56,1.56,1.54,9.5,11.4,13.1,0.1,0.1,0.1,17420.0,16940.0,16440.0,0.8,0.9,0.9,28.0,28.0,28.1
2026-05-26 19:00:00,Grajagan,1.58,7.2,0.1,18380.0,0.8,27.8,1.58,1.56,1.56,8.1,9.5,11.4,0.1,0.1,0.1,17900.0,17420.0,16940.0,0.8,0.8,0.9,27.9,28.0,28.0
2026-05-26 20:00:00,Grajagan,1.58,6.6,0.0,18060.0,0.9,27.7,1.58,1.58,1.56,7.2,8.1,9.5,0.1,0.1,0.1,18380.0,17900.0,17420.0,0.8,0.8,0.8,27.8,27.9,28.0
2026-05-26 21:00:00,Grajagan,1.58,5.8,0.0,17740.0,1.0,27.6,1.58,1.58,1.58,6.6,7.2,8.1,0.0,0.1,0.1,18060.0,18380.0,17900.0,0.9,0.8,0.8,27.7,27.8,27.9
2026-05-26 22:00:00,Grajagan,1.58,5.1,0.0,17420.0,1.0,27.6,1.58,1.58,1.58,5.8,6.6,7.2,0.0,0.0,0.1,17740.0,18060.0,18380.0,1.0,0.9,0.8,27.6,27.7,27.8
2026-05-26 23:00:00,Grajagan,1.58,4.4,0.0,17100.0,1.2,27.6,1.58,1.58,1.58,5.1,5.8,6.6,0.0,0.0,0.0,17420.0,17740.0,18060.0,1.0,1.0,0.9,27.6,27.6,27.7
2026-05-20 03:00:00,Gresik,0.04,3.9,0.0,13740.0,0.0,31.8,0.04,0.04,0.04,4.3,4.2,5.9,0.0,0.0,0.0,13800.0,13800.0,13800.0,0.0,0.0,0.0,31.8,31.9,31.9
2026-05-20 04:00:00,Gresik,0.04,3.5,0.0,13800.0,0.0,31.8,0.04,0.04,0.04,3.9,4.3,4.2,0.0,0.0,0.0,13740.0,13800.0,13800.0,0.0,0.0,0.0,31.8,31.8,31.9
2026-05-20 05:00:00,Gresik,0.04,3.2,0.0,13800.0,0.0,31.8,0.04,0.04,0.04,3.5,3.9,4.3,0.0,0.0,0.0,13800.0,13740.0,13800.0,0.0,0.0,0.0,31.8,31.8,31.8
2026-05-20 06:00:00,Gresik,0.04,2.5,0.0,13800.0,0.0,31.8,0.04,0.04,0.04,3.2,3.5,3.9,0.0,0.0,0.0,13800.0,13800.0,13740.0,0.0,0.0,0.0,31.8,31.8,31.8
2026-05-20 07:00:00,Gresik,0.04,2.2,0.0,15880.0,0.0,31.8,0.04,0.04,0.04,2.5,3.2,3.5,0.0,0.0,0.0,13800.0,13800.0,13800.0,0.0,0.0,0.0,31.8,31.8,31.8
2026-05-20 08:00:00,Gresik,0.04,4.9,0.0,18740.0,0.0,31.8,0.04,0.04,0.04,2.2,2.5,3.2,0.0,0.0,0.0,15880.0,13800.0,13800.0,0.0,0.0,0.0,31.8,31.8,31.8
2026-05-20 09:00:00,Gresik,0.04,7.5,0.0,20260.0,0.0,31.9,0.04,0.04,0.04,4.9,2.2,2.5,0.0,0.0,0.0,18740.0,15880.0,13800.0,0.0,0.0,0.0,31.8,31.8,31.8
2026-05-20 10:00:00,Gresik,0.04,8.4,0.0,22320.0,0.0,32.0,0.04,0.04,0.04,7.5,4.9,2.2,0.0,0.0,0.0,20260.0,18740.0,15880.0,0.0,0.0,0.0,31.9,31.8,31.8
2026-05-20 11:00:00,Gresik,0.04,7.5,0.0,22320.0,0.2,32.0,0.04,0.04,0.04,8.4,7.5,4.9,0.0,0.0,0.0,22320.0,20260.0,18740.0,0.0,0.0,0.0,32.0,31.9,31.8
2026-05-20 12:00:00,Gresik,0.04,9.2,0.0,15800.0,0.2,32.1,0.04,0.04,0.04,7.5,8.4,7.5,0.0,0.0,0.0,22320.0,22320.0,20260.0,0.2,0.0,0.0,32.0,32.0,31.9
2026-05-20 13:00:00,Gresik,0.04,10.7,0.0,10860.0,0.2,32.2,0.04,0.04,0.04,9.2,7.5,8.4,0.0,0.0,0.0,15800.0,22320.0,22320.0,0.2,0.2,0.0,32.1,32.0,32.0
2026-05-20 14:00:00,Gresik,0.08,11.9,0.2,4720.0,0.2,32.2,0.04,0.04,0.04,10.7,9.2,7.5,0.0,0.0,0.0,10860.0,15800.0,22320.0,0.2,0.2,0.2,32.2,32.1,32.0
2026-05-20 15:00:00,Gresik,0.1,13.3,0.8,4380.0,0.2,32.2,0.08,0.04,0.04,11.9,10.7,9.2,0.2,0.0,0.0,4720.0,10860.0,15800.0,0.2,0.2,0.2,32.2,32.2,32.1
2026-05-20 16:00:00,Gresik,0.14,9.4,0.3,13540.0,0.0,32.2,0.1,0.08,0.04,13.3,11.9,10.7,0.8,0.2,0.0,4380.0,4720.0,10860.0,0.2,0.2,0.2,32.2,32.2,32.2
2026-05-20 17:00:00,Gresik,0.14,7.0,0.0,9540.0,0.0,32.1,0.14,0.1,0.08,9.4,13.3,11.9,0.3,0.8,0.2,13540.0,4380.0,4720.0,0.0,0.2,0.2,32.2,32.2,32.2
2026-05-20 18:00:00,Gresik,0.12,3.2,0.1,7440.0,0.0,32.1,0.14,0.14,0.1,7.0,9.4,13.3,0.0,0.3,0.8,9540.0,13540.0,4380.0,0.0,0.0,0.2,32.1,32.2,32.2
2026-05-20 19:00:00,Gresik,0.12,7.7,0.1,7720.0,0.0,32.0,0.12,0.14,0.14,3.2,7.0,9.4,0.1,0.0,0.3,7440.0,9540.0,13540.0,0.0,0.0,0.0,32.1,32.1,32.2
2026-05-20 20:00:00,Gresik,0.1,5.5,0.0,10080.0,0.0,32.0,0.12,0.12,0.14,7.7,3.2,7.0,0.1,0.1,0.0,7720.0,7440.0,9540.0,0.0,0.0,0.0,32.0,32.1,32.1
2026-05-20 21:00:00,Gresik,0.1,7.5,0.0,13460.0,0.0,32.0,0.1,0.12,0.12,5.5,7.7,3.2,0.0,0.1,0.1,10080.0,7720.0,7440.0,0.0,0.0,0.0,32.0,32.0,32.1
2026-05-20 22:00:00,Gresik,0.08,7.1,0.0,12900.0,0.0,32.0,0.1,0.1,0.12,7.5,5.5,7.7,0.0,0.0,0.1,13460.0,10080.0,7720.0,0.0,0.0,0.0,32.0,32.0,32.0
2026-05-20 23:00:00,Gresik,0.08,6.2,0.0,14040.0,0.0,32.0,0.08,0.1,0.1,7.1,7.5,5.5,0.0,0.0,0.0,12900.0,13460.0,10080.0,0.0,0.0,0.0,32.0,32.0,32.0
2026-05-21 00:00:00,Gresik,0.08,4.6,0.0,15360.0,0.0,32.0,0.08,0.08,0.1,6.2,7.1,7.5,0.0,0.0,0.0,14040.0,12900.0,13460.0,0.0,0.0,0.0,32.0,32.0,32.0
2026-05-21 01:00:00,Gresik,0.08,5.3,0.0,13160.0,0.0,31.9,0.08,0.08,0.08,4.6,6.2,7.1,0.0,0.0,0.0,15360.0,14040.0,12900.0,0.0,0.0,0.0,32.0,32.0,32.0
2026-05-21 02:00:00,Gresik,0.08,5.4,0.0,13200.0,0.0,31.9,0.08,0.08,0.08,5.3,4.6,6.2,0.0,0.0,0.0,13160.0,15360.0,14040.0,0.0,0.0,0.0,31.9,32.0,32.0
2026-05-21 03:00:00,Gresik,0.08,6.0,0.0,13360.0,0.0,31.9,0.08,0.08,0.08,5.4,5.3,4.6,0.0,0.0,0.0,13200.0,13160.0,15360.0,0.0,0.0,0.0,31.9,31.9,32.0
2026-05-21 04:00:00,Gresik,0.08,6.8,0.0,13400.0,0.0,31.8,0.08,0.08,0.08,6.0,5.4,5.3,0.0,0.0,0.0,13360.0,13200.0,13160.0,0.0,0.0,0.0,31.9,31.9,31.9
2026-05-21 05:00:00,Gresik,0.08,4.2,0.0,13500.0,0.0,31.8,0.08,0.08,0.08,6.8,6.0,5.4,0.0,0.0,0.0,13400.0,13360.0,13200.0,0.0,0.0,0.0,31.8,31.9,31.9
2026-05-21 06:00:00,Gresik,0.06,3.1,0.0,13580.0,0.0,31.8,0.08,0.08,0.08,4.2,6.8,6.0,0.0,0.0,0.0,13500.0,13400.0,13360.0,0.0,0.0,0.0,31.8,31.8,31.9
2026-05-21 07:00:00,Gresik,0.06,4.1,0.0,15620.0,0.0,31.8,0.06,0.08,0.08,3.1,4.2,6.8,0.0,0.0,0.0,13580.0,13500.0,13400.0,0.0,0.0,0.0,31.8,31.8,31.8
2026-05-21 08:00:00,Gresik,0.06,9.0,0.0,17660.0,0.0,31.8,0.06,0.06,0.08,4.1,3.1,4.2,0.0,0.0,0.0,15620.0,13580.0,13500.0,0.0,0.0,0.0,31.8,31.8,31.8
2026-05-21 09:00:00,Gresik,0.06,9.6,0.0,10960.0,0.0,31.9,0.06,0.06,0.06,9.0,4.1,3.1,0.0,0.0,0.0,17660.0,15620.0,13580.0,0.0,0.0,0.0,31.8,31.8,31.8
2026-05-21 10:00:00,Gresik,0.06,8.9,0.0,8600.0,0.0,32.0,0.06,0.06,0.06,9.6,9.0,4.1,0.0,0.0,0.0,10960.0,17660.0,15620.0,0.0,0.0,0.0,31.9,31.8,31.8
2026-05-21 11:00:00,Gresik,0.06,8.4,0.1,8520.0,0.2,32.1,0.06,0.06,0.06,8.9,9.6,9.0,0.0,0.0,0.0,8600.0,10960.0,17660.0,0.0,0.0,0.0,32.0,31.9,31.8
2026-05-21 12:00:00,Gresik,0.06,9.6,0.3,8200.0,0.2,32.2,0.06,0.06,0.06,8.4,8.9,9.6,0.1,0.0,0.0,8520.0,8600.0,10960.0,0.2,0.0,0.0,32.1,32.0,31.9
2026-05-21 13:00:00,Gresik,0.06,9.5,1.3,4140.0,0.2,32.2,0.06,0.06,0.06,9.6,8.4,8.9,0.3,0.1,0.0,8200.0,8520.0,8600.0,0.2,0.2,0.0,32.2,32.1,32.0
2026-05-21 14:00:00,Gresik,0.06,11.1,0.7,5360.0,0.2,32.2,0.06,0.06,0.06,9.5,9.6,8.4,1.3,0.3,0.1,4140.0,8200.0,8520.0,0.2,0.2,0.2,32.2,32.2,32.1
2026-05-21 15:00:00,Gresik,0.06,5.8,0.2,6380.0,0.2,32.2,0.06,0.06,0.06,11.1,9.5,9.6,0.7,1.3,0.3,5360.0,4140.0,8200.0,0.2,0.2,0.2,32.2,32.2,32.2
2026-05-21 16:00:00,Gresik,0.06,8.5,0.7,6160.0,0.0,32.2,0.06,0.06,0.06,5.8,11.1,9.5,0.2,0.7,1.3,6380.0,5360.0,4140.0,0.2,0.2,0.2,32.2,32.2,32.2
2026-05-21 17:00:00,Gresik,0.06,7.6,0.1,9800.0,0.0,32.2,0.06,0.06,0.06,8.5,5.8,11.1,0.7,0.2,0.7,6160.0,6380.0,5360.0,0.0,0.2,0.2,32.2,32.2,32.2
2026-05-21 18:00:00,Gresik,0.06,5.6,0.0,10180.0,0.0,32.1,0.06,0.06,0.06,7.6,8.5,5.8,0.1,0.7,0.2,9800.0,6160.0,6380.0,0.0,0.0,0.2,32.2,32.2,32.2
2026-05-21 19:00:00,Gresik,0.06,3.6,0.0,12860.0,0.0,32.0,0.06,0.06,0.06,5.6,7.6,8.5,0.0,0.1,0.7,10180.0,9800.0,6160.0,0.0,0.0,0.0,32.1,32.2,32.2
2026-05-21 20:00:00,Gresik,0.06,3.5,0.0,11400.0,0.0,32.0,0.06,0.06,0.06,3.6,5.6,7.6,0.0,0.0,0.1,12860.0,10180.0,9800.0,0.0,0.0,0.0,32.0,32.1,32.2
2026-05-21 21:00:00,Gresik,0.08,3.7,0.0,11020.0,0.0,32.0,0.06,0.06,0.06,3.5,3.6,5.6,0.0,0.0,0.0,11400.0,12860.0,10180.0,0.0,0.0,0.0,32.0,32.0,32.1
2026-05-21 22:00:00,Gresik,0.08,6.1,0.0,11300.0,0.0,32.0,0.08,0.06,0.06,3.7,3.5,3.6,0.0,0.0,0.0,11020.0,11400.0,12860.0,0.0,0.0,0.0,32.0,32.0,32.0
2026-05-21 23:00:00,Gresik,0.08,7.2,0.0,11500.0,0.0,32.0,0.08,0.08,0.06,6.1,3.7,3.5,0.0,0.0,0.0,11300.0,11020.0,11400.0,0.0,0.0,0.0,32.0,32.0,32.0
2026-05-22 00:00:00,Gresik,0.08,6.6,0.0,10940.0,0.0,31.9,0.08,0.08,0.08,7.2,6.1,3.7,0.0,0.0,0.0,11500.0,11300.0,11020.0,0.0,0.0,0.0,32.0,32.0,32.0
2026-05-22 01:00:00,Gresik,0.08,6.0,0.0,8040.0,0.0,31.9,0.08,0.08,0.08,6.6,7.2,6.1,0.0,0.0,0.0,10940.0,11500.0,11300.0,0.0,0.0,0.0,31.9,32.0,32.0
2026-05-22 02:00:00,Gresik,0.08,4.6,0.0,3780.0,0.0,31.9,0.08,0.08,0.08,6.0,6.6,7.2,0.0,0.0,0.0,8040.0,10940.0,11500.0,0.0,0.0,0.0,31.9,31.9,32.0
2026-05-22 03:00:00,Gresik,0.08,3.0,0.0,2900.0,0.0,31.9,0.08,0.08,0.08,4.6,6.0,6.6,0.0,0.0,0.0,3780.0,8040.0,10940.0,0.0,0.0,0.0,31.9,31.9,31.9
2026-05-22 04:00:00,Gresik,0.08,4.1,0.0,1640.0,0.0,31.8,0.08,0.08,0.08,3.0,4.6,6.0,0.0,0.0,0.0,2900.0,3780.0,8040.0,0.0,0.0,0.0,31.9,31.9,31.9
2026-05-22 05:00:00,Gresik,0.08,5.5,0.0,1220.0,0.0,31.8,0.08,0.08,0.08,4.1,3.0,4.6,0.0,0.0,0.0,1640.0,2900.0,3780.0,0.0,0.0,0.0,31.8,31.9,31.9
2026-05-22 06:00:00,Gresik,0.08,4.8,0.0,1020.0,0.0,31.8,0.08,0.08,0.08,5.5,4.1,3.0,0.0,0.0,0.0,1220.0,1640.0,2900.0,0.0,0.0,0.0,31.8,31.8,31.9
2026-05-22 07:00:00,Gresik,0.08,2.8,0.0,11940.0,0.0,31.8,0.08,0.08,0.08,4.8,5.5,4.1,0.0,0.0,0.0,1020.0,1220.0,1640.0,0.0,0.0,0.0,31.8,31.8,31.8
2026-05-22 08:00:00,Gresik,0.08,1.1,0.0,15980.0,0.0,31.8,0.08,0.08,0.08,2.8,4.8,5.5,0.0,0.0,0.0,11940.0,1020.0,1220.0,0.0,0.0,0.0,31.8,31.8,31.8
2026-05-22 09:00:00,Gresik,0.06,3.6,0.1,6460.0,0.0,31.9,0.08,0.08,0.08,1.1,2.8,4.8,0.0,0.0,0.0,15980.0,11940.0,1020.0,0.0,0.0,0.0,31.8,31.8,31.8
2026-05-22 10:00:00,Gresik,0.06,6.1,0.2,7640.0,0.0,32.0,0.06,0.08,0.08,3.6,1.1,2.8,0.1,0.0,0.0,6460.0,15980.0,11940.0,0.0,0.0,0.0,31.9,31.8,31.8
2026-05-22 11:00:00,Gresik,0.06,4.0,0.2,7020.0,0.0,32.1,0.06,0.06,0.08,6.1,3.6,1.1,0.2,0.1,0.0,7640.0,6460.0,15980.0,0.0,0.0,0.0,32.0,31.9,31.8
2026-05-22 12:00:00,Gresik,0.06,5.4,0.1,20360.0,0.0,32.2,0.06,0.06,0.06,4.0,6.1,3.6,0.2,0.2,0.1,7020.0,7640.0,6460.0,0.0,0.0,0.0,32.1,32.0,31.9
2026-05-22 13:00:00,Gresik,0.06,7.8,0.0,10880.0,0.2,32.2,0.06,0.06,0.06,5.4,4.0,6.1,0.1,0.2,0.2,20360.0,7020.0,7640.0,0.0,0.0,0.0,32.2,32.1,32.0
2026-05-22 14:00:00,Gresik,0.06,9.2,0.1,10080.0,0.2,32.2,0.06,0.06,0.06,7.8,5.4,4.0,0.0,0.1,0.2,10880.0,20360.0,7020.0,0.2,0.0,0.0,32.2,32.2,32.1
2026-05-22 15:00:00,Gresik,0.04,6.2,0.3,5000.0,0.2,32.2,0.06,0.06,0.06,9.2,7.8,5.4,0.1,0.0,0.1,10080.0,10880.0,20360.0,0.2,0.2,0.0,32.2,32.2,32.2
2026-05-22 16:00:00,Gresik,0.04,6.8,0.5,6280.0,0.2,32.2,0.04,0.06,0.06,6.2,9.2,7.8,0.3,0.1,0.0,5000.0,10080.0,10880.0,0.2,0.2,0.2,32.2,32.2,32.2
2026-05-22 17:00:00,Gresik,0.04,5.9,0.1,10240.0,0.0,32.1,0.04,0.04,0.06,6.8,6.2,9.2,0.5,0.3,0.1,6280.0,5000.0,10080.0,0.2,0.2,0.2,32.2,32.2,32.2
2026-05-22 18:00:00,Gresik,0.04,2.1,0.0,10320.0,0.0,32.0,0.04,0.04,0.04,5.9,6.8,6.2,0.1,0.5,0.3,10240.0,6280.0,5000.0,0.0,0.2,0.2,32.1,32.2,32.2
2026-05-22 19:00:00,Gresik,0.04,2.7,0.0,8020.0,0.0,32.0,0.04,0.04,0.04,2.1,5.9,6.8,0.0,0.1,0.5,10320.0,10240.0,6280.0,0.0,0.0,0.2,32.0,32.1,32.2
2026-05-22 20:00:00,Gresik,0.04,3.1,1.0,2620.0,0.0,32.0,0.04,0.04,0.04,2.7,2.1,5.9,0.0,0.0,0.1,8020.0,10320.0,10240.0,0.0,0.0,0.0,32.0,32.0,32.1
2026-05-22 21:00:00,Gresik,0.06,2.6,1.0,4340.0,0.0,32.0,0.04,0.04,0.04,3.1,2.7,2.1,1.0,0.0,0.0,2620.0,8020.0,10320.0,0.0,0.0,0.0,32.0,32.0,32.0
2026-05-22 22:00:00,Gresik,0.06,5.3,0.2,4620.0,0.0,32.0,0.06,0.04,0.04,2.6,3.1,2.7,1.0,1.0,0.0,4340.0,2620.0,8020.0,0.0,0.0,0.0,32.0,32.0,32.0
2026-05-22 23:00:00,Gresik,0.06,5.8,1.4,3560.0,0.0,32.0,0.06,0.06,0.04,5.3,2.6,3.1,0.2,1.0,1.0,4620.0,4340.0,2620.0,0.0,0.0,0.0,32.0,32.0,32.0
2026-05-23 00:00:00,Gresik,0.06,4.3,0.3,5140.0,0.0,31.9,0.06,0.06,0.06,5.8,5.3,2.6,1.4,0.2,1.0,3560.0,4620.0,4340.0,0.0,0.0,0.0,32.0,32.0,32.0
2026-05-23 01:00:00,Gresik,0.06,3.3,0.1,6680.0,0.0,31.9,0.06,0.06,0.06,4.3,5.8,5.3,0.3,1.4,0.2,5140.0,3560.0,4620.0,0.0,0.0,0.0,31.9,32.0,32.0
2026-05-23 02:00:00,Gresik,0.06,2.3,0.0,7600.0,0.0,31.9,0.06,0.06,0.06,3.3,4.3,5.8,0.1,0.3,1.4,6680.0,5140.0,3560.0,0.0,0.0,0.0,31.9,31.9,32.0
2026-05-23 03:00:00,Gresik,0.08,2.7,0.0,11240.0,0.0,31.9,0.06,0.06,0.06,2.3,3.3,4.3,0.0,0.1,0.3,7600.0,6680.0,5140.0,0.0,0.0,0.0,31.9,31.9,31.9
2026-05-23 04:00:00,Gresik,0.08,3.8,0.0,9080.0,0.0,31.8,0.08,0.06,0.06,2.7,2.3,3.3,0.0,0.0,0.1,11240.0,7600.0,6680.0,0.0,0.0,0.0,31.9,31.9,31.9
2026-05-23 05:00:00,Gresik,0.08,3.9,0.0,2940.0,0.0,31.8,0.08,0.08,0.06,3.8,2.7,2.3,0.0,0.0,0.0,9080.0,11240.0,7600.0,0.0,0.0,0.0,31.8,31.9,31.9
2026-05-23 06:00:00,Gresik,0.08,2.9,0.0,6900.0,0.0,31.8,0.08,0.08,0.08,3.9,3.8,2.7,0.0,0.0,0.0,2940.0,9080.0,11240.0,0.0,0.0,0.0,31.8,31.8,31.9
2026-05-23 07:00:00,Gresik,0.08,3.7,0.0,13580.0,0.0,31.8,0.08,0.08,0.08,2.9,3.9,3.8,0.0,0.0,0.0,6900.0,2940.0,9080.0,0.0,0.0,0.0,31.8,31.8,31.8
2026-05-23 08:00:00,Gresik,0.08,4.8,0.0,15600.0,0.0,31.8,0.08,0.08,0.08,3.7,2.9,3.9,0.0,0.0,0.0,13580.0,6900.0,2940.0,0.0,0.0,0.0,31.8,31.8,31.8
2026-05-23 09:00:00,Gresik,0.08,3.9,0.0,13320.0,0.0,31.9,0.08,0.08,0.08,4.8,3.7,2.9,0.0,0.0,0.0,15600.0,13580.0,6900.0,0.0,0.0,0.0,31.8,31.8,31.8
2026-05-23 10:00:00,Gresik,0.08,2.9,0.1,8880.0,0.0,32.0,0.08,0.08,0.08,3.9,4.8,3.7,0.0,0.0,0.0,13320.0,15600.0,13580.0,0.0,0.0,0.0,31.9,31.8,31.8
2026-05-23 11:00:00,Gresik,0.08,2.9,0.1,9160.0,0.0,32.2,0.08,0.08,0.08,2.9,3.9,4.8,0.1,0.0,0.0,8880.0,13320.0,15600.0,0.0,0.0,0.0,32.0,31.9,31.8
2026-05-23 12:00:00,Gresik,0.06,4.3,0.1,10000.0,0.0,32.2,0.08,0.08,0.08,2.9,2.9,3.9,0.1,0.1,0.0,9160.0,8880.0,13320.0,0.0,0.0,0.0,32.2,32.0,31.9
2026-05-23 13:00:00,Gresik,0.06,5.2,0.1,9180.0,0.0,32.3,0.06,0.08,0.08,4.3,2.9,2.9,0.1,0.1,0.1,10000.0,9160.0,8880.0,0.0,0.0,0.0,32.2,32.2,32.0
2026-05-23 14:00:00,Gresik,0.06,10.7,0.1,13300.0,0.0,32.3,0.06,0.06,0.08,5.2,4.3,2.9,0.1,0.1,0.1,9180.0,10000.0,9160.0,0.0,0.0,0.0,32.3,32.2,32.2
2026-05-23 15:00:00,Gresik,0.06,9.2,0.0,4720.0,0.0,32.2,0.06,0.06,0.06,10.7,5.2,4.3,0.1,0.1,0.1,13300.0,9180.0,10000.0,0.0,0.0,0.0,32.3,32.3,32.2
2026-05-23 16:00:00,Gresik,0.06,7.8,0.3,12480.0,0.0,32.2,0.06,0.06,0.06,9.2,10.7,5.2,0.0,0.1,0.1,4720.0,13300.0,9180.0,0.0,0.0,0.0,32.2,32.3,32.3
2026-05-23 17:00:00,Gresik,0.06,4.8,0.0,7260.0,0.0,32.1,0.06,0.06,0.06,7.8,9.2,10.7,0.3,0.0,0.1,12480.0,4720.0,13300.0,0.0,0.0,0.0,32.2,32.2,32.3
2026-05-23 18:00:00,Gresik,0.06,0.4,0.2,10680.0,0.0,32.0,0.06,0.06,0.06,4.8,7.8,9.2,0.0,0.3,0.0,7260.0,12480.0,4720.0,0.0,0.0,0.0,32.1,32.2,32.2
2026-05-23 19:00:00,Gresik,0.06,3.4,0.0,13540.0,0.0,32.0,0.06,0.06,0.06,0.4,4.8,7.8,0.2,0.0,0.3,10680.0,7260.0,12480.0,0.0,0.0,0.0,32.0,32.1,32.2
2026-05-23 20:00:00,Gresik,0.06,3.6,0.0,12560.0,0.0,32.0,0.06,0.06,0.06,3.4,0.4,4.8,0.0,0.2,0.0,13540.0,10680.0,7260.0,0.0,0.0,0.0,32.0,32.0,32.1
2026-05-23 21:00:00,Gresik,0.06,3.3,0.0,11600.0,0.0,32.0,0.06,0.06,0.06,3.6,3.4,0.4,0.0,0.0,0.2,12560.0,13540.0,10680.0,0.0,0.0,0.0,32.0,32.0,32.0
2026-05-23 22:00:00,Gresik,0.06,3.2,0.0,10620.0,0.0,32.0,0.06,0.06,0.06,3.3,3.6,3.4,0.0,0.0,0.0,11600.0,12560.0,13540.0,0.0,0.0,0.0,32.0,32.0,32.0
2026-05-23 23:00:00,Gresik,0.06,3.6,0.0,10820.0,0.0,32.0,0.06,0.06,0.06,3.2,3.3,3.6,0.0,0.0,0.0,10620.0,11600.0,12560.0,0.0,0.0,0.0,32.0,32.0,32.0
2026-05-24 00:00:00,Gresik,0.04,4.3,0.0,11000.0,0.0,31.9,0.06,0.06,0.06,3.6,3.2,3.3,0.0,0.0,0.0,10820.0,10620.0,11600.0,0.0,0.0,0.0,32.0,32.0,32.0
2026-05-24 01:00:00,Gresik,0.04,4.7,0.0,11200.0,0.0,31.9,0.04,0.06,0.06,4.3,3.6,3.2,0.0,0.0,0.0,11000.0,10820.0,10620.0,0.0,0.0,0.0,31.9,32.0,32.0
2026-05-24 02:00:00,Gresik,0.04,4.3,0.0,10080.0,0.0,31.9,0.04,0.04,0.06,4.7,4.3,3.6,0.0,0.0,0.0,11200.0,11000.0,10820.0,0.0,0.0,0.0,31.9,31.9,32.0
2026-05-24 03:00:00,Gresik,0.04,3.6,0.0,8960.0,0.0,31.9,0.04,0.04,0.04,4.3,4.7,4.3,0.0,0.0,0.0,10080.0,11200.0,11000.0,0.0,0.0,0.0,31.9,31.9,31.9
2026-05-24 04:00:00,Gresik,0.04,3.2,0.0,7840.0,0.0,31.8,0.04,0.04,0.04,3.6,4.3,4.7,0.0,0.0,0.0,8960.0,10080.0,11200.0,0.0,0.0,0.0,31.9,31.9,31.9
2026-05-24 05:00:00,Gresik,0.04,3.5,0.0,7440.0,0.0,31.8,0.04,0.04,0.04,3.2,3.6,4.3,0.0,0.0,0.0,7840.0,8960.0,10080.0,0.0,0.0,0.0,31.8,31.9,31.9
2026-05-24 06:00:00,Gresik,0.04,3.8,0.0,7020.0,0.0,31.8,0.04,0.04,0.04,3.5,3.2,3.6,0.0,0.0,0.0,7440.0,7840.0,8960.0,0.0,0.0,0.0,31.8,31.8,31.9
2026-05-24 07:00:00,Gresik,0.04,3.8,0.0,6620.0,0.0,31.8,0.04,0.04,0.04,3.8,3.5,3.2,0.0,0.0,0.0,7020.0,7440.0,7840.0,0.0,0.0,0.0,31.8,31.8,31.8
2026-05-24 08:00:00,Gresik,0.04,3.1,0.0,7980.0,0.0,31.8,0.04,0.04,0.04,3.8,3.8,3.5,0.0,0.0,0.0,6620.0,7020.0,7440.0,0.0,0.0,0.0,31.8,31.8,31.8
2026-05-24 09:00:00,Gresik,0.04,1.8,0.0,9340.0,0.0,31.9,0.04,0.04,0.04,3.1,3.8,3.8,0.0,0.0,0.0,7980.0,6620.0,7020.0,0.0,0.0,0.0,31.8,31.8,31.8
2026-05-24 10:00:00,Gresik,0.04,1.8,0.0,10700.0,0.0,32.0,0.04,0.04,0.04,1.8,3.1,3.8,0.0,0.0,0.0,9340.0,7980.0,6620.0,0.0,0.0,0.0,31.9,31.8,31.8
2026-05-24 11:00:00,Gresik,0.04,5.8,0.1,8300.0,0.0,32.0,0.04,0.04,0.04,1.8,1.8,3.1,0.0,0.0,0.0,10700.0,9340.0,7980.0,0.0,0.0,0.0,32.0,31.9,31.8
2026-05-24 12:00:00,Gresik,0.04,10.9,0.1,5880.0,0.0,32.1,0.04,0.04,0.04,5.8,1.8,1.8,0.1,0.0,0.0,8300.0,10700.0,9340.0,0.0,0.0,0.0,32.0,32.0,31.9
2026-05-24 13:00:00,Gresik,0.04,12.4,0.1,3480.0,0.2,32.2,0.04,0.04,0.04,10.9,5.8,1.8,0.1,0.1,0.0,5880.0,8300.0,10700.0,0.0,0.0,0.0,32.1,32.0,32.0
2026-05-24 14:00:00,Gresik,0.04,7.4,2.3,3460.0,0.2,32.2,0.04,0.04,0.04,12.4,10.9,5.8,0.1,0.1,0.1,3480.0,5880.0,8300.0,0.2,0.0,0.0,32.2,32.1,32.0
2026-05-24 15:00:00,Gresik,0.04,3.7,2.3,3420.0,0.0,32.2,0.04,0.04,0.04,7.4,12.4,10.9,2.3,0.1,0.1,3460.0,3480.0,5880.0,0.2,0.2,0.0,32.2,32.2,32.1
2026-05-24 16:00:00,Gresik,0.04,8.9,2.3,3400.0,0.0,32.1,0.04,0.04,0.04,3.7,7.4,12.4,2.3,2.3,0.1,3420.0,3460.0,3480.0,0.0,0.2,0.2,32.2,32.2,32.2
2026-05-24 17:00:00,Gresik,0.04,9.2,0.1,5820.0,0.0,32.0,0.04,0.04,0.04,8.9,3.7,7.4,2.3,2.3,2.3,3400.0,3420.0,3460.0,0.0,0.0,0.2,32.1,32.2,32.2
2026-05-24 18:00:00,Gresik,0.04,7.6,0.1,8260.0,0.0,32.0,0.04,0.04,0.04,9.2,8.9,3.7,0.1,2.3,2.3,5820.0,3400.0,3420.0,0.0,0.0,0.0,32.0,32.1,32.2
2026-05-24 19:00:00,Gresik,0.04,6.6,0.1,10680.0,0.0,32.0,0.04,0.04,0.04,7.6,9.2,8.9,0.1,0.1,2.3,8260.0,5820.0,3400.0,0.0,0.0,0.0,32.0,32.0,32.1
2026-05-24 20:00:00,Gresik,0.04,5.9,0.0,10920.0,0.0,32.0,0.04,0.04,0.04,6.6,7.6,9.2,0.1,0.1,0.1,10680.0,8260.0,5820.0,0.0,0.0,0.0,32.0,32.0,32.0
2026-05-24 21:00:00,Gresik,0.04,5.4,0.0,11180.0,0.0,32.0,0.04,0.04,0.04,5.9,6.6,7.6,0.0,0.1,0.1,10920.0,10680.0,8260.0,0.0,0.0,0.0,32.0,32.0,32.0
2026-05-24 22:00:00,Gresik,0.04,5.4,0.0,11420.0,0.0,32.0,0.04,0.04,0.04,5.4,5.9,6.6,0.0,0.0,0.1,11180.0,10920.0,10680.0,0.0,0.0,0.0,32.0,32.0,32.0
2026-05-24 23:00:00,Gresik,0.04,6.0,0.0,10300.0,0.0,31.9,0.04,0.04,0.04,5.4,5.4,5.9,0.0,0.0,0.0,11420.0,11180.0,10920.0,0.0,0.0,0.0,32.0,32.0,32.0
2026-05-25 00:00:00,Gresik,0.02,6.4,0.0,9180.0,0.0,31.9,0.04,0.04,0.04,6.0,5.4,5.4,0.0,0.0,0.0,10300.0,11420.0,11180.0,0.0,0.0,0.0,31.9,32.0,32.0
2026-05-25 01:00:00,Gresik,0.02,6.6,0.0,8060.0,0.0,31.9,0.02,0.04,0.04,6.4,6.0,5.4,0.0,0.0,0.0,9180.0,10300.0,11420.0,0.0,0.0,0.0,31.9,31.9,32.0
2026-05-25 02:00:00,Gresik,0.02,6.0,0.0,9220.0,0.0,31.8,0.02,0.02,0.04,6.6,6.4,6.0,0.0,0.0,0.0,8060.0,9180.0,10300.0,0.0,0.0,0.0,31.9,31.9,31.9
2026-05-25 03:00:00,Gresik,0.04,4.9,0.0,10380.0,0.0,31.8,0.02,0.02,0.02,6.0,6.6,6.4,0.0,0.0,0.0,9220.0,8060.0,9180.0,0.0,0.0,0.0,31.8,31.9,31.9
2026-05-25 04:00:00,Gresik,0.04,4.2,0.0,11540.0,0.0,31.8,0.04,0.02,0.02,4.9,6.0,6.6,0.0,0.0,0.0,10380.0,9220.0,8060.0,0.0,0.0,0.0,31.8,31.8,31.9
2026-05-25 05:00:00,Gresik,0.04,4.1,0.0,11540.0,0.0,31.7,0.04,0.04,0.02,4.2,4.9,6.0,0.0,0.0,0.0,11540.0,10380.0,9220.0,0.0,0.0,0.0,31.8,31.8,31.8
2026-05-25 06:00:00,Gresik,0.04,3.9,0.0,11560.0,0.0,31.7,0.04,0.04,0.04,4.1,4.2,4.9,0.0,0.0,0.0,11540.0,11540.0,10380.0,0.0,0.0,0.0,31.7,31.8,31.8
2026-05-25 07:00:00,Gresik,0.04,3.5,0.0,11560.0,0.0,31.7,0.04,0.04,0.04,3.9,4.1,4.2,0.0,0.0,0.0,11560.0,11540.0,11540.0,0.0,0.0,0.0,31.7,31.7,31.8
2026-05-25 08:00:00,Gresik,0.04,1.9,0.0,12900.0,0.0,31.8,0.04,0.04,0.04,3.5,3.9,4.1,0.0,0.0,0.0,11560.0,11560.0,11540.0,0.0,0.0,0.0,31.7,31.7,31.7
2026-05-25 09:00:00,Gresik,0.02,0.4,0.0,14240.0,0.0,31.8,0.04,0.04,0.04,1.9,3.5,3.9,0.0,0.0,0.0,12900.0,11560.0,11560.0,0.0,0.0,0.0,31.8,31.7,31.7
2026-05-25 10:00:00,Gresik,0.02,2.2,0.0,15580.0,0.0,31.9,0.02,0.04,0.04,0.4,1.9,3.5,0.0,0.0,0.0,14240.0,12900.0,11560.0,0.0,0.0,0.0,31.8,31.8,31.7
2026-05-25 11:00:00,Gresik,0.02,4.0,0.0,15720.0,0.0,32.0,0.02,0.02,0.04,2.2,0.4,1.9,0.0,0.0,0.0,15580.0,14240.0,12900.0,0.0,0.0,0.0,31.9,31.8,31.8
2026-05-25 12:00:00,Gresik,0.04,5.8,0.0,15840.0,0.0,32.0,0.02,0.02,0.02,4.0,2.2,0.4,0.0,0.0,0.0,15720.0,15580.0,14240.0,0.0,0.0,0.0,32.0,31.9,31.8
2026-05-25 13:00:00,Gresik,0.04,6.0,0.0,15980.0,0.0,32.1,0.04,0.02,0.02,5.8,4.0,2.2,0.0,0.0,0.0,15840.0,15720.0,15580.0,0.0,0.0,0.0,32.0,32.0,31.9
2026-05-25 14:00:00,Gresik,0.04,2.6,2.8,11620.0,0.0,32.1,0.04,0.04,0.02,6.0,5.8,4.0,0.0,0.0,0.0,15980.0,15840.0,15720.0,0.0,0.0,0.0,32.1,32.0,32.0
2026-05-25 15:00:00,Gresik,0.02,2.4,2.8,7240.0,0.0,32.1,0.04,0.04,0.04,2.6,6.0,5.8,2.8,0.0,0.0,11620.0,15980.0,15840.0,0.0,0.0,0.0,32.1,32.1,32.0
2026-05-25 16:00:00,Gresik,0.02,5.8,2.8,2880.0,0.0,32.1,0.02,0.04,0.04,2.4,2.6,6.0,2.8,2.8,0.0,7240.0,11620.0,15980.0,0.0,0.0,0.0,32.1,32.1,32.1
2026-05-25 17:00:00,Gresik,0.02,5.6,0.2,5180.0,0.0,32.0,0.02,0.02,0.04,5.8,2.4,2.6,2.8,2.8,2.8,2880.0,7240.0,11620.0,0.0,0.0,0.0,32.1,32.1,32.1
2026-05-25 18:00:00,Gresik,0.02,3.8,0.2,7500.0,0.0,32.0,0.02,0.02,0.02,5.6,5.8,2.4,0.2,2.8,2.8,5180.0,2880.0,7240.0,0.0,0.0,0.0,32.0,32.1,32.1
2026-05-25 19:00:00,Gresik,0.02,2.5,0.2,9800.0,0.0,32.0,0.02,0.02,0.02,3.8,5.6,5.8,0.2,0.2,2.8,7500.0,5180.0,2880.0,0.0,0.0,0.0,32.0,32.0,32.1
2026-05-25 20:00:00,Gresik,0.02,2.7,0.1,7560.0,0.0,32.0,0.02,0.02,0.02,2.5,3.8,5.6,0.2,0.2,0.2,9800.0,7500.0,5180.0,0.0,0.0,0.0,32.0,32.0,32.0
2026-05-25 21:00:00,Gresik,0.02,3.5,0.1,5320.0,0.0,32.0,0.02,0.02,0.02,2.7,2.5,3.8,0.1,0.2,0.2,7560.0,9800.0,7500.0,0.0,0.0,0.0,32.0,32.0,32.0
2026-05-25 22:00:00,Gresik,0.02,3.7,0.1,3080.0,0.0,32.0,0.02,0.02,0.02,3.5,2.7,2.5,0.1,0.1,0.2,5320.0,7560.0,9800.0,0.0,0.0,0.0,32.0,32.0,32.0
2026-05-25 23:00:00,Gresik,0.02,3.0,0.9,2760.0,0.0,31.9,0.02,0.02,0.02,3.7,3.5,2.7,0.1,0.1,0.1,3080.0,5320.0,7560.0,0.0,0.0,0.0,32.0,32.0,32.0
2026-05-26 00:00:00,Gresik,0.02,2.4,0.9,2460.0,0.0,31.9,0.02,0.02,0.02,3.0,3.7,3.5,0.9,0.1,0.1,2760.0,3080.0,5320.0,0.0,0.0,0.0,31.9,32.0,32.0
2026-05-26 01:00:00,Gresik,0.02,2.7,0.9,2140.0,0.0,31.9,0.02,0.02,0.02,2.4,3.0,3.7,0.9,0.9,0.1,2460.0,2760.0,3080.0,0.0,0.0,0.0,31.9,31.9,32.0
2026-05-26 02:00:00,Gresik,0.02,4.3,0.0,11800.0,0.0,31.8,0.02,0.02,0.02,2.7,2.4,3.0,0.9,0.9,0.9,2140.0,2460.0,2760.0,0.0,0.0,0.0,31.9,31.9,31.9
2026-05-26 03:00:00,Gresik,0.02,4.5,0.0,9620.0,0.0,31.8,0.02,0.02,0.02,4.3,2.7,2.4,0.0,0.9,0.9,11800.0,2140.0,2460.0,0.0,0.0,0.0,31.8,31.9,31.9
2026-05-26 04:00:00,Gresik,0.02,4.7,0.0,7440.0,0.0,31.8,0.02,0.02,0.02,4.5,4.3,2.7,0.0,0.0,0.9,9620.0,11800.0,2140.0,0.0,0.0,0.0,31.8,31.8,31.9
2026-05-26 05:00:00,Gresik,0.02,4.7,0.0,5260.0,0.0,31.7,0.02,0.02,0.02,4.7,4.5,4.3,0.0,0.0,0.0,7440.0,9620.0,11800.0,0.0,0.0,0.0,31.8,31.8,31.8
2026-05-26 06:00:00,Gresik,0.02,4.5,0.0,3080.0,0.0,31.7,0.02,0.02,0.02,4.7,4.7,4.5,0.0,0.0,0.0,5260.0,7440.0,9620.0,0.0,0.0,0.0,31.7,31.8,31.8
2026-05-26 07:00:00,Gresik,0.02,4.1,0.0,900.0,0.0,31.7,0.02,0.02,0.02,4.5,4.7,4.7,0.0,0.0,0.0,3080.0,5260.0,7440.0,0.0,0.0,0.0,31.7,31.7,31.8
2026-05-26 08:00:00,Gresik,0.02,3.0,0.1,2400.0,0.0,31.8,0.02,0.02,0.02,4.1,4.5,4.7,0.0,0.0,0.0,900.0,3080.0,5260.0,0.0,0.0,0.0,31.7,31.7,31.7
2026-05-26 09:00:00,Gresik,0.02,2.2,0.1,3900.0,0.0,31.8,0.02,0.02,0.02,3.0,4.1,4.5,0.1,0.0,0.0,2400.0,900.0,3080.0,0.0,0.0,0.0,31.8,31.7,31.7
2026-05-26 10:00:00,Gresik,0.02,3.5,0.1,5400.0,0.0,31.9,0.02,0.02,0.02,2.2,3.0,4.1,0.1,0.1,0.0,3900.0,2400.0,900.0,0.0,0.0,0.0,31.8,31.8,31.7
2026-05-26 11:00:00,Gresik,0.02,5.3,0.1,6880.0,0.0,32.0,0.02,0.02,0.02,3.5,2.2,3.0,0.1,0.1,0.1,5400.0,3900.0,2400.0,0.0,0.0,0.0,31.9,31.8,31.8
2026-05-26 12:00:00,Gresik,0.04,6.9,0.1,8380.0,0.0,32.0,0.02,0.02,0.02,5.3,3.5,2.2,0.1,0.1,0.1,6880.0,5400.0,3900.0,0.0,0.0,0.0,32.0,31.9,31.8
2026-05-26 13:00:00,Gresik,0.04,7.1,0.1,9880.0,0.2,32.1,0.04,0.02,0.02,6.9,5.3,3.5,0.1,0.1,0.1,8380.0,6880.0,5400.0,0.0,0.0,0.0,32.0,32.0,31.9
2026-05-26 14:00:00,Gresik,0.04,5.9,0.3,9680.0,0.0,32.1,0.04,0.04,0.02,7.1,6.9,5.3,0.1,0.1,0.1,9880.0,8380.0,6880.0,0.2,0.0,0.0,32.1,32.0,32.0
2026-05-26 15:00:00,Gresik,0.04,4.0,0.3,9480.0,0.0,32.1,0.04,0.04,0.04,5.9,7.1,6.9,0.3,0.1,0.1,9680.0,9880.0,8380.0,0.0,0.2,0.0,32.1,32.1,32.0
2026-05-26 16:00:00,Gresik,0.04,4.0,0.3,9280.0,0.0,32.1,0.04,0.04,0.04,4.0,5.9,7.1,0.3,0.3,0.1,9480.0,9680.0,9880.0,0.0,0.0,0.2,32.1,32.1,32.1
2026-05-26 17:00:00,Gresik,0.06,6.4,0.3,9080.0,0.0,32.0,0.04,0.04,0.04,4.0,4.0,5.9,0.3,0.3,0.3,9280.0,9480.0,9680.0,0.0,0.0,0.0,32.1,32.1,32.1
2026-05-26 18:00:00,Gresik,0.06,9.1,0.3,8880.0,0.0,32.0,0.06,0.04,0.04,6.4,4.0,4.0,0.3,0.3,0.3,9080.0,9280.0,9480.0,0.0,0.0,0.0,32.0,32.1,32.1
2026-05-26 19:00:00,Gresik,0.08,10.4,0.3,8680.0,0.0,32.0,0.06,0.06,0.04,9.1,6.4,4.0,0.3,0.3,0.3,8880.0,9080.0,9280.0,0.0,0.0,0.0,32.0,32.0,32.1
2026-05-26 20:00:00,Gresik,0.08,10.3,0.0,8560.0,0.0,32.0,0.08,0.06,0.06,10.4,9.1,6.4,0.3,0.3,0.3,8680.0,8880.0,9080.0,0.0,0.0,0.0,32.0,32.0,32.0
2026-05-26 21:00:00,Gresik,0.08,9.2,0.0,8460.0,0.0,32.0,0.08,0.08,0.06,10.3,10.4,9.1,0.0,0.3,0.3,8560.0,8680.0,8880.0,0.0,0.0,0.0,32.0,32.0,32.0
2026-05-26 22:00:00,Gresik,0.08,7.7,0.0,8340.0,0.0,32.0,0.08,0.08,0.08,9.2,10.3,10.4,0.0,0.0,0.3,8460.0,8560.0,8680.0,0.0,0.0,0.0,32.0,32.0,32.0
2026-05-26 23:00:00,Gresik,0.08,6.3,0.0,8220.0,0.0,31.9,0.08,0.08,0.08,7.7,9.2,10.3,0.0,0.0,0.0,8340.0,8460.0,8560.0,0.0,0.0,0.0,32.0,32.0,32.0
2026-05-20 03:00:00,Kangean,0.24,2.7,0.0,20520.0,3.2,30.1,0.24,0.26,0.28,2.2,2.4,4.0,0.0,0.0,0.0,23080.0,28340.0,20640.0,3.1,3.0,2.3,30.2,30.2,30.2
2026-05-20 04:00:00,Kangean,0.22,1.8,0.0,23160.0,2.8,30.1,0.24,0.24,0.26,2.7,2.2,2.4,0.0,0.0,0.0,20520.0,23080.0,28340.0,3.2,3.1,3.0,30.1,30.2,30.2
2026-05-20 05:00:00,Kangean,0.22,0.6,0.0,26580.0,2.2,30.1,0.22,0.24,0.24,1.8,2.7,2.2,0.0,0.0,0.0,23160.0,20520.0,23080.0,2.8,3.2,3.1,30.1,30.1,30.2
2026-05-20 06:00:00,Kangean,0.22,1.6,0.0,18620.0,1.5,30.1,0.22,0.22,0.24,0.6,1.8,2.7,0.0,0.0,0.0,26580.0,23160.0,20520.0,2.2,2.8,3.2,30.1,30.1,30.1
2026-05-20 07:00:00,Kangean,0.22,3.3,0.0,21140.0,0.7,30.1,0.22,0.22,0.22,1.6,0.6,1.8,0.0,0.0,0.0,18620.0,26580.0,23160.0,1.5,2.2,2.8,30.1,30.1,30.1
2026-05-20 08:00:00,Kangean,0.22,4.6,0.1,8340.0,0.6,30.2,0.22,0.22,0.22,3.3,1.6,0.6,0.0,0.0,0.0,21140.0,18620.0,26580.0,0.7,1.5,2.2,30.1,30.1,30.1
2026-05-20 09:00:00,Kangean,0.22,5.4,0.3,7180.0,0.7,30.2,0.22,0.22,0.22,4.6,3.3,1.6,0.1,0.0,0.0,8340.0,21140.0,18620.0,0.6,0.7,1.5,30.2,30.1,30.1
2026-05-20 10:00:00,Kangean,0.22,8.1,0.4,8540.0,0.7,30.4,0.22,0.22,0.22,5.4,4.6,3.3,0.3,0.1,0.0,7180.0,8340.0,21140.0,0.7,0.6,0.7,30.2,30.2,30.1
2026-05-20 11:00:00,Kangean,0.22,9.3,0.2,5360.0,0.5,30.4,0.22,0.22,0.22,8.1,5.4,4.6,0.4,0.3,0.1,8540.0,7180.0,8340.0,0.7,0.7,0.6,30.4,30.2,30.2
2026-05-20 12:00:00,Kangean,0.2,8.9,0.7,7440.0,0.5,30.5,0.22,0.22,0.22,9.3,8.1,5.4,0.2,0.4,0.3,5360.0,8540.0,7180.0,0.5,0.7,0.7,30.4,30.4,30.2
2026-05-20 13:00:00,Kangean,0.2,10.2,0.2,10000.0,0.5,30.5,0.2,0.22,0.22,8.9,9.3,8.1,0.7,0.2,0.4,7440.0,5360.0,8540.0,0.5,0.5,0.7,30.5,30.4,30.4
2026-05-20 14:00:00,Kangean,0.2,10.8,0.1,9540.0,0.5,30.5,0.2,0.2,0.22,10.2,8.9,9.3,0.2,0.7,0.2,10000.0,7440.0,5360.0,0.5,0.5,0.5,30.5,30.5,30.4
2026-05-20 15:00:00,Kangean,0.2,11.8,0.1,13340.0,0.7,30.5,0.2,0.2,0.2,10.8,10.2,8.9,0.1,0.2,0.7,9540.0,10000.0,7440.0,0.5,0.5,0.5,30.5,30.5,30.5
2026-05-20 16:00:00,Kangean,0.2,12.1,0.0,18280.0,1.0,30.5,0.2,0.2,0.2,11.8,10.8,10.2,0.1,0.1,0.2,13340.0,9540.0,10000.0,0.7,0.5,0.5,30.5,30.5,30.5
2026-05-20 17:00:00,Kangean,0.22,11.9,0.0,26880.0,1.2,30.4,0.2,0.2,0.2,12.1,11.8,10.8,0.0,0.1,0.1,18280.0,13340.0,9540.0,1.0,0.7,0.5,30.5,30.5,30.5
2026-05-20 18:00:00,Kangean,0.22,11.4,0.0,25220.0,1.5,30.4,0.22,0.2,0.2,11.9,12.1,11.8,0.0,0.0,0.1,26880.0,18280.0,13340.0,1.2,1.0,0.7,30.4,30.5,30.5
2026-05-20 19:00:00,Kangean,0.24,11.0,0.0,25600.0,1.7,30.4,0.22,0.22,0.2,11.4,11.9,12.1,0.0,0.0,0.0,25220.0,26880.0,18280.0,1.5,1.2,1.0,30.4,30.4,30.5
2026-05-20 20:00:00,Kangean,0.24,11.9,0.0,24040.0,1.5,30.3,0.24,0.22,0.22,11.0,11.4,11.9,0.0,0.0,0.0,25600.0,25220.0,26880.0,1.7,1.5,1.2,30.4,30.4,30.4
2026-05-20 21:00:00,Kangean,0.26,11.3,0.0,23360.0,1.0,30.3,0.24,0.24,0.22,11.9,11.0,11.4,0.0,0.0,0.0,24040.0,25600.0,25220.0,1.5,1.7,1.5,30.3,30.4,30.4
2026-05-20 22:00:00,Kangean,0.26,10.2,0.0,24040.0,0.3,30.2,0.26,0.24,0.24,11.3,11.9,11.0,0.0,0.0,0.0,23360.0,24040.0,25600.0,1.0,1.5,1.7,30.3,30.3,30.4
2026-05-20 23:00:00,Kangean,0.26,9.5,0.0,24160.0,0.8,30.2,0.26,0.26,0.24,10.2,11.3,11.9,0.0,0.0,0.0,24040.0,23360.0,24040.0,0.3,1.0,1.5,30.2,30.3,30.3
2026-05-21 00:00:00,Kangean,0.26,10.0,0.0,23660.0,1.8,30.2,0.26,0.26,0.26,9.5,10.2,11.3,0.0,0.0,0.0,24160.0,24040.0,23360.0,0.8,0.3,1.0,30.2,30.2,30.3
2026-05-21 01:00:00,Kangean,0.26,8.9,0.0,23680.0,2.6,30.2,0.26,0.26,0.26,10.0,9.5,10.2,0.0,0.0,0.0,23660.0,24160.0,24040.0,1.8,0.8,0.3,30.2,30.2,30.2
2026-05-21 02:00:00,Kangean,0.26,7.5,0.0,23620.0,3.1,30.2,0.26,0.26,0.26,8.9,10.0,9.5,0.0,0.0,0.0,23680.0,23660.0,24160.0,2.6,1.8,0.8,30.2,30.2,30.2
2026-05-21 03:00:00,Kangean,0.28,7.2,0.0,20500.0,3.5,30.1,0.26,0.26,0.26,7.5,8.9,10.0,0.0,0.0,0.0,23620.0,23680.0,23660.0,3.1,2.6,1.8,30.2,30.2,30.2
2026-05-21 04:00:00,Kangean,0.28,9.2,0.0,20280.0,3.4,30.1,0.28,0.26,0.26,7.2,7.5,8.9,0.0,0.0,0.0,20500.0,23620.0,23680.0,3.5,3.1,2.6,30.1,30.2,30.2
2026-05-21 05:00:00,Kangean,0.3,9.9,0.0,21620.0,2.9,30.1,0.28,0.28,0.26,9.2,7.2,7.5,0.0,0.0,0.0,20280.0,20500.0,23620.0,3.4,3.5,3.1,30.1,30.1,30.2
2026-05-21 06:00:00,Kangean,0.3,10.2,0.0,22300.0,2.1,30.1,0.3,0.28,0.28,9.9,9.2,7.2,0.0,0.0,0.0,21620.0,20280.0,20500.0,2.9,3.4,3.5,30.1,30.1,30.1
2026-05-21 07:00:00,Kangean,0.32,11.7,0.0,27580.0,1.3,30.1,0.3,0.3,0.28,10.2,9.9,9.2,0.0,0.0,0.0,22300.0,21620.0,20280.0,2.1,2.9,3.4,30.1,30.1,30.1
2026-05-21 08:00:00,Kangean,0.32,12.8,0.0,16720.0,0.8,30.2,0.32,0.3,0.3,11.7,10.2,9.9,0.0,0.0,0.0,27580.0,22300.0,21620.0,1.3,2.1,2.9,30.1,30.1,30.1
2026-05-21 09:00:00,Kangean,0.32,13.6,0.0,14280.0,0.7,30.2,0.32,0.32,0.3,12.8,11.7,10.2,0.0,0.0,0.0,16720.0,27580.0,22300.0,0.8,1.3,2.1,30.2,30.1,30.1
2026-05-21 10:00:00,Kangean,0.32,13.7,0.2,6300.0,0.9,30.3,0.32,0.32,0.32,13.6,12.8,11.7,0.0,0.0,0.0,14280.0,16720.0,27580.0,0.7,0.8,1.3,30.2,30.2,30.1
2026-05-21 11:00:00,Kangean,0.32,13.7,0.5,4120.0,1.1,30.4,0.32,0.32,0.32,13.7,13.6,12.8,0.2,0.0,0.0,6300.0,14280.0,16720.0,0.9,0.7,0.8,30.3,30.2,30.2
2026-05-21 12:00:00,Kangean,0.3,11.8,0.6,5380.0,1.0,30.4,0.32,0.32,0.32,13.7,13.7,13.6,0.5,0.2,0.0,4120.0,6300.0,14280.0,1.1,0.9,0.7,30.4,30.3,30.2
2026-05-21 13:00:00,Kangean,0.3,11.9,0.6,4720.0,1.0,30.5,0.3,0.32,0.32,11.8,13.7,13.7,0.6,0.5,0.2,5380.0,4120.0,6300.0,1.0,1.1,0.9,30.4,30.4,30.3
2026-05-21 14:00:00,Kangean,0.3,10.9,0.6,4840.0,1.0,30.5,0.3,0.3,0.32,11.9,11.8,13.7,0.6,0.6,0.5,4720.0,5380.0,4120.0,1.0,1.0,1.1,30.5,30.4,30.4
2026-05-21 15:00:00,Kangean,0.28,10.1,0.6,6320.0,1.0,30.5,0.3,0.3,0.3,10.9,11.9,11.8,0.6,0.6,0.6,4840.0,4720.0,5380.0,1.0,1.0,1.0,30.5,30.5,30.4
2026-05-21 16:00:00,Kangean,0.28,9.8,0.3,7920.0,1.2,30.5,0.28,0.3,0.3,10.1,10.9,11.9,0.6,0.6,0.6,6320.0,4840.0,4720.0,1.0,1.0,1.0,30.5,30.5,30.5
2026-05-21 17:00:00,Kangean,0.28,7.9,0.1,17800.0,1.4,30.4,0.28,0.28,0.3,9.8,10.1,10.9,0.3,0.6,0.6,7920.0,6320.0,4840.0,1.2,1.0,1.0,30.5,30.5,30.5
2026-05-21 18:00:00,Kangean,0.26,7.9,0.0,25760.0,1.5,30.4,0.28,0.28,0.28,7.9,9.8,10.1,0.1,0.3,0.6,17800.0,7920.0,6320.0,1.4,1.2,1.0,30.4,30.5,30.5
2026-05-21 19:00:00,Kangean,0.26,6.5,0.0,23800.0,1.8,30.4,0.26,0.28,0.28,7.9,7.9,9.8,0.0,0.1,0.3,25760.0,17800.0,7920.0,1.5,1.4,1.2,30.4,30.4,30.5
2026-05-21 20:00:00,Kangean,0.26,5.2,0.0,15280.0,1.8,30.4,0.26,0.26,0.28,6.5,7.9,7.9,0.0,0.0,0.1,23800.0,25760.0,17800.0,1.8,1.5,1.4,30.4,30.4,30.4
2026-05-21 21:00:00,Kangean,0.26,9.9,0.0,12240.0,1.5,30.3,0.26,0.26,0.26,5.2,6.5,7.9,0.0,0.0,0.0,15280.0,23800.0,25760.0,1.8,1.8,1.5,30.4,30.4,30.4
2026-05-21 22:00:00,Kangean,0.26,9.9,0.0,11380.0,1.0,30.3,0.26,0.26,0.26,9.9,5.2,6.5,0.0,0.0,0.0,12240.0,15280.0,23800.0,1.5,1.8,1.8,30.3,30.4,30.4
2026-05-21 23:00:00,Kangean,0.26,9.2,0.9,4320.0,0.4,30.3,0.26,0.26,0.26,9.9,9.9,5.2,0.0,0.0,0.0,11380.0,12240.0,15280.0,1.0,1.5,1.8,30.3,30.3,30.4
2026-05-22 00:00:00,Kangean,0.26,4.7,2.4,3780.0,0.6,30.2,0.26,0.26,0.26,9.2,9.9,9.9,0.9,0.0,0.0,4320.0,11380.0,12240.0,0.4,1.0,1.5,30.3,30.3,30.3
2026-05-22 01:00:00,Kangean,0.26,6.2,0.5,6180.0,1.5,30.2,0.26,0.26,0.26,4.7,9.2,9.9,2.4,0.9,0.0,3780.0,4320.0,11380.0,0.6,0.4,1.0,30.2,30.3,30.3
2026-05-22 02:00:00,Kangean,0.26,6.1,0.2,9260.0,2.3,30.2,0.26,0.26,0.26,6.2,4.7,9.2,0.5,2.4,0.9,6180.0,3780.0,4320.0,1.5,0.6,0.4,30.2,30.2,30.3
2026-05-22 03:00:00,Kangean,0.26,10.0,0.1,10300.0,2.7,30.2,0.26,0.26,0.26,6.1,6.2,4.7,0.2,0.5,2.4,9260.0,6180.0,3780.0,2.3,1.5,0.6,30.2,30.2,30.2
2026-05-22 04:00:00,Kangean,0.26,9.5,0.0,12280.0,3.1,30.2,0.26,0.26,0.26,10.0,6.1,6.2,0.1,0.2,0.5,10300.0,9260.0,6180.0,2.7,2.3,1.5,30.2,30.2,30.2
2026-05-22 05:00:00,Kangean,0.28,10.0,0.0,15660.0,2.8,30.1,0.26,0.26,0.26,9.5,10.0,6.1,0.0,0.1,0.2,12280.0,10300.0,9260.0,3.1,2.7,2.3,30.2,30.2,30.2
2026-05-22 06:00:00,Kangean,0.28,12.7,0.0,17100.0,2.3,30.1,0.28,0.26,0.26,10.0,9.5,10.0,0.0,0.0,0.1,15660.0,12280.0,10300.0,2.8,3.1,2.7,30.1,30.2,30.2
2026-05-22 07:00:00,Kangean,0.3,13.0,0.0,10460.0,1.5,30.1,0.28,0.28,0.26,12.7,10.0,9.5,0.0,0.0,0.0,17100.0,15660.0,12280.0,2.3,2.8,3.1,30.1,30.1,30.2
2026-05-22 08:00:00,Kangean,0.3,14.4,0.1,11520.0,0.7,30.2,0.3,0.28,0.28,13.0,12.7,10.0,0.0,0.0,0.0,10460.0,17100.0,15660.0,1.5,2.3,2.8,30.1,30.1,30.1
2026-05-22 09:00:00,Kangean,0.32,16.2,0.2,10620.0,0.6,30.2,0.3,0.3,0.28,14.4,13.0,12.7,0.1,0.0,0.0,11520.0,10460.0,17100.0,0.7,1.5,2.3,30.2,30.1,30.1
2026-05-22 10:00:00,Kangean,0.32,14.7,0.1,11140.0,1.0,30.3,0.32,0.3,0.3,16.2,14.4,13.0,0.2,0.1,0.0,10620.0,11520.0,10460.0,0.6,0.7,1.5,30.2,30.2,30.1
2026-05-22 11:00:00,Kangean,0.32,14.3,0.1,8980.0,1.3,30.4,0.32,0.32,0.3,14.7,16.2,14.4,0.1,0.2,0.1,11140.0,10620.0,11520.0,1.0,0.6,0.7,30.3,30.2,30.2
2026-05-22 12:00:00,Kangean,0.32,14.9,0.3,6320.0,1.4,30.4,0.32,0.32,0.32,14.3,14.7,16.2,0.1,0.1,0.2,8980.0,11140.0,10620.0,1.3,1.0,0.6,30.4,30.3,30.2
2026-05-22 13:00:00,Kangean,0.32,13.8,0.1,9620.0,1.4,30.4,0.32,0.32,0.32,14.9,14.3,14.7,0.3,0.1,0.1,6320.0,8980.0,11140.0,1.4,1.3,1.0,30.4,30.4,30.3
2026-05-22 14:00:00,Kangean,0.32,12.5,0.2,5300.0,1.3,30.4,0.32,0.32,0.32,13.8,14.9,14.3,0.1,0.3,0.1,9620.0,6320.0,8980.0,1.4,1.4,1.3,30.4,30.4,30.4
2026-05-22 15:00:00,Kangean,0.3,12.7,0.1,11100.0,1.3,30.4,0.32,0.32,0.32,12.5,13.8,14.9,0.2,0.1,0.3,5300.0,9620.0,6320.0,1.3,1.4,1.4,30.4,30.4,30.4
2026-05-22 16:00:00,Kangean,0.3,13.6,0.1,17260.0,1.3,30.4,0.3,0.32,0.32,12.7,12.5,13.8,0.1,0.2,0.1,11100.0,5300.0,9620.0,1.3,1.3,1.4,30.4,30.4,30.4
2026-05-22 17:00:00,Kangean,0.28,12.3,0.0,20740.0,1.3,30.4,0.3,0.3,0.32,13.6,12.7,12.5,0.1,0.1,0.2,17260.0,11100.0,5300.0,1.3,1.3,1.3,30.4,30.4,30.4
2026-05-22 18:00:00,Kangean,0.28,11.3,0.0,20720.0,1.4,30.3,0.28,0.3,0.3,12.3,13.6,12.7,0.0,0.1,0.1,20740.0,17260.0,11100.0,1.3,1.3,1.3,30.4,30.4,30.4
2026-05-22 19:00:00,Kangean,0.26,12.5,0.0,20480.0,1.5,30.3,0.28,0.28,0.3,11.3,12.3,13.6,0.0,0.0,0.1,20720.0,20740.0,17260.0,1.4,1.3,1.3,30.3,30.4,30.4
2026-05-22 20:00:00,Kangean,0.26,11.8,0.0,19620.0,1.7,30.3,0.26,0.28,0.28,12.5,11.3,12.3,0.0,0.0,0.0,20480.0,20720.0,20740.0,1.5,1.4,1.3,30.3,30.3,30.4
2026-05-22 21:00:00,Kangean,0.26,11.7,0.0,18400.0,1.7,30.2,0.26,0.26,0.28,11.8,12.5,11.3,0.0,0.0,0.0,19620.0,20480.0,20720.0,1.7,1.5,1.4,30.3,30.3,30.3
2026-05-22 22:00:00,Kangean,0.26,10.2,0.0,21340.0,1.5,30.2,0.26,0.26,0.26,11.7,11.8,12.5,0.0,0.0,0.0,18400.0,19620.0,20480.0,1.7,1.7,1.5,30.2,30.3,30.3
2026-05-22 23:00:00,Kangean,0.24,8.7,0.0,21120.0,1.0,30.2,0.26,0.26,0.26,10.2,11.7,11.8,0.0,0.0,0.0,21340.0,18400.0,19620.0,1.5,1.7,1.7,30.2,30.2,30.3
2026-05-23 00:00:00,Kangean,0.24,8.1,0.0,21120.0,0.3,30.2,0.24,0.26,0.26,8.7,10.2,11.7,0.0,0.0,0.0,21120.0,21340.0,18400.0,1.0,1.5,1.7,30.2,30.2,30.2
2026-05-23 01:00:00,Kangean,0.22,7.1,0.0,11880.0,0.8,30.2,0.24,0.24,0.26,8.1,8.7,10.2,0.0,0.0,0.0,21120.0,21120.0,21340.0,0.3,1.0,1.5,30.2,30.2,30.2
2026-05-23 02:00:00,Kangean,0.22,7.3,0.1,10300.0,1.7,30.2,0.22,0.24,0.24,7.1,8.1,8.7,0.0,0.0,0.0,11880.0,21120.0,21120.0,0.8,0.3,1.0,30.2,30.2,30.2
2026-05-23 03:00:00,Kangean,0.22,7.7,0.0,16580.0,2.3,30.1,0.22,0.22,0.24,7.3,7.1,8.1,0.1,0.0,0.0,10300.0,11880.0,21120.0,1.7,0.8,0.3,30.2,30.2,30.2
2026-05-23 04:00:00,Kangean,0.22,6.6,0.0,18280.0,2.7,30.1,0.22,0.22,0.22,7.7,7.3,7.1,0.0,0.1,0.0,16580.0,10300.0,11880.0,2.3,1.7,0.8,30.1,30.2,30.2
2026-05-23 05:00:00,Kangean,0.22,5.2,0.0,17600.0,2.9,30.1,0.22,0.22,0.22,6.6,7.7,7.3,0.0,0.0,0.1,18280.0,16580.0,10300.0,2.7,2.3,1.7,30.1,30.1,30.2
2026-05-23 06:00:00,Kangean,0.2,7.8,0.0,19360.0,2.7,30.1,0.22,0.22,0.22,5.2,6.6,7.7,0.0,0.0,0.0,17600.0,18280.0,16580.0,2.9,2.7,2.3,30.1,30.1,30.1
2026-05-23 07:00:00,Kangean,0.2,9.9,0.0,19540.0,2.1,30.1,0.2,0.22,0.22,7.8,5.2,6.6,0.0,0.0,0.0,19360.0,17600.0,18280.0,2.7,2.9,2.7,30.1,30.1,30.1
2026-05-23 08:00:00,Kangean,0.2,10.7,0.1,10980.0,1.5,30.1,0.2,0.2,0.22,9.9,7.8,5.2,0.0,0.0,0.0,19540.0,19360.0,17600.0,2.1,2.7,2.9,30.1,30.1,30.1
2026-05-23 09:00:00,Kangean,0.22,12.2,0.2,10800.0,0.7,30.2,0.2,0.2,0.2,10.7,9.9,7.8,0.1,0.0,0.0,10980.0,19540.0,19360.0,1.5,2.1,2.7,30.1,30.1,30.1
2026-05-23 10:00:00,Kangean,0.22,13.5,0.0,15800.0,0.7,30.3,0.22,0.2,0.2,12.2,10.7,9.9,0.2,0.1,0.0,10800.0,10980.0,19540.0,0.7,1.5,2.1,30.2,30.1,30.1
2026-05-23 11:00:00,Kangean,0.22,14.2,0.1,11220.0,1.2,30.4,0.22,0.22,0.2,13.5,12.2,10.7,0.0,0.2,0.1,15800.0,10800.0,10980.0,0.7,0.7,1.5,30.3,30.2,30.1
2026-05-23 12:00:00,Kangean,0.2,13.8,0.2,6780.0,1.5,30.4,0.22,0.22,0.22,14.2,13.5,12.2,0.1,0.0,0.2,11220.0,15800.0,10800.0,1.2,0.7,0.7,30.4,30.3,30.2
2026-05-23 13:00:00,Kangean,0.2,13.6,0.4,2800.0,1.5,30.5,0.2,0.22,0.22,13.8,14.2,13.5,0.2,0.1,0.0,6780.0,11220.0,15800.0,1.5,1.2,0.7,30.4,30.4,30.3
2026-05-23 14:00:00,Kangean,0.2,11.9,1.9,4620.0,1.5,30.5,0.2,0.2,0.22,13.6,13.8,14.2,0.4,0.2,0.1,2800.0,6780.0,11220.0,1.5,1.5,1.2,30.5,30.4,30.4
2026-05-23 15:00:00,Kangean,0.18,12.8,0.4,10660.0,1.4,30.5,0.2,0.2,0.2,11.9,13.6,13.8,1.9,0.4,0.2,4620.0,2800.0,6780.0,1.5,1.5,1.5,30.5,30.5,30.4
2026-05-23 16:00:00,Kangean,0.18,12.6,0.0,19420.0,1.2,30.4,0.18,0.2,0.2,12.8,11.9,13.6,0.4,1.9,0.4,10660.0,4620.0,2800.0,1.4,1.5,1.5,30.5,30.5,30.5
2026-05-23 17:00:00,Kangean,0.18,12.1,0.0,23680.0,1.2,30.4,0.18,0.18,0.2,12.6,12.8,11.9,0.0,0.4,1.9,19420.0,10660.0,4620.0,1.2,1.4,1.5,30.4,30.5,30.5
2026-05-23 18:00:00,Kangean,0.16,11.7,0.0,18580.0,1.0,30.4,0.18,0.18,0.18,12.1,12.6,12.8,0.0,0.0,0.4,23680.0,19420.0,10660.0,1.2,1.2,1.4,30.4,30.4,30.5
2026-05-23 19:00:00,Kangean,0.16,12.4,0.0,17780.0,1.0,30.3,0.16,0.18,0.18,11.7,12.1,12.6,0.0,0.0,0.0,18580.0,23680.0,19420.0,1.0,1.2,1.2,30.4,30.4,30.4
2026-05-23 20:00:00,Kangean,0.16,11.6,0.0,18320.0,1.2,30.3,0.16,0.16,0.18,12.4,11.7,12.1,0.0,0.0,0.0,17780.0,18580.0,23680.0,1.0,1.0,1.2,30.3,30.4,30.4
2026-05-23 21:00:00,Kangean,0.18,10.5,0.0,18880.0,1.4,30.2,0.16,0.16,0.16,11.6,12.4,11.7,0.0,0.0,0.0,18320.0,17780.0,18580.0,1.2,1.0,1.0,30.3,30.3,30.4
2026-05-23 22:00:00,Kangean,0.18,9.3,0.0,19420.0,1.2,30.2,0.18,0.16,0.16,10.5,11.6,12.4,0.0,0.0,0.0,18880.0,18320.0,17780.0,1.4,1.2,1.0,30.2,30.3,30.3
2026-05-23 23:00:00,Kangean,0.22,8.0,0.0,19220.0,1.0,30.2,0.18,0.18,0.16,9.3,10.5,11.6,0.0,0.0,0.0,19420.0,18880.0,18320.0,1.2,1.4,1.2,30.2,30.2,30.3
2026-05-24 00:00:00,Kangean,0.26,6.9,0.0,19040.0,0.5,30.2,0.22,0.18,0.18,8.0,9.3,10.5,0.0,0.0,0.0,19220.0,19420.0,18880.0,1.0,1.2,1.4,30.2,30.2,30.2
2026-05-24 01:00:00,Kangean,0.3,6.2,0.0,18840.0,0.4,30.2,0.26,0.22,0.18,6.9,8.0,9.3,0.0,0.0,0.0,19040.0,19220.0,19420.0,0.5,1.0,1.2,30.2,30.2,30.2
2026-05-24 02:00:00,Kangean,0.38,5.6,0.0,18460.0,0.9,30.2,0.3,0.26,0.22,6.2,6.9,8.0,0.0,0.0,0.0,18840.0,19040.0,19220.0,0.4,0.5,1.0,30.2,30.2,30.2
2026-05-24 03:00:00,Kangean,0.46,5.2,0.0,18080.0,1.7,30.1,0.38,0.3,0.26,5.6,6.2,6.9,0.0,0.0,0.0,18460.0,18840.0,19040.0,0.9,0.4,0.5,30.2,30.2,30.2
2026-05-24 04:00:00,Kangean,0.54,5.2,0.0,17700.0,2.3,30.1,0.46,0.38,0.3,5.2,5.6,6.2,0.0,0.0,0.0,18080.0,18460.0,18840.0,1.7,0.9,0.4,30.1,30.2,30.2
2026-05-24 05:00:00,Kangean,0.52,6.3,0.0,16060.0,2.6,30.1,0.54,0.46,0.38,5.2,5.2,5.6,0.0,0.0,0.0,17700.0,18080.0,18460.0,2.3,1.7,0.9,30.1,30.1,30.2
2026-05-24 06:00:00,Kangean,0.5,8.2,0.0,14420.0,2.7,30.1,0.52,0.54,0.46,6.3,5.2,5.2,0.0,0.0,0.0,16060.0,17700.0,18080.0,2.6,2.3,1.7,30.1,30.1,30.1
2026-05-24 07:00:00,Kangean,0.48,9.6,0.0,12780.0,2.4,30.1,0.5,0.52,0.54,8.2,6.3,5.2,0.0,0.0,0.0,14420.0,16060.0,17700.0,2.7,2.6,2.3,30.1,30.1,30.1
2026-05-24 08:00:00,Kangean,0.44,9.7,0.3,10180.0,1.8,30.1,0.48,0.5,0.52,9.6,8.2,6.3,0.0,0.0,0.0,12780.0,14420.0,16060.0,2.4,2.7,2.6,30.1,30.1,30.1
2026-05-24 09:00:00,Kangean,0.4,9.2,0.3,7580.0,1.0,30.2,0.44,0.48,0.5,9.7,9.6,8.2,0.3,0.0,0.0,10180.0,12780.0,14420.0,1.8,2.4,2.7,30.1,30.1,30.1
2026-05-24 10:00:00,Kangean,0.36,9.2,0.3,4980.0,0.3,30.2,0.4,0.44,0.48,9.2,9.7,9.6,0.3,0.3,0.0,7580.0,10180.0,12780.0,1.0,1.8,2.4,30.2,30.1,30.1
2026-05-24 11:00:00,Kangean,0.34,9.9,0.1,6300.0,0.6,30.3,0.36,0.4,0.44,9.2,9.2,9.7,0.3,0.3,0.3,4980.0,7580.0,10180.0,0.3,1.0,1.8,30.2,30.2,30.1
2026-05-24 12:00:00,Kangean,0.32,11.0,0.1,7620.0,1.3,30.4,0.34,0.36,0.4,9.9,9.2,9.2,0.1,0.3,0.3,6300.0,4980.0,7580.0,0.6,0.3,1.0,30.3,30.2,30.2
2026-05-24 13:00:00,Kangean,0.3,11.5,0.1,8940.0,1.5,30.4,0.32,0.34,0.36,11.0,9.9,9.2,0.1,0.1,0.3,7620.0,6300.0,4980.0,1.3,0.6,0.3,30.4,30.3,30.2
2026-05-24 14:00:00,Kangean,0.3,11.2,0.2,9620.0,1.7,30.4,0.3,0.32,0.34,11.5,11.0,9.9,0.1,0.1,0.1,8940.0,7620.0,6300.0,1.5,1.3,0.6,30.4,30.4,30.3
2026-05-24 15:00:00,Kangean,0.3,10.7,0.2,10280.0,1.7,30.4,0.3,0.3,0.32,11.2,11.5,11.0,0.2,0.1,0.1,9620.0,8940.0,7620.0,1.7,1.5,1.3,30.4,30.4,30.4
2026-05-24 16:00:00,Kangean,0.3,10.7,0.2,10960.0,1.5,30.4,0.3,0.3,0.3,10.7,11.2,11.5,0.2,0.2,0.1,10280.0,9620.0,8940.0,1.7,1.7,1.5,30.4,30.4,30.4
2026-05-24 17:00:00,Kangean,0.32,11.1,0.0,13660.0,1.2,30.3,0.3,0.3,0.3,10.7,10.7,11.2,0.2,0.2,0.2,10960.0,10280.0,9620.0,1.5,1.7,1.7,30.4,30.4,30.4
2026-05-24 18:00:00,Kangean,0.34,11.7,0.0,16380.0,1.0,30.3,0.32,0.3,0.3,11.1,10.7,10.7,0.0,0.2,0.2,13660.0,10960.0,10280.0,1.2,1.5,1.7,30.3,30.4,30.4
2026-05-24 19:00:00,Kangean,0.36,11.9,0.0,19080.0,0.8,30.2,0.34,0.32,0.3,11.7,11.1,10.7,0.0,0.0,0.2,16380.0,13660.0,10960.0,1.0,1.2,1.5,30.3,30.3,30.4
2026-05-24 20:00:00,Kangean,0.36,11.6,0.0,18920.0,0.7,30.2,0.36,0.34,0.32,11.9,11.7,11.1,0.0,0.0,0.0,19080.0,16380.0,13660.0,0.8,1.0,1.2,30.2,30.3,30.3
2026-05-24 21:00:00,Kangean,0.36,11.0,0.0,18740.0,0.7,30.2,0.36,0.36,0.34,11.6,11.9,11.7,0.0,0.0,0.0,18920.0,19080.0,16380.0,0.7,0.8,1.0,30.2,30.2,30.3
2026-05-24 22:00:00,Kangean,0.36,10.3,0.0,18580.0,0.7,30.2,0.36,0.36,0.36,11.0,11.6,11.9,0.0,0.0,0.0,18740.0,18920.0,19080.0,0.7,0.7,0.8,30.2,30.2,30.2
2026-05-24 23:00:00,Kangean,0.34,10.1,0.0,19660.0,0.7,30.2,0.36,0.36,0.36,10.3,11.0,11.6,0.0,0.0,0.0,18580.0,18740.0,18920.0,0.7,0.7,0.7,30.2,30.2,30.2
2026-05-25 00:00:00,Kangean,0.32,9.7,0.0,20720.0,0.5,30.1,0.34,0.36,0.36,10.1,10.3,11.0,0.0,0.0,0.0,19660.0,18580.0,18740.0,0.7,0.7,0.7,30.2,30.2,30.2
2026-05-25 01:00:00,Kangean,0.3,8.9,0.0,21800.0,0.3,30.1,0.32,0.34,0.36,9.7,10.1,10.3,0.0,0.0,0.0,20720.0,19660.0,18580.0,0.5,0.7,0.7,30.1,30.2,30.2
2026-05-25 02:00:00,Kangean,0.3,7.3,0.1,18180.0,0.4,30.1,0.3,0.32,0.34,8.9,9.7,10.1,0.0,0.0,0.0,21800.0,20720.0,19660.0,0.3,0.5,0.7,30.1,30.1,30.2
2026-05-25 03:00:00,Kangean,0.3,7.0,0.1,14560.0,1.0,30.1,0.3,0.3,0.32,7.3,8.9,9.7,0.1,0.0,0.0,18180.0,21800.0,20720.0,0.4,0.3,0.5,30.1,30.1,30.1
2026-05-25 04:00:00,Kangean,0.3,7.6,0.1,10940.0,1.7,30.1,0.3,0.3,0.3,7.0,7.3,8.9,0.1,0.1,0.0,14560.0,18180.0,21800.0,1.0,0.4,0.3,30.1,30.1,30.1
2026-05-25 05:00:00,Kangean,0.3,6.8,0.3,12740.0,2.2,30.0,0.3,0.3,0.3,7.6,7.0,7.3,0.1,0.1,0.1,10940.0,14560.0,18180.0,1.7,1.0,0.4,30.1,30.1,30.1
2026-05-25 06:00:00,Kangean,0.3,5.3,0.3,14520.0,2.3,30.0,0.3,0.3,0.3,6.8,7.6,7.0,0.3,0.1,0.1,12740.0,10940.0,14560.0,2.2,1.7,1.0,30.0,30.1,30.1
2026-05-25 07:00:00,Kangean,0.3,4.4,0.3,16320.0,2.3,30.0,0.3,0.3,0.3,5.3,6.8,7.6,0.3,0.3,0.1,14520.0,12740.0,10940.0,2.3,2.2,1.7,30.0,30.0,30.1
2026-05-25 08:00:00,Kangean,0.3,4.9,0.5,12400.0,2.0,30.1,0.3,0.3,0.3,4.4,5.3,6.8,0.3,0.3,0.3,16320.0,14520.0,12740.0,2.3,2.3,2.2,30.0,30.0,30.0
2026-05-25 09:00:00,Kangean,0.3,5.9,0.5,8500.0,1.4,30.1,0.3,0.3,0.3,4.9,4.4,5.3,0.5,0.3,0.3,12400.0,16320.0,14520.0,2.0,2.3,2.3,30.1,30.0,30.0
2026-05-25 10:00:00,Kangean,0.3,6.7,0.5,4580.0,0.6,30.2,0.3,0.3,0.3,5.9,4.9,4.4,0.5,0.5,0.3,8500.0,12400.0,16320.0,1.4,2.0,2.3,30.1,30.1,30.0
2026-05-25 11:00:00,Kangean,0.3,6.9,0.4,4880.0,0.2,30.2,0.3,0.3,0.3,6.7,5.9,4.9,0.5,0.5,0.5,4580.0,8500.0,12400.0,0.6,1.4,2.0,30.2,30.1,30.1
2026-05-25 12:00:00,Kangean,0.32,6.5,0.4,5160.0,0.9,30.3,0.3,0.3,0.3,6.9,6.7,5.9,0.4,0.5,0.5,4880.0,4580.0,8500.0,0.2,0.6,1.4,30.2,30.2,30.1
2026-05-25 13:00:00,Kangean,0.32,6.6,0.4,5460.0,1.4,30.4,0.32,0.3,0.3,6.5,6.9,6.7,0.4,0.4,0.5,5160.0,4880.0,4580.0,0.9,0.2,0.6,30.3,30.2,30.2
2026-05-25 14:00:00,Kangean,0.32,7.2,0.3,10240.0,1.8,30.4,0.32,0.32,0.3,6.6,6.5,6.9,0.4,0.4,0.4,5460.0,5160.0,4880.0,1.4,0.9,0.2,30.4,30.3,30.2
2026-05-25 15:00:00,Kangean,0.32,8.4,0.3,15040.0,1.9,30.4,0.32,0.32,0.32,7.2,6.6,6.5,0.3,0.4,0.4,10240.0,5460.0,5160.0,1.8,1.4,0.9,30.4,30.4,30.3
2026-05-25 16:00:00,Kangean,0.32,9.7,0.3,19820.0,1.6,30.4,0.32,0.32,0.32,8.4,7.2,6.6,0.3,0.3,0.4,15040.0,10240.0,5460.0,1.9,1.8,1.4,30.4,30.4,30.4
2026-05-25 17:00:00,Kangean,0.32,10.1,0.0,17500.0,1.2,30.3,0.32,0.32,0.32,9.7,8.4,7.2,0.3,0.3,0.3,19820.0,15040.0,10240.0,1.6,1.9,1.8,30.4,30.4,30.4
2026-05-25 18:00:00,Kangean,0.34,10.1,0.0,15160.0,0.7,30.2,0.32,0.32,0.32,10.1,9.7,8.4,0.0,0.3,0.3,17500.0,19820.0,15040.0,1.2,1.6,1.9,30.3,30.4,30.4
2026-05-25 19:00:00,Kangean,0.34,10.2,0.0,12840.0,0.4,30.2,0.34,0.32,0.32,10.1,10.1,9.7,0.0,0.0,0.3,15160.0,17500.0,19820.0,0.7,1.2,1.6,30.2,30.3,30.4
2026-05-25 20:00:00,Kangean,0.34,10.0,0.0,13900.0,0.2,30.2,0.34,0.34,0.32,10.2,10.1,10.1,0.0,0.0,0.0,12840.0,15160.0,17500.0,0.4,0.7,1.2,30.2,30.2,30.3
2026-05-25 21:00:00,Kangean,0.36,9.7,0.0,14960.0,0.3,30.2,0.34,0.34,0.34,10.0,10.2,10.1,0.0,0.0,0.0,13900.0,12840.0,15160.0,0.2,0.4,0.7,30.2,30.2,30.2
2026-05-25 22:00:00,Kangean,0.36,9.3,0.0,16020.0,0.3,30.2,0.36,0.34,0.34,9.7,10.0,10.2,0.0,0.0,0.0,14960.0,13900.0,12840.0,0.3,0.2,0.4,30.2,30.2,30.2
2026-05-25 23:00:00,Kangean,0.36,8.7,0.1,13220.0,0.3,30.2,0.36,0.36,0.34,9.3,9.7,10.0,0.0,0.0,0.0,16020.0,14960.0,13900.0,0.3,0.3,0.2,30.2,30.2,30.2
2026-05-26 00:00:00,Kangean,0.36,8.7,0.1,10420.0,0.3,30.1,0.36,0.36,0.36,8.7,9.3,9.7,0.1,0.0,0.0,13220.0,16020.0,14960.0,0.3,0.3,0.3,30.2,30.2,30.2
2026-05-26 01:00:00,Kangean,0.36,9.1,0.1,7620.0,0.2,30.1,0.36,0.36,0.36,8.7,8.7,9.3,0.1,0.1,0.0,10420.0,13220.0,16020.0,0.3,0.3,0.3,30.1,30.2,30.2
2026-05-26 02:00:00,Kangean,0.38,10.3,0.1,16000.0,0.4,30.1,0.36,0.36,0.36,9.1,8.7,8.7,0.1,0.1,0.1,7620.0,10420.0,13220.0,0.2,0.3,0.3,30.1,30.1,30.2
2026-05-26 03:00:00,Kangean,0.38,11.4,0.1,14920.0,0.8,30.1,0.38,0.36,0.36,10.3,9.1,8.7,0.1,0.1,0.1,16000.0,7620.0,10420.0,0.4,0.2,0.3,30.1,30.1,30.1
2026-05-26 04:00:00,Kangean,0.4,13.3,0.1,13860.0,1.3,30.1,0.38,0.38,0.36,11.4,10.3,9.1,0.1,0.1,0.1,14920.0,16000.0,7620.0,0.8,0.4,0.2,30.1,30.1,30.1
2026-05-26 05:00:00,Kangean,0.42,15.5,0.1,12780.0,1.7,30.0,0.4,0.38,0.38,13.3,11.4,10.3,0.1,0.1,0.1,13860.0,14920.0,16000.0,1.3,0.8,0.4,30.1,30.1,30.1
2026-05-26 06:00:00,Kangean,0.46,17.5,0.1,11700.0,2.1,30.0,0.42,0.4,0.38,15.5,13.3,11.4,0.1,0.1,0.1,12780.0,13860.0,14920.0,1.7,1.3,0.8,30.0,30.1,30.1
2026-05-26 07:00:00,Kangean,0.48,18.6,0.1,10620.0,2.2,30.0,0.46,0.42,0.4,17.5,15.5,13.3,0.1,0.1,0.1,11700.0,12780.0,13860.0,2.1,1.7,1.3,30.0,30.0,30.1
2026-05-26 08:00:00,Kangean,0.5,18.8,0.1,10440.0,2.1,30.1,0.48,0.46,0.42,18.6,17.5,15.5,0.1,0.1,0.1,10620.0,11700.0,12780.0,2.2,2.1,1.7,30.0,30.0,30.0
2026-05-26 09:00:00,Kangean,0.52,18.5,0.1,10260.0,1.9,30.1,0.5,0.48,0.46,18.8,18.6,17.5,0.1,0.1,0.1,10440.0,10620.0,11700.0,2.1,2.2,2.1,30.1,30.0,30.0
2026-05-26 10:00:00,Kangean,0.54,18.0,0.1,10100.0,1.2,30.2,0.52,0.5,0.48,18.5,18.8,18.6,0.1,0.1,0.1,10260.0,10440.0,10620.0,1.9,2.1,2.2,30.1,30.1,30.0
2026-05-26 11:00:00,Kangean,0.56,17.4,0.1,9920.0,0.4,30.2,0.54,0.52,0.5,18.0,18.5,18.8,0.1,0.1,0.1,10100.0,10260.0,10440.0,1.2,1.9,2.1,30.2,30.1,30.1
2026-05-26 12:00:00,Kangean,0.56,16.8,0.1,9740.0,0.3,30.2,0.56,0.54,0.52,17.4,18.0,18.5,0.1,0.1,0.1,9920.0,10100.0,10260.0,0.4,1.2,1.9,30.2,30.2,30.1
2026-05-26 13:00:00,Kangean,0.58,16.5,0.1,9560.0,0.9,30.3,0.56,0.56,0.54,16.8,17.4,18.0,0.1,0.1,0.1,9740.0,9920.0,10100.0,0.3,0.4,1.2,30.2,30.2,30.2
2026-05-26 14:00:00,Kangean,0.58,15.8,0.0,12160.0,1.3,30.3,0.58,0.56,0.56,16.5,16.8,17.4,0.1,0.1,0.1,9560.0,9740.0,9920.0,0.9,0.3,0.4,30.3,30.2,30.2
2026-05-26 15:00:00,Kangean,0.56,14.7,0.0,14760.0,1.5,30.3,0.58,0.58,0.56,15.8,16.5,16.8,0.0,0.1,0.1,12160.0,9560.0,9740.0,1.3,0.9,0.3,30.3,30.3,30.2
2026-05-26 16:00:00,Kangean,0.56,13.4,0.0,17360.0,1.5,30.2,0.56,0.58,0.58,14.7,15.8,16.5,0.0,0.0,0.1,14760.0,12160.0,9560.0,1.5,1.3,0.9,30.3,30.3,30.3
2026-05-26 17:00:00,Kangean,0.54,12.2,0.0,19940.0,1.0,30.2,0.56,0.56,0.58,13.4,14.7,15.8,0.0,0.0,0.0,17360.0,14760.0,12160.0,1.5,1.5,1.3,30.2,30.3,30.3
2026-05-26 18:00:00,Kangean,0.54,11.3,0.0,22540.0,0.5,30.2,0.54,0.56,0.56,12.2,13.4,14.7,0.0,0.0,0.0,19940.0,17360.0,14760.0,1.0,1.5,1.5,30.2,30.2,30.3
2026-05-26 19:00:00,Kangean,0.52,10.7,0.0,25140.0,0.2,30.2,0.54,0.54,0.56,11.3,12.2,13.4,0.0,0.0,0.0,22540.0,19940.0,17360.0,0.5,1.0,1.5,30.2,30.2,30.2
2026-05-26 20:00:00,Kangean,0.52,10.4,0.0,23580.0,0.5,30.2,0.52,0.54,0.54,10.7,11.3,12.2,0.0,0.0,0.0,25140.0,22540.0,19940.0,0.2,0.5,1.0,30.2,30.2,30.2
2026-05-26 21:00:00,Kangean,0.5,10.4,0.0,22000.0,0.8,30.1,0.52,0.52,0.54,10.4,10.7,11.3,0.0,0.0,0.0,23580.0,25140.0,22540.0,0.5,0.2,0.5,30.2,30.2,30.2
2026-05-26 22:00:00,Kangean,0.5,10.5,0.0,20440.0,0.9,30.1,0.5,0.52,0.52,10.4,10.4,10.7,0.0,0.0,0.0,22000.0,23580.0,25140.0,0.8,0.5,0.2,30.1,30.2,30.2
2026-05-26 23:00:00,Kangean,0.5,10.9,0.0,18860.0,0.9,30.1,0.5,0.5,0.52,10.5,10.4,10.4,0.0,0.0,0.0,20440.0,22000.0,23580.0,0.9,0.8,0.5,30.1,30.1,30.2
2026-05-20 03:00:00,Muncar,0.22,1.1,0.0,18500.0,2.4,29.6,0.22,0.22,0.22,2.0,1.9,4.8,0.0,0.1,0.0,17800.0,16140.0,8000.0,2.3,1.9,1.8,29.7,29.7,29.7
2026-05-20 04:00:00,Muncar,0.22,0.7,0.0,19040.0,2.7,29.6,0.22,0.22,0.22,1.1,2.0,1.9,0.0,0.0,0.1,18500.0,17800.0,16140.0,2.4,2.3,1.9,29.6,29.7,29.7
2026-05-20 05:00:00,Muncar,0.22,0.2,0.0,19480.0,2.7,29.6,0.22,0.22,0.22,0.7,1.1,2.0,0.0,0.0,0.0,19040.0,18500.0,17800.0,2.7,2.4,2.3,29.6,29.6,29.7
2026-05-20 06:00:00,Muncar,0.24,1.3,0.0,19680.0,2.6,29.6,0.22,0.22,0.22,0.2,0.7,1.1,0.0,0.0,0.0,19480.0,19040.0,18500.0,2.7,2.7,2.4,29.6,29.6,29.6
2026-05-20 07:00:00,Muncar,0.24,2.9,0.0,17480.0,2.4,29.6,0.24,0.22,0.22,1.3,0.2,0.7,0.0,0.0,0.0,19680.0,19480.0,19040.0,2.6,2.7,2.7,29.6,29.6,29.6
2026-05-20 08:00:00,Muncar,0.24,3.4,0.0,5040.0,2.2,29.7,0.24,0.24,0.22,2.9,1.3,0.2,0.0,0.0,0.0,17480.0,19680.0,19480.0,2.4,2.6,2.7,29.6,29.6,29.6
2026-05-20 09:00:00,Muncar,0.26,5.5,0.0,12540.0,2.1,29.7,0.24,0.24,0.24,3.4,2.9,1.3,0.0,0.0,0.0,5040.0,17480.0,19680.0,2.2,2.4,2.6,29.7,29.6,29.6
2026-05-20 10:00:00,Muncar,0.26,7.3,0.0,23040.0,1.9,29.8,0.26,0.24,0.24,5.5,3.4,2.9,0.0,0.0,0.0,12540.0,5040.0,17480.0,2.1,2.2,2.4,29.7,29.7,29.6
2026-05-20 11:00:00,Muncar,0.26,7.6,0.0,23040.0,2.0,29.9,0.26,0.26,0.24,7.3,5.5,3.4,0.0,0.0,0.0,23040.0,12540.0,5040.0,1.9,2.1,2.2,29.8,29.7,29.7
2026-05-20 12:00:00,Muncar,0.28,9.0,0.0,23040.0,2.2,29.9,0.26,0.26,0.26,7.6,7.3,5.5,0.0,0.0,0.0,23040.0,23040.0,12540.0,2.0,1.9,2.1,29.9,29.8,29.7
2026-05-20 13:00:00,Muncar,0.28,11.6,0.0,16240.0,2.4,29.9,0.28,0.26,0.26,9.0,7.6,7.3,0.0,0.0,0.0,23040.0,23040.0,23040.0,2.2,2.0,1.9,29.9,29.9,29.8
2026-05-20 14:00:00,Muncar,0.28,16.6,0.0,13940.0,2.6,29.9,0.28,0.28,0.26,11.6,9.0,7.6,0.0,0.0,0.0,16240.0,23040.0,23040.0,2.4,2.2,2.0,29.9,29.9,29.9
2026-05-20 15:00:00,Muncar,0.3,17.0,0.0,14180.0,2.7,29.9,0.28,0.28,0.28,16.6,11.6,9.0,0.0,0.0,0.0,13940.0,16240.0,23040.0,2.6,2.4,2.2,29.9,29.9,29.9
2026-05-20 16:00:00,Muncar,0.3,10.0,0.0,13360.0,2.7,29.9,0.3,0.28,0.28,17.0,16.6,11.6,0.0,0.0,0.0,14180.0,13940.0,16240.0,2.7,2.6,2.4,29.9,29.9,29.9
2026-05-20 17:00:00,Muncar,0.3,8.5,0.1,9720.0,2.7,29.9,0.3,0.3,0.28,10.0,17.0,16.6,0.0,0.0,0.0,13360.0,14180.0,13940.0,2.7,2.7,2.6,29.9,29.9,29.9
2026-05-20 18:00:00,Muncar,0.3,7.6,0.0,13940.0,2.7,29.8,0.3,0.3,0.3,8.5,10.0,17.0,0.1,0.0,0.0,9720.0,13360.0,14180.0,2.7,2.7,2.7,29.9,29.9,29.9
2026-05-20 19:00:00,Muncar,0.3,5.7,0.0,16100.0,2.3,29.8,0.3,0.3,0.3,7.6,8.5,10.0,0.0,0.1,0.0,13940.0,9720.0,13360.0,2.7,2.7,2.7,29.8,29.9,29.9
2026-05-20 20:00:00,Muncar,0.3,4.1,0.0,17060.0,2.1,29.8,0.3,0.3,0.3,5.7,7.6,8.5,0.0,0.0,0.1,16100.0,13940.0,9720.0,2.3,2.7,2.7,29.8,29.8,29.9
2026-05-20 21:00:00,Muncar,0.32,3.0,0.0,19220.0,1.7,29.8,0.3,0.3,0.3,4.1,5.7,7.6,0.0,0.0,0.0,17060.0,16100.0,13940.0,2.1,2.3,2.7,29.8,29.8,29.8
2026-05-20 22:00:00,Muncar,0.32,0.6,0.0,19460.0,1.5,29.8,0.32,0.3,0.3,3.0,4.1,5.7,0.0,0.0,0.0,19220.0,17060.0,16100.0,1.7,2.1,2.3,29.8,29.8,29.8
2026-05-20 23:00:00,Muncar,0.32,1.1,0.0,17260.0,1.4,29.8,0.32,0.32,0.3,0.6,3.0,4.1,0.0,0.0,0.0,19460.0,19220.0,17060.0,1.5,1.7,2.1,29.8,29.8,29.8
2026-05-21 00:00:00,Muncar,0.3,2.9,0.0,12820.0,1.5,29.8,0.32,0.32,0.32,1.1,0.6,3.0,0.0,0.0,0.0,17260.0,19460.0,19220.0,1.4,1.5,1.7,29.8,29.8,29.8
2026-05-21 01:00:00,Muncar,0.3,3.5,0.0,5320.0,1.8,29.8,0.3,0.32,0.32,2.9,1.1,0.6,0.0,0.0,0.0,12820.0,17260.0,19460.0,1.5,1.4,1.5,29.8,29.8,29.8
2026-05-21 02:00:00,Muncar,0.3,3.6,0.0,14220.0,1.9,29.8,0.3,0.3,0.32,3.5,2.9,1.1,0.0,0.0,0.0,5320.0,12820.0,17260.0,1.8,1.5,1.4,29.8,29.8,29.8
2026-05-21 03:00:00,Muncar,0.3,4.7,0.0,1880.0,2.3,29.7,0.3,0.3,0.3,3.6,3.5,2.9,0.0,0.0,0.0,14220.0,5320.0,12820.0,1.9,1.8,1.5,29.8,29.8,29.8
2026-05-21 04:00:00,Muncar,0.3,4.6,0.0,900.0,2.4,29.7,0.3,0.3,0.3,4.7,3.6,3.5,0.0,0.0,0.0,1880.0,14220.0,5320.0,2.3,1.9,1.8,29.7,29.8,29.8
2026-05-21 05:00:00,Muncar,0.3,4.9,0.0,700.0,2.6,29.6,0.3,0.3,0.3,4.6,4.7,3.6,0.0,0.0,0.0,900.0,1880.0,14220.0,2.4,2.3,1.9,29.7,29.7,29.8
2026-05-21 06:00:00,Muncar,0.3,7.2,0.0,600.0,2.6,29.6,0.3,0.3,0.3,4.9,4.6,4.7,0.0,0.0,0.0,700.0,900.0,1880.0,2.6,2.4,2.3,29.6,29.7,29.7
2026-05-21 07:00:00,Muncar,0.3,8.9,0.0,700.0,2.4,29.6,0.3,0.3,0.3,7.2,4.9,4.6,0.0,0.0,0.0,600.0,700.0,900.0,2.6,2.6,2.4,29.6,29.6,29.7
2026-05-21 08:00:00,Muncar,0.3,11.5,0.0,2060.0,2.3,29.7,0.3,0.3,0.3,8.9,7.2,4.9,0.0,0.0,0.0,700.0,600.0,700.0,2.4,2.6,2.6,29.6,29.6,29.6
2026-05-21 09:00:00,Muncar,0.3,14.3,0.0,9020.0,2.1,29.7,0.3,0.3,0.3,11.5,8.9,7.2,0.0,0.0,0.0,2060.0,700.0,600.0,2.3,2.4,2.6,29.7,29.6,29.6
2026-05-21 10:00:00,Muncar,0.3,13.9,0.0,18460.0,2.1,29.8,0.3,0.3,0.3,14.3,11.5,8.9,0.0,0.0,0.0,9020.0,2060.0,700.0,2.1,2.3,2.4,29.7,29.7,29.6
2026-05-21 11:00:00,Muncar,0.3,13.6,0.0,20760.0,1.9,29.9,0.3,0.3,0.3,13.9,14.3,11.5,0.0,0.0,0.0,18460.0,9020.0,2060.0,2.1,2.1,2.3,29.8,29.7,29.7
2026-05-21 12:00:00,Muncar,0.3,13.4,0.0,19500.0,2.0,29.9,0.3,0.3,0.3,13.6,13.9,14.3,0.0,0.0,0.0,20760.0,18460.0,9020.0,1.9,2.1,2.1,29.9,29.8,29.7
2026-05-21 13:00:00,Muncar,0.3,12.8,0.1,4260.0,2.2,29.9,0.3,0.3,0.3,13.4,13.6,13.9,0.0,0.0,0.0,19500.0,20760.0,18460.0,2.0,1.9,2.1,29.9,29.9,29.8
2026-05-21 14:00:00,Muncar,0.3,12.4,0.3,6260.0,2.3,29.9,0.3,0.3,0.3,12.8,13.4,13.6,0.1,0.0,0.0,4260.0,19500.0,20760.0,2.2,2.0,1.9,29.9,29.9,29.9
2026-05-21 15:00:00,Muncar,0.3,8.6,0.9,5360.0,2.6,29.9,0.3,0.3,0.3,12.4,12.8,13.4,0.3,0.1,0.0,6260.0,4260.0,19500.0,2.3,2.2,2.0,29.9,29.9,29.9
2026-05-21 16:00:00,Muncar,0.3,7.4,1.0,3540.0,2.7,29.9,0.3,0.3,0.3,8.6,12.4,12.8,0.9,0.3,0.1,5360.0,6260.0,4260.0,2.6,2.3,2.2,29.9,29.9,29.9
2026-05-21 17:00:00,Muncar,0.3,6.9,0.6,5860.0,2.8,29.9,0.3,0.3,0.3,7.4,8.6,12.4,1.0,0.9,0.3,3540.0,5360.0,6260.0,2.7,2.6,2.3,29.9,29.9,29.9
2026-05-21 18:00:00,Muncar,0.28,1.3,0.4,6280.0,2.8,29.8,0.3,0.3,0.3,6.9,7.4,8.6,0.6,1.0,0.9,5860.0,3540.0,5360.0,2.8,2.7,2.6,29.9,29.9,29.9
2026-05-21 19:00:00,Muncar,0.28,2.1,0.2,6240.0,2.6,29.8,0.28,0.3,0.3,1.3,6.9,7.4,0.4,0.6,1.0,6280.0,5860.0,3540.0,2.8,2.8,2.7,29.8,29.9,29.9
2026-05-21 20:00:00,Muncar,0.28,3.8,0.1,12100.0,2.4,29.8,0.28,0.28,0.3,2.1,1.3,6.9,0.2,0.4,0.6,6240.0,6280.0,5860.0,2.6,2.8,2.8,29.8,29.8,29.9
2026-05-21 21:00:00,Muncar,0.26,4.2,0.0,1580.0,2.1,29.8,0.28,0.28,0.28,3.8,2.1,1.3,0.1,0.2,0.4,12100.0,6240.0,6280.0,2.4,2.6,2.8,29.8,29.8,29.8
2026-05-21 22:00:00,Muncar,0.26,4.6,0.0,540.0,1.8,29.8,0.26,0.28,0.28,4.2,3.8,2.1,0.0,0.1,0.2,1580.0,12100.0,6240.0,2.1,2.4,2.6,29.8,29.8,29.8
2026-05-21 23:00:00,Muncar,0.26,4.5,0.0,300.0,1.7,29.8,0.26,0.26,0.28,4.6,4.2,3.8,0.0,0.0,0.1,540.0,1580.0,12100.0,1.8,2.1,2.4,29.8,29.8,29.8
2026-05-22 00:00:00,Muncar,0.26,4.6,0.0,220.0,1.7,29.8,0.26,0.26,0.26,4.5,4.6,4.2,0.0,0.0,0.0,300.0,540.0,1580.0,1.7,1.8,2.1,29.8,29.8,29.8
2026-05-22 01:00:00,Muncar,0.26,3.5,0.0,180.0,1.7,29.8,0.26,0.26,0.26,4.6,4.5,4.6,0.0,0.0,0.0,220.0,300.0,540.0,1.7,1.7,1.8,29.8,29.8,29.8
2026-05-22 02:00:00,Muncar,0.26,4.1,0.0,180.0,1.9,29.8,0.26,0.26,0.26,3.5,4.6,4.5,0.0,0.0,0.0,180.0,220.0,300.0,1.7,1.7,1.7,29.8,29.8,29.8
2026-05-22 03:00:00,Muncar,0.26,2.3,0.0,160.0,2.1,29.7,0.26,0.26,0.26,4.1,3.5,4.6,0.0,0.0,0.0,180.0,180.0,220.0,1.9,1.7,1.7,29.8,29.8,29.8
2026-05-22 04:00:00,Muncar,0.26,6.1,0.0,180.0,2.3,29.7,0.26,0.26,0.26,2.3,4.1,3.5,0.0,0.0,0.0,160.0,180.0,180.0,2.1,1.9,1.7,29.7,29.8,29.8
2026-05-22 05:00:00,Muncar,0.26,2.2,0.0,180.0,2.4,29.6,0.26,0.26,0.26,6.1,2.3,4.1,0.0,0.0,0.0,180.0,160.0,180.0,2.3,2.1,1.9,29.7,29.7,29.8
2026-05-22 06:00:00,Muncar,0.24,3.9,0.0,180.0,2.7,29.6,0.26,0.26,0.26,2.2,6.1,2.3,0.0,0.0,0.0,180.0,180.0,160.0,2.4,2.3,2.1,29.6,29.7,29.7
2026-05-22 07:00:00,Muncar,0.24,4.1,0.0,400.0,2.6,29.6,0.24,0.26,0.26,3.9,2.2,6.1,0.0,0.0,0.0,180.0,180.0,180.0,2.7,2.4,2.3,29.6,29.6,29.7
2026-05-22 08:00:00,Muncar,0.24,4.1,0.0,5040.0,2.4,29.7,0.24,0.24,0.26,4.1,3.9,2.2,0.0,0.0,0.0,400.0,180.0,180.0,2.6,2.7,2.4,29.6,29.6,29.6
2026-05-22 09:00:00,Muncar,0.24,5.4,0.4,8600.0,2.3,29.7,0.24,0.24,0.24,4.1,4.1,3.9,0.0,0.0,0.0,5040.0,400.0,180.0,2.4,2.6,2.7,29.7,29.6,29.6
2026-05-22 10:00:00,Muncar,0.24,6.2,0.1,12200.0,2.2,29.8,0.24,0.24,0.24,5.4,4.1,4.1,0.4,0.0,0.0,8600.0,5040.0,400.0,2.3,2.4,2.6,29.7,29.7,29.6
2026-05-22 11:00:00,Muncar,0.24,7.5,0.1,8380.0,2.2,29.9,0.24,0.24,0.24,6.2,5.4,4.1,0.1,0.4,0.0,12200.0,8600.0,5040.0,2.2,2.3,2.4,29.8,29.7,29.7
2026-05-22 12:00:00,Muncar,0.22,9.6,0.2,6560.0,1.9,29.9,0.24,0.24,0.24,7.5,6.2,5.4,0.1,0.1,0.4,8380.0,12200.0,8600.0,2.2,2.2,2.3,29.9,29.8,29.7
2026-05-22 13:00:00,Muncar,0.22,11.3,3.5,3020.0,2.0,29.9,0.22,0.24,0.24,9.6,7.5,6.2,0.2,0.1,0.1,6560.0,8380.0,12200.0,1.9,2.2,2.2,29.9,29.9,29.8
2026-05-22 14:00:00,Muncar,0.22,7.8,1.1,6100.0,2.2,29.9,0.22,0.22,0.24,11.3,9.6,7.5,3.5,0.2,0.1,3020.0,6560.0,8380.0,2.0,1.9,2.2,29.9,29.9,29.9
2026-05-22 15:00:00,Muncar,0.22,8.0,0.8,6120.0,2.2,29.9,0.22,0.22,0.22,7.8,11.3,9.6,1.1,3.5,0.2,6100.0,3020.0,6560.0,2.2,2.0,1.9,29.9,29.9,29.9
2026-05-22 16:00:00,Muncar,0.22,9.8,0.5,5340.0,2.3,29.9,0.22,0.22,0.22,8.0,7.8,11.3,0.8,1.1,3.5,6120.0,6100.0,3020.0,2.2,2.2,2.0,29.9,29.9,29.9
2026-05-22 17:00:00,Muncar,0.22,3.4,0.6,5300.0,2.4,29.8,0.22,0.22,0.22,9.8,8.0,7.8,0.5,0.8,1.1,5340.0,6120.0,6100.0,2.3,2.2,2.2,29.9,29.9,29.9
2026-05-22 18:00:00,Muncar,0.22,0.4,0.2,8540.0,2.4,29.8,0.22,0.22,0.22,3.4,9.8,8.0,0.6,0.5,0.8,5300.0,5340.0,6120.0,2.4,2.3,2.2,29.8,29.9,29.9
2026-05-22 19:00:00,Muncar,0.22,1.2,0.1,3920.0,2.4,29.8,0.22,0.22,0.22,0.4,3.4,9.8,0.2,0.6,0.5,8540.0,5300.0,5340.0,2.4,2.4,2.3,29.8,29.8,29.9
2026-05-22 20:00:00,Muncar,0.22,0.7,0.3,7180.0,2.3,29.8,0.22,0.22,0.22,1.2,0.4,3.4,0.1,0.2,0.6,3920.0,8540.0,5300.0,2.4,2.4,2.4,29.8,29.8,29.8
2026-05-22 21:00:00,Muncar,0.22,0.7,0.1,9980.0,2.1,29.8,0.22,0.22,0.22,0.7,1.2,0.4,0.3,0.1,0.2,7180.0,3920.0,8540.0,2.3,2.4,2.4,29.8,29.8,29.8
2026-05-22 22:00:00,Muncar,0.22,1.1,0.0,12220.0,1.9,29.8,0.22,0.22,0.22,0.7,0.7,1.2,0.1,0.3,0.1,9980.0,7180.0,3920.0,2.1,2.3,2.4,29.8,29.8,29.8
2026-05-22 23:00:00,Muncar,0.22,1.1,0.0,13640.0,1.7,29.8,0.22,0.22,0.22,1.1,0.7,0.7,0.0,0.1,0.3,12220.0,9980.0,7180.0,1.9,2.1,2.3,29.8,29.8,29.8
2026-05-23 00:00:00,Muncar,0.22,1.7,0.0,13260.0,1.5,29.8,0.22,0.22,0.22,1.1,1.1,0.7,0.0,0.0,0.1,13640.0,12220.0,9980.0,1.7,1.9,2.1,29.8,29.8,29.8
2026-05-23 01:00:00,Muncar,0.22,2.6,0.0,10300.0,1.5,29.8,0.22,0.22,0.22,1.7,1.1,1.1,0.0,0.0,0.0,13260.0,13640.0,12220.0,1.5,1.7,1.9,29.8,29.8,29.8
2026-05-23 02:00:00,Muncar,0.22,3.6,0.0,9680.0,1.5,29.8,0.22,0.22,0.22,2.6,1.7,1.1,0.0,0.0,0.0,10300.0,13260.0,13640.0,1.5,1.5,1.7,29.8,29.8,29.8
2026-05-23 03:00:00,Muncar,0.22,4.9,0.0,2760.0,1.7,29.8,0.22,0.22,0.22,3.6,2.6,1.7,0.0,0.0,0.0,9680.0,10300.0,13260.0,1.5,1.5,1.5,29.8,29.8,29.8
2026-05-23 04:00:00,Muncar,0.22,5.8,0.0,1320.0,1.9,29.7,0.22,0.22,0.22,4.9,3.6,2.6,0.0,0.0,0.0,2760.0,9680.0,10300.0,1.7,1.5,1.5,29.8,29.8,29.8
2026-05-23 05:00:00,Muncar,0.22,4.8,0.0,1000.0,2.1,29.7,0.22,0.22,0.22,5.8,4.9,3.6,0.0,0.0,0.0,1320.0,2760.0,9680.0,1.9,1.7,1.5,29.7,29.8,29.8
2026-05-23 06:00:00,Muncar,0.2,6.6,0.0,380.0,2.3,29.7,0.22,0.22,0.22,4.8,5.8,4.9,0.0,0.0,0.0,1000.0,1320.0,2760.0,2.1,1.9,1.7,29.7,29.7,29.8
2026-05-23 07:00:00,Muncar,0.2,3.8,0.0,1260.0,2.4,29.7,0.2,0.22,0.22,6.6,4.8,5.8,0.0,0.0,0.0,380.0,1000.0,1320.0,2.3,2.1,1.9,29.7,29.7,29.7
2026-05-23 08:00:00,Muncar,0.2,1.1,0.0,9080.0,2.4,29.8,0.2,0.2,0.22,3.8,6.6,4.8,0.0,0.0,0.0,1260.0,380.0,1000.0,2.4,2.3,2.1,29.7,29.7,29.7
2026-05-23 09:00:00,Muncar,0.2,5.5,0.0,13360.0,2.3,29.8,0.2,0.2,0.2,1.1,3.8,6.6,0.0,0.0,0.0,9080.0,1260.0,380.0,2.4,2.4,2.3,29.8,29.7,29.7
2026-05-23 10:00:00,Muncar,0.2,8.3,0.0,14520.0,2.3,29.9,0.2,0.2,0.2,5.5,1.1,3.8,0.0,0.0,0.0,13360.0,9080.0,1260.0,2.3,2.4,2.4,29.8,29.8,29.7
2026-05-23 11:00:00,Muncar,0.2,10.1,0.0,21600.0,1.9,29.9,0.2,0.2,0.2,8.3,5.5,1.1,0.0,0.0,0.0,14520.0,13360.0,9080.0,2.3,2.3,2.4,29.9,29.8,29.8
2026-05-23 12:00:00,Muncar,0.2,13.4,0.6,2860.0,1.8,30.0,0.2,0.2,0.2,10.1,8.3,5.5,0.0,0.0,0.0,21600.0,14520.0,13360.0,1.9,2.3,2.3,29.9,29.9,29.8
2026-05-23 13:00:00,Muncar,0.2,12.7,0.9,7640.0,1.8,30.0,0.2,0.2,0.2,13.4,10.1,8.3,0.6,0.0,0.0,2860.0,21600.0,14520.0,1.8,1.9,2.3,30.0,29.9,29.9
2026-05-23 14:00:00,Muncar,0.22,11.3,1.0,5500.0,1.8,30.0,0.2,0.2,0.2,12.7,13.4,10.1,0.9,0.6,0.0,7640.0,2860.0,21600.0,1.8,1.8,1.9,30.0,30.0,29.9
2026-05-23 15:00:00,Muncar,0.22,11.1,0.1,10220.0,1.9,30.0,0.22,0.2,0.2,11.3,12.7,13.4,1.0,0.9,0.6,5500.0,7640.0,2860.0,1.8,1.8,1.8,30.0,30.0,30.0
2026-05-23 16:00:00,Muncar,0.24,7.7,0.4,19060.0,2.1,29.9,0.22,0.22,0.2,11.1,11.3,12.7,0.1,1.0,0.9,10220.0,5500.0,7640.0,1.9,1.8,1.8,30.0,30.0,30.0
2026-05-23 17:00:00,Muncar,0.24,4.1,0.0,4700.0,2.2,29.9,0.24,0.22,0.22,7.7,11.1,11.3,0.4,0.1,1.0,19060.0,10220.0,5500.0,2.1,1.9,1.8,29.9,30.0,30.0
2026-05-23 18:00:00,Muncar,0.22,3.9,0.5,4040.0,2.3,29.9,0.24,0.24,0.22,4.1,7.7,11.1,0.0,0.4,0.1,4700.0,19060.0,10220.0,2.2,2.1,1.9,29.9,29.9,30.0
2026-05-23 19:00:00,Muncar,0.22,3.8,0.3,5780.0,2.4,29.9,0.22,0.24,0.24,3.9,4.1,7.7,0.5,0.0,0.4,4040.0,4700.0,19060.0,2.3,2.2,2.1,29.9,29.9,29.9
2026-05-23 20:00:00,Muncar,0.22,3.7,0.1,6520.0,2.4,29.9,0.22,0.22,0.24,3.8,3.9,4.1,0.3,0.5,0.0,5780.0,4040.0,4700.0,2.4,2.3,2.2,29.9,29.9,29.9
2026-05-23 21:00:00,Muncar,0.22,2.8,0.1,7260.0,2.3,29.8,0.22,0.22,0.22,3.7,3.8,3.9,0.1,0.3,0.5,6520.0,5780.0,4040.0,2.4,2.4,2.3,29.9,29.9,29.9
2026-05-23 22:00:00,Muncar,0.22,2.3,0.1,8000.0,2.2,29.8,0.22,0.22,0.22,2.8,3.7,3.8,0.1,0.1,0.3,7260.0,6520.0,5780.0,2.3,2.4,2.4,29.8,29.9,29.9
2026-05-23 23:00:00,Muncar,0.22,2.0,0.2,6580.0,1.9,29.8,0.22,0.22,0.22,2.3,2.8,3.7,0.1,0.1,0.1,8000.0,7260.0,6520.0,2.2,2.3,2.4,29.8,29.8,29.9
2026-05-24 00:00:00,Muncar,0.2,1.7,0.2,5140.0,1.8,29.8,0.22,0.22,0.22,2.0,2.3,2.8,0.2,0.1,0.1,6580.0,8000.0,7260.0,1.9,2.2,2.3,29.8,29.8,29.8
2026-05-24 01:00:00,Muncar,0.2,1.8,0.2,3720.0,1.5,29.8,0.2,0.22,0.22,1.7,2.0,2.3,0.2,0.2,0.1,5140.0,6580.0,8000.0,1.8,1.9,2.2,29.8,29.8,29.8
2026-05-24 02:00:00,Muncar,0.2,2.3,0.2,2760.0,1.5,29.8,0.2,0.2,0.22,1.8,1.7,2.0,0.2,0.2,0.2,3720.0,5140.0,6580.0,1.5,1.8,1.9,29.8,29.8,29.8
2026-05-24 03:00:00,Muncar,0.2,3.1,0.2,1800.0,1.5,29.7,0.2,0.2,0.2,2.3,1.8,1.7,0.2,0.2,0.2,2760.0,3720.0,5140.0,1.5,1.5,1.8,29.8,29.8,29.8
2026-05-24 04:00:00,Muncar,0.2,3.6,0.2,840.0,1.6,29.7,0.2,0.2,0.2,3.1,2.3,1.8,0.2,0.2,0.2,1800.0,2760.0,3720.0,1.5,1.5,1.5,29.7,29.8,29.8
2026-05-24 05:00:00,Muncar,0.2,3.1,0.1,2620.0,1.9,29.7,0.2,0.2,0.2,3.6,3.1,2.3,0.2,0.2,0.2,840.0,1800.0,2760.0,1.6,1.5,1.5,29.7,29.7,29.8
2026-05-24 06:00:00,Muncar,0.2,2.2,0.1,4400.0,1.9,29.7,0.2,0.2,0.2,3.1,3.6,3.1,0.1,0.2,0.2,2620.0,840.0,1800.0,1.9,1.6,1.5,29.7,29.7,29.7
2026-05-24 07:00:00,Muncar,0.2,2.1,0.1,6180.0,2.1,29.8,0.2,0.2,0.2,2.2,3.1,3.6,0.1,0.1,0.2,4400.0,2620.0,840.0,1.9,1.9,1.6,29.7,29.7,29.7
2026-05-24 08:00:00,Muncar,0.2,3.5,0.0,6900.0,2.0,29.9,0.2,0.2,0.2,2.1,2.2,3.1,0.1,0.1,0.1,6180.0,4400.0,2620.0,2.1,1.9,1.9,29.8,29.7,29.7
2026-05-24 09:00:00,Muncar,0.22,5.6,0.0,7620.0,2.0,30.0,0.2,0.2,0.2,3.5,2.1,2.2,0.0,0.1,0.1,6900.0,6180.0,4400.0,2.0,2.1,1.9,29.9,29.8,29.7
2026-05-24 10:00:00,Muncar,0.22,7.5,0.0,8340.0,1.9,30.1,0.22,0.2,0.2,5.6,3.5,2.1,0.0,0.0,0.1,7620.0,6900.0,6180.0,2.0,2.0,2.1,30.0,29.9,29.8
2026-05-24 11:00:00,Muncar,0.22,9.3,0.1,11480.0,1.7,30.2,0.22,0.22,0.2,7.5,5.6,3.5,0.0,0.0,0.0,8340.0,7620.0,6900.0,1.9,2.0,2.0,30.1,30.0,29.9
2026-05-24 12:00:00,Muncar,0.24,11.1,0.1,14640.0,1.4,30.4,0.22,0.22,0.22,9.3,7.5,5.6,0.1,0.0,0.0,11480.0,8340.0,7620.0,1.7,1.9,2.0,30.2,30.1,30.0
2026-05-24 13:00:00,Muncar,0.24,12.0,0.1,17780.0,1.2,30.4,0.24,0.22,0.22,11.1,9.3,7.5,0.1,0.1,0.0,14640.0,11480.0,8340.0,1.4,1.7,1.9,30.4,30.2,30.1
2026-05-24 14:00:00,Muncar,0.28,11.4,0.9,12720.0,0.9,30.4,0.24,0.24,0.22,12.0,11.1,9.3,0.1,0.1,0.1,17780.0,14640.0,11480.0,1.2,1.4,1.7,30.4,30.4,30.2
2026-05-24 15:00:00,Muncar,0.3,10.2,0.9,7660.0,0.8,30.4,0.28,0.24,0.24,11.4,12.0,11.1,0.9,0.1,0.1,12720.0,17780.0,14640.0,0.9,1.2,1.4,30.4,30.4,30.4
2026-05-24 16:00:00,Muncar,0.34,8.7,0.9,2600.0,0.8,30.3,0.3,0.28,0.24,10.2,11.4,12.0,0.9,0.9,0.1,7660.0,12720.0,17780.0,0.8,0.9,1.2,30.4,30.4,30.4
2026-05-24 17:00:00,Muncar,0.36,6.5,0.6,3060.0,1.0,30.2,0.34,0.3,0.28,8.7,10.2,11.4,0.9,0.9,0.9,2600.0,7660.0,12720.0,0.8,0.8,0.9,30.3,30.4,30.4
2026-05-24 18:00:00,Muncar,0.36,4.3,0.6,3540.0,1.0,30.1,0.36,0.34,0.3,6.5,8.7,10.2,0.6,0.9,0.9,3060.0,2600.0,7660.0,1.0,0.8,0.8,30.2,30.3,30.4
2026-05-24 19:00:00,Muncar,0.38,3.2,0.6,4000.0,1.2,30.0,0.36,0.36,0.34,4.3,6.5,8.7,0.6,0.6,0.9,3540.0,3060.0,2600.0,1.0,1.0,0.8,30.1,30.2,30.3
2026-05-24 20:00:00,Muncar,0.36,3.4,0.2,4300.0,1.2,30.0,0.38,0.36,0.36,3.2,4.3,6.5,0.6,0.6,0.6,4000.0,3540.0,3060.0,1.2,1.0,1.0,30.0,30.1,30.2
2026-05-24 21:00:00,Muncar,0.36,4.0,0.2,4580.0,1.2,30.0,0.36,0.38,0.36,3.4,3.2,4.3,0.2,0.6,0.6,4300.0,4000.0,3540.0,1.2,1.2,1.0,30.0,30.0,30.1
2026-05-24 22:00:00,Muncar,0.34,4.2,0.2,4880.0,1.2,30.0,0.36,0.36,0.38,4.0,3.4,3.2,0.2,0.2,0.6,4580.0,4300.0,4000.0,1.2,1.2,1.2,30.0,30.0,30.0
2026-05-24 23:00:00,Muncar,0.34,3.8,2.3,3980.0,1.0,30.0,0.34,0.36,0.36,4.2,4.0,3.4,0.2,0.2,0.2,4880.0,4580.0,4300.0,1.2,1.2,1.2,30.0,30.0,30.0
2026-05-25 00:00:00,Muncar,0.36,4.5,2.3,3080.0,0.8,29.9,0.34,0.34,0.36,3.8,4.2,4.0,2.3,0.2,0.2,3980.0,4880.0,4580.0,1.0,1.2,1.2,30.0,30.0,30.0
2026-05-25 01:00:00,Muncar,0.36,5.8,2.3,2180.0,0.6,29.9,0.36,0.34,0.34,4.5,3.8,4.2,2.3,2.3,0.2,3080.0,3980.0,4880.0,0.8,1.0,1.2,29.9,30.0,30.0
2026-05-25 02:00:00,Muncar,0.38,6.8,0.5,3520.0,0.4,29.9,0.36,0.36,0.34,5.8,4.5,3.8,2.3,2.3,2.3,2180.0,3080.0,3980.0,0.6,0.8,1.0,29.9,29.9,30.0
2026-05-25 03:00:00,Muncar,0.38,7.4,0.5,4880.0,0.4,29.9,0.38,0.36,0.36,6.8,5.8,4.5,0.5,2.3,2.3,3520.0,2180.0,3080.0,0.4,0.6,0.8,29.9,29.9,29.9
2026-05-25 04:00:00,Muncar,0.4,7.7,0.5,6220.0,0.4,29.9,0.38,0.38,0.36,7.4,6.8,5.8,0.5,0.5,2.3,4880.0,3520.0,2180.0,0.4,0.4,0.6,29.9,29.9,29.9
2026-05-25 05:00:00,Muncar,0.4,8.1,0.0,6200.0,0.4,29.8,0.4,0.38,0.38,7.7,7.4,6.8,0.5,0.5,0.5,6220.0,4880.0,3520.0,0.4,0.4,0.4,29.9,29.9,29.9
2026-05-25 06:00:00,Muncar,0.42,8.0,0.0,6160.0,0.4,29.8,0.4,0.4,0.38,8.1,7.7,7.4,0.0,0.5,0.5,6200.0,6220.0,4880.0,0.4,0.4,0.4,29.8,29.9,29.9
2026-05-25 07:00:00,Muncar,0.42,6.9,0.0,6140.0,0.5,29.8,0.42,0.4,0.4,8.0,8.1,7.7,0.0,0.0,0.5,6160.0,6200.0,6220.0,0.4,0.4,0.4,29.8,29.8,29.9
2026-05-25 08:00:00,Muncar,0.42,4.2,0.1,8900.0,0.5,29.9,0.42,0.42,0.4,6.9,8.0,8.1,0.0,0.0,0.0,6140.0,6160.0,6200.0,0.5,0.4,0.4,29.8,29.8,29.8
2026-05-25 09:00:00,Muncar,0.42,5.0,0.1,11640.0,0.6,29.9,0.42,0.42,0.42,4.2,6.9,8.0,0.1,0.0,0.0,8900.0,6140.0,6160.0,0.5,0.5,0.4,29.9,29.8,29.8
2026-05-25 10:00:00,Muncar,0.42,8.3,0.1,14400.0,0.5,30.0,0.42,0.42,0.42,5.0,4.2,6.9,0.1,0.1,0.0,11640.0,8900.0,6140.0,0.6,0.5,0.5,29.9,29.9,29.8
2026-05-25 11:00:00,Muncar,0.44,10.5,0.4,10700.0,0.3,30.0,0.42,0.42,0.42,8.3,5.0,4.2,0.1,0.1,0.1,14400.0,11640.0,8900.0,0.5,0.6,0.5,30.0,29.9,29.9
2026-05-25 12:00:00,Muncar,0.44,12.0,0.4,7020.0,0.0,30.0,0.44,0.42,0.42,10.5,8.3,5.0,0.4,0.1,0.1,10700.0,14400.0,11640.0,0.3,0.5,0.6,30.0,30.0,29.9
2026-05-25 13:00:00,Muncar,0.46,12.3,0.4,3320.0,0.3,30.0,0.44,0.44,0.42,12.0,10.5,8.3,0.4,0.4,0.1,7020.0,10700.0,14400.0,0.0,0.3,0.5,30.0,30.0,30.0
2026-05-25 14:00:00,Muncar,0.46,11.6,0.4,4060.0,0.6,30.0,0.46,0.44,0.44,12.3,12.0,10.5,0.4,0.4,0.4,3320.0,7020.0,10700.0,0.3,0.0,0.3,30.0,30.0,30.0
2026-05-25 15:00:00,Muncar,0.48,10.2,0.4,4800.0,0.8,30.0,0.46,0.46,0.44,11.6,12.3,12.0,0.4,0.4,0.4,4060.0,3320.0,7020.0,0.6,0.3,0.0,30.0,30.0,30.0
2026-05-25 16:00:00,Muncar,0.48,8.8,0.4,5540.0,0.8,30.0,0.48,0.46,0.46,10.2,11.6,12.3,0.4,0.4,0.4,4800.0,4060.0,3320.0,0.8,0.6,0.3,30.0,30.0,30.0
2026-05-25 17:00:00,Muncar,0.5,8.3,0.4,7060.0,0.8,30.0,0.48,0.48,0.46,8.8,10.2,11.6,0.4,0.4,0.4,5540.0,4800.0,4060.0,0.8,0.8,0.6,30.0,30.0,30.0
2026-05-25 18:00:00,Muncar,0.52,8.2,0.4,8600.0,0.8,30.0,0.5,0.48,0.48,8.3,8.8,10.2,0.4,0.4,0.4,7060.0,5540.0,4800.0,0.8,0.8,0.8,30.0,30.0,30.0
2026-05-25 19:00:00,Muncar,0.54,7.4,0.4,10120.0,0.6,30.0,0.52,0.5,0.48,8.2,8.3,8.8,0.4,0.4,0.4,8600.0,7060.0,5540.0,0.8,0.8,0.8,30.0,30.0,30.0
2026-05-25 20:00:00,Muncar,0.54,5.1,0.1,9460.0,0.5,29.9,0.54,0.52,0.5,7.4,8.2,8.3,0.4,0.4,0.4,10120.0,8600.0,7060.0,0.6,0.8,0.8,30.0,30.0,30.0
2026-05-25 21:00:00,Muncar,0.56,2.2,0.1,8800.0,0.4,29.9,0.54,0.54,0.52,5.1,7.4,8.2,0.1,0.4,0.4,9460.0,10120.0,8600.0,0.5,0.6,0.8,29.9,30.0,30.0
2026-05-25 22:00:00,Muncar,0.56,0.6,0.1,8140.0,0.6,29.9,0.56,0.54,0.54,2.2,5.1,7.4,0.1,0.1,0.4,8800.0,9460.0,10120.0,0.4,0.5,0.6,29.9,29.9,30.0
2026-05-25 23:00:00,Muncar,0.56,1.2,0.1,8200.0,0.6,29.8,0.56,0.56,0.54,0.6,2.2,5.1,0.1,0.1,0.1,8140.0,8800.0,9460.0,0.6,0.4,0.5,29.9,29.9,29.9
2026-05-26 00:00:00,Muncar,0.54,1.4,0.1,8280.0,0.9,29.8,0.56,0.56,0.56,1.2,0.6,2.2,0.1,0.1,0.1,8200.0,8140.0,8800.0,0.6,0.6,0.4,29.8,29.9,29.9
2026-05-26 01:00:00,Muncar,0.54,1.7,0.1,8340.0,1.0,29.8,0.54,0.56,0.56,1.4,1.2,0.6,0.1,0.1,0.1,8280.0,8200.0,8140.0,0.9,0.6,0.6,29.8,29.8,29.9
2026-05-26 02:00:00,Muncar,0.54,3.6,0.4,7140.0,1.3,29.7,0.54,0.54,0.56,1.7,1.4,1.2,0.1,0.1,0.1,8340.0,8280.0,8200.0,1.0,0.9,0.6,29.8,29.8,29.8
2026-05-26 03:00:00,Muncar,0.54,4.0,0.4,6860.0,1.5,29.7,0.54,0.54,0.54,3.6,1.7,1.4,0.4,0.1,0.1,7140.0,8340.0,8280.0,1.3,1.0,0.9,29.7,29.8,29.8
2026-05-26 04:00:00,Muncar,0.54,4.1,0.4,6580.0,1.7,29.6,0.54,0.54,0.54,4.0,3.6,1.7,0.4,0.4,0.1,6860.0,7140.0,8340.0,1.5,1.3,1.0,29.7,29.7,29.8
2026-05-26 05:00:00,Muncar,0.54,4.5,0.4,6280.0,1.7,29.6,0.54,0.54,0.54,4.1,4.0,3.6,0.4,0.4,0.4,6580.0,6860.0,7140.0,1.7,1.5,1.3,29.6,29.7,29.7
2026-05-26 06:00:00,Muncar,0.56,4.9,0.4,6000.0,1.7,29.6,0.54,0.54,0.54,4.5,4.1,4.0,0.4,0.4,0.4,6280.0,6580.0,6860.0,1.7,1.7,1.5,29.6,29.6,29.7
2026-05-26 07:00:00,Muncar,0.56,5.6,0.4,5720.0,1.5,29.6,0.56,0.54,0.54,4.9,4.5,4.1,0.4,0.4,0.4,6000.0,6280.0,6580.0,1.7,1.7,1.7,29.6,29.6,29.6
2026-05-26 08:00:00,Muncar,0.56,6.8,0.1,5600.0,1.5,29.6,0.56,0.56,0.54,5.6,4.9,4.5,0.4,0.4,0.4,5720.0,6000.0,6280.0,1.5,1.7,1.7,29.6,29.6,29.6
2026-05-26 09:00:00,Muncar,0.58,8.9,0.1,5500.0,1.4,29.6,0.56,0.56,0.56,6.8,5.6,4.9,0.1,0.4,0.4,5600.0,5720.0,6000.0,1.5,1.5,1.7,29.6,29.6,29.6
2026-05-26 10:00:00,Muncar,0.58,11.6,0.1,5380.0,1.3,29.7,0.58,0.56,0.56,8.9,6.8,5.6,0.1,0.1,0.4,5500.0,5600.0,5720.0,1.4,1.5,1.5,29.6,29.6,29.6
2026-05-26 11:00:00,Muncar,0.62,14.3,0.1,5260.0,1.3,29.7,0.58,0.58,0.56,11.6,8.9,6.8,0.1,0.1,0.1,5380.0,5500.0,5600.0,1.3,1.4,1.5,29.7,29.6,29.6
2026-05-26 12:00:00,Muncar,0.64,16.5,0.1,5160.0,1.5,29.8,0.62,0.58,0.58,14.3,11.6,8.9,0.1,0.1,0.1,5260.0,5380.0,5500.0,1.3,1.3,1.4,29.7,29.7,29.6
2026-05-26 13:00:00,Muncar,0.68,17.9,0.1,5040.0,1.6,29.8,0.64,0.62,0.58,16.5,14.3,11.6,0.1,0.1,0.1,5160.0,5260.0,5380.0,1.5,1.3,1.3,29.8,29.7,29.7
2026-05-26 14:00:00,Muncar,0.7,18.3,0.5,5060.0,1.9,29.8,0.68,0.64,0.62,17.9,16.5,14.3,0.1,0.1,0.1,5040.0,5160.0,5260.0,1.6,1.5,1.3,29.8,29.8,29.7
2026-05-26 15:00:00,Muncar,0.74,17.9,0.5,5080.0,2.1,29.7,0.7,0.68,0.64,18.3,17.9,16.5,0.5,0.1,0.1,5060.0,5040.0,5160.0,1.9,1.6,1.5,29.8,29.8,29.8
2026-05-26 16:00:00,Muncar,0.76,17.0,0.5,5100.0,2.3,29.7,0.74,0.7,0.68,17.9,18.3,17.9,0.5,0.5,0.1,5080.0,5060.0,5040.0,2.1,1.9,1.6,29.7,29.8,29.8
2026-05-26 17:00:00,Muncar,0.78,15.8,0.5,5120.0,2.3,29.6,0.76,0.74,0.7,17.0,17.9,18.3,0.5,0.5,0.5,5100.0,5080.0,5060.0,2.3,2.1,1.9,29.7,29.7,29.8
2026-05-26 18:00:00,Muncar,0.8,14.7,0.5,5140.0,2.3,29.6,0.78,0.76,0.74,15.8,17.0,17.9,0.5,0.5,0.5,5120.0,5100.0,5080.0,2.3,2.3,2.1,29.6,29.7,29.7
2026-05-26 19:00:00,Muncar,0.82,13.9,0.5,5160.0,2.2,29.5,0.8,0.78,0.76,14.7,15.8,17.0,0.5,0.5,0.5,5140.0,5120.0,5100.0,2.3,2.3,2.3,29.6,29.6,29.7
2026-05-26 20:00:00,Muncar,0.82,13.4,0.1,6040.0,2.1,29.5,0.82,0.8,0.78,13.9,14.7,15.8,0.5,0.5,0.5,5160.0,5140.0,5120.0,2.2,2.3,2.3,29.5,29.6,29.6
2026-05-26 21:00:00,Muncar,0.8,12.8,0.1,6940.0,1.8,29.5,0.82,0.82,0.8,13.4,13.9,14.7,0.1,0.5,0.5,6040.0,5160.0,5140.0,2.1,2.2,2.3,29.5,29.5,29.6
2026-05-26 22:00:00,Muncar,0.8,12.5,0.1,7820.0,1.7,29.4,0.8,0.82,0.82,12.8,13.4,13.9,0.1,0.1,0.5,6940.0,6040.0,5160.0,1.8,2.1,2.2,29.5,29.5,29.5
2026-05-26 23:00:00,Muncar,0.78,12.2,0.1,8700.0,1.7,29.4,0.8,0.8,0.82,12.5,12.8,13.4,0.1,0.1,0.1,7820.0,6940.0,6040.0,1.7,1.8,2.1,29.4,29.5,29.5
2026-05-20 03:00:00,Paciran,0.1,6.1,0.0,10500.0,0.4,30.9,0.1,0.1,0.1,6.4,6.4,6.5,0.0,0.0,0.0,12720.0,12720.0,12720.0,0.4,0.4,0.4,30.9,30.9,31.0
2026-05-20 04:00:00,Paciran,0.1,5.5,0.0,10500.0,0.4,30.8,0.1,0.1,0.1,6.1,6.4,6.4,0.0,0.0,0.0,10500.0,12720.0,12720.0,0.4,0.4,0.4,30.9,30.9,30.9
2026-05-20 05:00:00,Paciran,0.1,4.0,0.0,10500.0,0.4,30.8,0.1,0.1,0.1,5.5,6.1,6.4,0.0,0.0,0.0,10500.0,10500.0,12720.0,0.4,0.4,0.4,30.8,30.9,30.9
2026-05-20 06:00:00,Paciran,0.08,5.3,0.0,3480.0,0.4,30.8,0.1,0.1,0.1,4.0,5.5,6.1,0.0,0.0,0.0,10500.0,10500.0,10500.0,0.4,0.4,0.4,30.8,30.8,30.9
2026-05-20 07:00:00,Paciran,0.08,4.1,0.0,10820.0,0.4,30.8,0.08,0.1,0.1,5.3,4.0,5.5,0.0,0.0,0.0,3480.0,10500.0,10500.0,0.4,0.4,0.4,30.8,30.8,30.8
2026-05-20 08:00:00,Paciran,0.08,6.9,0.0,11900.0,0.4,30.8,0.08,0.08,0.1,4.1,5.3,4.0,0.0,0.0,0.0,10820.0,3480.0,10500.0,0.4,0.4,0.4,30.8,30.8,30.8
2026-05-20 09:00:00,Paciran,0.08,9.5,0.0,10680.0,0.5,30.9,0.08,0.08,0.08,6.9,4.1,5.3,0.0,0.0,0.0,11900.0,10820.0,3480.0,0.4,0.4,0.4,30.8,30.8,30.8
2026-05-20 10:00:00,Paciran,0.08,10.6,0.1,6680.0,0.5,30.9,0.08,0.08,0.08,9.5,6.9,4.1,0.0,0.0,0.0,10680.0,11900.0,10820.0,0.5,0.4,0.4,30.9,30.8,30.8
2026-05-20 11:00:00,Paciran,0.08,12.2,0.1,10120.0,0.7,31.0,0.08,0.08,0.08,10.6,9.5,6.9,0.1,0.0,0.0,6680.0,10680.0,11900.0,0.5,0.5,0.4,30.9,30.9,30.8
2026-05-20 12:00:00,Paciran,0.1,15.4,0.0,18140.0,0.7,31.0,0.08,0.08,0.08,12.2,10.6,9.5,0.1,0.1,0.0,10120.0,6680.0,10680.0,0.7,0.5,0.5,31.0,30.9,30.9
2026-05-20 13:00:00,Paciran,0.1,16.1,0.0,18800.0,0.7,31.0,0.1,0.08,0.08,15.4,12.2,10.6,0.0,0.1,0.1,18140.0,10120.0,6680.0,0.7,0.7,0.5,31.0,31.0,30.9
2026-05-20 14:00:00,Paciran,0.14,15.9,0.0,13140.0,0.7,31.0,0.1,0.1,0.08,16.1,15.4,12.2,0.0,0.0,0.1,18800.0,18140.0,10120.0,0.7,0.7,0.7,31.0,31.0,31.0
2026-05-20 15:00:00,Paciran,0.16,15.1,0.0,16840.0,0.6,31.1,0.14,0.1,0.1,15.9,16.1,15.4,0.0,0.0,0.0,13140.0,18800.0,18140.0,0.7,0.7,0.7,31.0,31.0,31.0
2026-05-20 16:00:00,Paciran,0.2,13.9,0.0,16840.0,0.5,31.1,0.16,0.14,0.1,15.1,15.9,16.1,0.0,0.0,0.0,16840.0,13140.0,18800.0,0.6,0.7,0.7,31.1,31.0,31.0
2026-05-20 17:00:00,Paciran,0.18,9.6,0.0,16480.0,0.5,31.0,0.2,0.16,0.14,13.9,15.1,15.9,0.0,0.0,0.0,16840.0,16840.0,13140.0,0.5,0.6,0.7,31.1,31.1,31.0
2026-05-20 18:00:00,Paciran,0.18,7.7,0.0,14280.0,0.5,31.0,0.18,0.2,0.16,9.6,13.9,15.1,0.0,0.0,0.0,16480.0,16840.0,16840.0,0.5,0.5,0.6,31.0,31.1,31.1
2026-05-20 19:00:00,Paciran,0.16,7.2,0.0,11860.0,0.5,31.0,0.18,0.18,0.2,7.7,9.6,13.9,0.0,0.0,0.0,14280.0,16480.0,16840.0,0.5,0.5,0.5,31.0,31.0,31.1
2026-05-20 20:00:00,Paciran,0.16,6.6,0.0,12520.0,0.5,31.0,0.16,0.18,0.18,7.2,7.7,9.6,0.0,0.0,0.0,11860.0,14280.0,16480.0,0.5,0.5,0.5,31.0,31.0,31.0
2026-05-20 21:00:00,Paciran,0.14,9.1,0.0,11820.0,0.5,31.0,0.16,0.16,0.18,6.6,7.2,7.7,0.0,0.0,0.0,12520.0,11860.0,14280.0,0.5,0.5,0.5,31.0,31.0,31.0
2026-05-20 22:00:00,Paciran,0.14,10.1,0.0,11580.0,0.4,31.0,0.14,0.16,0.16,9.1,6.6,7.2,0.0,0.0,0.0,11820.0,12520.0,11860.0,0.5,0.5,0.5,31.0,31.0,31.0
2026-05-20 23:00:00,Paciran,0.14,8.0,0.0,12160.0,0.4,31.0,0.14,0.14,0.16,10.1,9.1,6.6,0.0,0.0,0.0,11580.0,11820.0,12520.0,0.4,0.5,0.5,31.0,31.0,31.0
2026-05-21 00:00:00,Paciran,0.14,6.9,0.0,10380.0,0.4,31.0,0.14,0.14,0.14,8.0,10.1,9.1,0.0,0.0,0.0,12160.0,11580.0,11820.0,0.4,0.4,0.5,31.0,31.0,31.0
2026-05-21 01:00:00,Paciran,0.14,6.4,0.0,10480.0,0.4,30.9,0.14,0.14,0.14,6.9,8.0,10.1,0.0,0.0,0.0,10380.0,12160.0,11580.0,0.4,0.4,0.4,31.0,31.0,31.0
2026-05-21 02:00:00,Paciran,0.14,6.4,0.0,10540.0,0.4,30.9,0.14,0.14,0.14,6.4,6.9,8.0,0.0,0.0,0.0,10480.0,10380.0,12160.0,0.4,0.4,0.4,30.9,31.0,31.0
2026-05-21 03:00:00,Paciran,0.14,7.1,0.0,10540.0,0.4,30.9,0.14,0.14,0.14,6.4,6.4,6.9,0.0,0.0,0.0,10540.0,10480.0,10380.0,0.4,0.4,0.4,30.9,30.9,31.0
2026-05-21 04:00:00,Paciran,0.14,6.7,0.0,10540.0,0.4,30.8,0.14,0.14,0.14,7.1,6.4,6.4,0.0,0.0,0.0,10540.0,10540.0,10480.0,0.4,0.4,0.4,30.9,30.9,30.9
2026-05-21 05:00:00,Paciran,0.14,5.9,0.0,10540.0,0.4,30.8,0.14,0.14,0.14,6.7,7.1,6.4,0.0,0.0,0.0,10540.0,10540.0,10540.0,0.4,0.4,0.4,30.8,30.9,30.9
2026-05-21 06:00:00,Paciran,0.14,6.2,0.0,10380.0,0.4,30.8,0.14,0.14,0.14,5.9,6.7,7.1,0.0,0.0,0.0,10540.0,10540.0,10540.0,0.4,0.4,0.4,30.8,30.8,30.9
2026-05-21 07:00:00,Paciran,0.14,5.6,0.0,11560.0,0.4,30.8,0.14,0.14,0.14,6.2,5.9,6.7,0.0,0.0,0.0,10380.0,10540.0,10540.0,0.4,0.4,0.4,30.8,30.8,30.8
2026-05-21 08:00:00,Paciran,0.14,9.9,0.1,10360.0,0.4,30.8,0.14,0.14,0.14,5.6,6.2,5.9,0.0,0.0,0.0,11560.0,10380.0,10540.0,0.4,0.4,0.4,30.8,30.8,30.8
2026-05-21 09:00:00,Paciran,0.14,11.3,0.1,8040.0,0.4,30.9,0.14,0.14,0.14,9.9,5.6,6.2,0.1,0.0,0.0,10360.0,11560.0,10380.0,0.4,0.4,0.4,30.8,30.8,30.8
2026-05-21 10:00:00,Paciran,0.14,11.5,0.1,9460.0,0.5,31.0,0.14,0.14,0.14,11.3,9.9,5.6,0.1,0.1,0.0,8040.0,10360.0,11560.0,0.4,0.4,0.4,30.9,30.8,30.8
2026-05-21 11:00:00,Paciran,0.14,9.4,0.0,11860.0,0.5,31.0,0.14,0.14,0.14,11.5,11.3,9.9,0.1,0.1,0.1,9460.0,8040.0,10360.0,0.5,0.4,0.4,31.0,30.9,30.8
2026-05-21 12:00:00,Paciran,0.14,9.7,0.0,11980.0,0.5,31.1,0.14,0.14,0.14,9.4,11.5,11.3,0.0,0.1,0.1,11860.0,9460.0,8040.0,0.5,0.5,0.4,31.0,31.0,30.9
2026-05-21 13:00:00,Paciran,0.14,10.9,0.1,10280.0,0.7,31.1,0.14,0.14,0.14,9.7,9.4,11.5,0.0,0.0,0.1,11980.0,11860.0,9460.0,0.5,0.5,0.5,31.1,31.0,31.0
2026-05-21 14:00:00,Paciran,0.14,9.8,0.0,10220.0,0.7,31.1,0.14,0.14,0.14,10.9,9.7,9.4,0.1,0.0,0.0,10280.0,11980.0,11860.0,0.7,0.5,0.5,31.1,31.1,31.0
2026-05-21 15:00:00,Paciran,0.12,7.9,0.1,6560.0,0.7,31.1,0.14,0.14,0.14,9.8,10.9,9.7,0.0,0.1,0.0,10220.0,10280.0,11980.0,0.7,0.7,0.5,31.1,31.1,31.1
2026-05-21 16:00:00,Paciran,0.12,7.1,0.2,2440.0,0.5,31.1,0.12,0.14,0.14,7.9,9.8,10.9,0.1,0.0,0.1,6560.0,10220.0,10280.0,0.7,0.7,0.7,31.1,31.1,31.1
2026-05-21 17:00:00,Paciran,0.12,8.3,1.8,3740.0,0.5,31.1,0.12,0.12,0.14,7.1,7.9,9.8,0.2,0.1,0.0,2440.0,6560.0,10220.0,0.5,0.7,0.7,31.1,31.1,31.1
2026-05-21 18:00:00,Paciran,0.14,9.1,0.2,7660.0,0.5,31.1,0.12,0.12,0.12,8.3,7.1,7.9,1.8,0.2,0.1,3740.0,2440.0,6560.0,0.5,0.5,0.7,31.1,31.1,31.1
2026-05-21 19:00:00,Paciran,0.14,5.3,0.0,9640.0,0.4,31.1,0.14,0.12,0.12,9.1,8.3,7.1,0.2,1.8,0.2,7660.0,3740.0,2440.0,0.5,0.5,0.5,31.1,31.1,31.1
2026-05-21 20:00:00,Paciran,0.14,7.1,0.0,7180.0,0.4,31.1,0.14,0.14,0.12,5.3,9.1,8.3,0.0,0.2,1.8,9640.0,7660.0,3740.0,0.4,0.5,0.5,31.1,31.1,31.1
2026-05-21 21:00:00,Paciran,0.14,6.2,0.0,7260.0,0.4,31.0,0.14,0.14,0.14,7.1,5.3,9.1,0.0,0.0,0.2,7180.0,9640.0,7660.0,0.4,0.4,0.5,31.1,31.1,31.1
2026-05-21 22:00:00,Paciran,0.14,9.0,0.0,7260.0,0.4,31.0,0.14,0.14,0.14,6.2,7.1,5.3,0.0,0.0,0.0,7260.0,7180.0,9640.0,0.4,0.4,0.4,31.0,31.1,31.1
2026-05-21 23:00:00,Paciran,0.14,8.6,0.0,7320.0,0.4,31.0,0.14,0.14,0.14,9.0,6.2,7.1,0.0,0.0,0.0,7260.0,7260.0,7180.0,0.4,0.4,0.4,31.0,31.0,31.1
2026-05-22 00:00:00,Paciran,0.14,9.5,0.0,7240.0,0.4,31.0,0.14,0.14,0.14,8.6,9.0,6.2,0.0,0.0,0.0,7320.0,7260.0,7260.0,0.4,0.4,0.4,31.0,31.0,31.0
2026-05-22 01:00:00,Paciran,0.14,9.6,0.0,7240.0,0.2,31.0,0.14,0.14,0.14,9.5,8.6,9.0,0.0,0.0,0.0,7240.0,7320.0,7260.0,0.4,0.4,0.4,31.0,31.0,31.0
2026-05-22 02:00:00,Paciran,0.14,6.9,0.0,7260.0,0.2,30.9,0.14,0.14,0.14,9.6,9.5,8.6,0.0,0.0,0.0,7240.0,7240.0,7320.0,0.2,0.4,0.4,31.0,31.0,31.0
2026-05-22 03:00:00,Paciran,0.16,8.1,0.0,7280.0,0.2,30.9,0.14,0.14,0.14,6.9,9.6,9.5,0.0,0.0,0.0,7260.0,7240.0,7240.0,0.2,0.2,0.4,30.9,31.0,31.0
2026-05-22 04:00:00,Paciran,0.16,8.8,0.0,7300.0,0.2,30.8,0.16,0.14,0.14,8.1,6.9,9.6,0.0,0.0,0.0,7280.0,7260.0,7240.0,0.2,0.2,0.2,30.9,30.9,31.0
2026-05-22 05:00:00,Paciran,0.16,10.5,0.0,7320.0,0.2,30.8,0.16,0.16,0.14,8.8,8.1,6.9,0.0,0.0,0.0,7300.0,7280.0,7260.0,0.2,0.2,0.2,30.8,30.9,30.9
2026-05-22 06:00:00,Paciran,0.14,10.7,0.0,7340.0,0.2,30.8,0.16,0.16,0.16,10.5,8.8,8.1,0.0,0.0,0.0,7320.0,7300.0,7280.0,0.2,0.2,0.2,30.8,30.8,30.9
2026-05-22 07:00:00,Paciran,0.14,10.3,0.0,10580.0,0.4,30.8,0.14,0.16,0.16,10.7,10.5,8.8,0.0,0.0,0.0,7340.0,7320.0,7300.0,0.2,0.2,0.2,30.8,30.8,30.8
2026-05-22 08:00:00,Paciran,0.14,10.0,0.0,12840.0,0.4,30.8,0.14,0.14,0.16,10.3,10.7,10.5,0.0,0.0,0.0,10580.0,7340.0,7320.0,0.4,0.2,0.2,30.8,30.8,30.8
2026-05-22 09:00:00,Paciran,0.14,10.0,0.0,12920.0,0.4,30.9,0.14,0.14,0.14,10.0,10.3,10.7,0.0,0.0,0.0,12840.0,10580.0,7340.0,0.4,0.4,0.2,30.8,30.8,30.8
2026-05-22 10:00:00,Paciran,0.14,6.0,0.0,8400.0,0.4,31.0,0.14,0.14,0.14,10.0,10.0,10.3,0.0,0.0,0.0,12920.0,12840.0,10580.0,0.4,0.4,0.4,30.9,30.8,30.8
2026-05-22 11:00:00,Paciran,0.14,4.5,0.2,9900.0,0.4,31.1,0.14,0.14,0.14,6.0,10.0,10.0,0.0,0.0,0.0,8400.0,12920.0,12840.0,0.4,0.4,0.4,31.0,30.9,30.8
2026-05-22 12:00:00,Paciran,0.14,9.0,0.1,9900.0,0.6,31.2,0.14,0.14,0.14,4.5,6.0,10.0,0.2,0.0,0.0,9900.0,8400.0,12920.0,0.4,0.4,0.4,31.1,31.0,30.9
2026-05-22 13:00:00,Paciran,0.14,11.1,1.3,2640.0,0.6,31.3,0.14,0.14,0.14,9.0,4.5,6.0,0.1,0.2,0.0,9900.0,9900.0,8400.0,0.6,0.4,0.4,31.2,31.1,31.0
2026-05-22 14:00:00,Paciran,0.14,6.6,1.2,5260.0,0.6,31.3,0.14,0.14,0.14,11.1,9.0,4.5,1.3,0.1,0.2,2640.0,9900.0,9900.0,0.6,0.6,0.4,31.3,31.2,31.1
2026-05-22 15:00:00,Paciran,0.14,6.0,0.2,6980.0,0.5,31.2,0.14,0.14,0.14,6.6,11.1,9.0,1.2,1.3,0.1,5260.0,2640.0,9900.0,0.6,0.6,0.6,31.3,31.3,31.2
2026-05-22 16:00:00,Paciran,0.14,3.4,0.1,10040.0,0.5,31.2,0.14,0.14,0.14,6.0,6.6,11.1,0.2,1.2,1.3,6980.0,5260.0,2640.0,0.5,0.6,0.6,31.2,31.3,31.3
2026-05-22 17:00:00,Paciran,0.14,7.2,1.9,2400.0,0.5,31.1,0.14,0.14,0.14,3.4,6.0,6.6,0.1,0.2,1.2,10040.0,6980.0,5260.0,0.5,0.5,0.6,31.2,31.2,31.3
2026-05-22 18:00:00,Paciran,0.14,8.1,2.0,4080.0,0.5,31.0,0.14,0.14,0.14,7.2,3.4,6.0,1.9,0.1,0.2,2400.0,10040.0,6980.0,0.5,0.5,0.5,31.1,31.2,31.2
2026-05-22 19:00:00,Paciran,0.14,8.9,0.1,3540.0,0.4,31.0,0.14,0.14,0.14,8.1,7.2,3.4,2.0,1.9,0.1,4080.0,2400.0,10040.0,0.5,0.5,0.5,31.0,31.1,31.2
2026-05-22 20:00:00,Paciran,0.14,8.4,0.1,9280.0,0.4,31.0,0.14,0.14,0.14,8.9,8.1,7.2,0.1,2.0,1.9,3540.0,4080.0,2400.0,0.4,0.5,0.5,31.0,31.0,31.1
2026-05-22 21:00:00,Paciran,0.14,4.2,1.5,2600.0,0.4,31.0,0.14,0.14,0.14,8.4,8.9,8.1,0.1,0.1,2.0,9280.0,3540.0,4080.0,0.4,0.4,0.5,31.0,31.0,31.0
2026-05-22 22:00:00,Paciran,0.14,10.6,1.8,1980.0,0.4,31.0,0.14,0.14,0.14,4.2,8.4,8.9,1.5,0.1,0.1,2600.0,9280.0,3540.0,0.4,0.4,0.4,31.0,31.0,31.0
2026-05-22 23:00:00,Paciran,0.16,8.4,0.3,5120.0,0.4,31.0,0.14,0.14,0.14,10.6,4.2,8.4,1.8,1.5,0.1,1980.0,2600.0,9280.0,0.4,0.4,0.4,31.0,31.0,31.0
2026-05-23 00:00:00,Paciran,0.16,6.5,0.0,1060.0,0.4,30.9,0.16,0.14,0.14,8.4,10.6,4.2,0.3,1.8,1.5,5120.0,1980.0,2600.0,0.4,0.4,0.4,31.0,31.0,31.0
2026-05-23 01:00:00,Paciran,0.18,5.4,0.0,460.0,0.2,30.9,0.16,0.16,0.14,6.5,8.4,10.6,0.0,0.3,1.8,1060.0,5120.0,1980.0,0.4,0.4,0.4,30.9,31.0,31.0
2026-05-23 02:00:00,Paciran,0.18,5.8,0.0,300.0,0.2,30.9,0.18,0.16,0.16,5.4,6.5,8.4,0.0,0.0,0.3,460.0,1060.0,5120.0,0.2,0.4,0.4,30.9,30.9,31.0
2026-05-23 03:00:00,Paciran,0.2,3.5,0.0,280.0,0.2,30.9,0.18,0.18,0.16,5.8,5.4,6.5,0.0,0.0,0.0,300.0,460.0,1060.0,0.2,0.2,0.4,30.9,30.9,30.9
2026-05-23 04:00:00,Paciran,0.2,5.3,0.0,200.0,0.2,30.8,0.2,0.18,0.18,3.5,5.8,5.4,0.0,0.0,0.0,280.0,300.0,460.0,0.2,0.2,0.2,30.9,30.9,30.9
2026-05-23 05:00:00,Paciran,0.2,6.7,0.0,180.0,0.2,30.8,0.2,0.2,0.18,5.3,3.5,5.8,0.0,0.0,0.0,200.0,280.0,300.0,0.2,0.2,0.2,30.8,30.9,30.9
2026-05-23 06:00:00,Paciran,0.22,6.5,0.0,180.0,0.2,30.8,0.2,0.2,0.2,6.7,5.3,3.5,0.0,0.0,0.0,180.0,200.0,280.0,0.2,0.2,0.2,30.8,30.8,30.9
2026-05-23 07:00:00,Paciran,0.22,5.0,0.0,260.0,0.2,30.8,0.22,0.2,0.2,6.5,6.7,5.3,0.0,0.0,0.0,180.0,180.0,200.0,0.2,0.2,0.2,30.8,30.8,30.8
2026-05-23 08:00:00,Paciran,0.22,7.3,0.0,2320.0,0.2,30.9,0.22,0.22,0.2,5.0,6.5,6.7,0.0,0.0,0.0,260.0,180.0,180.0,0.2,0.2,0.2,30.8,30.8,30.8
2026-05-23 09:00:00,Paciran,0.22,6.7,0.0,8180.0,0.3,31.0,0.22,0.22,0.22,7.3,5.0,6.5,0.0,0.0,0.0,2320.0,260.0,180.0,0.2,0.2,0.2,30.9,30.8,30.8
2026-05-23 10:00:00,Paciran,0.22,3.6,0.2,4720.0,0.4,31.1,0.22,0.22,0.22,6.7,7.3,5.0,0.0,0.0,0.0,8180.0,2320.0,260.0,0.3,0.2,0.2,31.0,30.9,30.8
2026-05-23 11:00:00,Paciran,0.22,2.7,0.2,8480.0,0.4,31.2,0.22,0.22,0.22,3.6,6.7,7.3,0.2,0.0,0.0,4720.0,8180.0,2320.0,0.4,0.3,0.2,31.1,31.0,30.9
2026-05-23 12:00:00,Paciran,0.2,6.2,0.0,9940.0,0.6,31.4,0.22,0.22,0.22,2.7,3.6,6.7,0.2,0.2,0.0,8480.0,4720.0,8180.0,0.4,0.4,0.3,31.2,31.1,31.0
2026-05-23 13:00:00,Paciran,0.2,10.7,0.6,3820.0,0.5,31.4,0.2,0.22,0.22,6.2,2.7,3.6,0.0,0.2,0.2,9940.0,8480.0,4720.0,0.6,0.4,0.4,31.4,31.2,31.1
2026-05-23 14:00:00,Paciran,0.2,7.7,0.9,5120.0,0.5,31.4,0.2,0.2,0.22,10.7,6.2,2.7,0.6,0.0,0.2,3820.0,9940.0,8480.0,0.5,0.6,0.4,31.4,31.4,31.2
2026-05-23 15:00:00,Paciran,0.2,4.0,0.3,6140.0,0.7,31.4,0.2,0.2,0.2,7.7,10.7,6.2,0.9,0.6,0.0,5120.0,3820.0,9940.0,0.5,0.5,0.6,31.4,31.4,31.4
2026-05-23 16:00:00,Paciran,0.2,7.1,0.1,7720.0,0.5,31.2,0.2,0.2,0.2,4.0,7.7,10.7,0.3,0.9,0.6,6140.0,5120.0,3820.0,0.7,0.5,0.5,31.4,31.4,31.4
2026-05-23 17:00:00,Paciran,0.2,6.1,0.1,10040.0,0.5,31.2,0.2,0.2,0.2,7.1,4.0,7.7,0.1,0.3,0.9,7720.0,6140.0,5120.0,0.5,0.7,0.5,31.2,31.4,31.4
2026-05-23 18:00:00,Paciran,0.18,4.9,0.7,2720.0,0.5,31.1,0.2,0.2,0.2,6.1,7.1,4.0,0.1,0.1,0.3,10040.0,7720.0,6140.0,0.5,0.5,0.7,31.2,31.2,31.4
2026-05-23 19:00:00,Paciran,0.18,5.2,0.4,6800.0,0.4,31.0,0.18,0.2,0.2,4.9,6.1,7.1,0.7,0.1,0.1,2720.0,10040.0,7720.0,0.5,0.5,0.5,31.1,31.2,31.2
2026-05-23 20:00:00,Paciran,0.18,6.5,0.0,8040.0,0.4,31.0,0.18,0.18,0.2,5.2,4.9,6.1,0.4,0.7,0.1,6800.0,2720.0,10040.0,0.4,0.5,0.5,31.0,31.1,31.2
2026-05-23 21:00:00,Paciran,0.18,6.6,0.0,9280.0,0.4,31.0,0.18,0.18,0.18,6.5,5.2,4.9,0.0,0.4,0.7,8040.0,6800.0,2720.0,0.4,0.4,0.5,31.0,31.0,31.1
2026-05-23 22:00:00,Paciran,0.18,6.9,0.0,10520.0,0.4,31.0,0.18,0.18,0.18,6.6,6.5,5.2,0.0,0.0,0.4,9280.0,8040.0,6800.0,0.4,0.4,0.4,31.0,31.0,31.0
2026-05-23 23:00:00,Paciran,0.18,7.6,0.0,10560.0,0.4,31.0,0.18,0.18,0.18,6.9,6.6,6.5,0.0,0.0,0.0,10520.0,9280.0,8040.0,0.4,0.4,0.4,31.0,31.0,31.0
2026-05-24 00:00:00,Paciran,0.16,8.4,0.0,10620.0,0.4,31.0,0.18,0.18,0.18,7.6,6.9,6.6,0.0,0.0,0.0,10560.0,10520.0,9280.0,0.4,0.4,0.4,31.0,31.0,31.0
2026-05-24 01:00:00,Paciran,0.16,9.0,0.0,10660.0,0.4,31.0,0.16,0.18,0.18,8.4,7.6,6.9,0.0,0.0,0.0,10620.0,10560.0,10520.0,0.4,0.4,0.4,31.0,31.0,31.0
2026-05-24 02:00:00,Paciran,0.16,9.0,0.0,9560.0,0.2,30.9,0.16,0.16,0.18,9.0,8.4,7.6,0.0,0.0,0.0,10660.0,10620.0,10560.0,0.4,0.4,0.4,31.0,31.0,31.0
2026-05-24 03:00:00,Paciran,0.14,8.7,0.0,8440.0,0.2,30.9,0.16,0.16,0.16,9.0,9.0,8.4,0.0,0.0,0.0,9560.0,10660.0,10620.0,0.2,0.4,0.4,30.9,31.0,31.0
2026-05-24 04:00:00,Paciran,0.14,8.1,0.0,7340.0,0.2,30.8,0.14,0.16,0.16,8.7,9.0,9.0,0.0,0.0,0.0,8440.0,9560.0,10660.0,0.2,0.2,0.4,30.9,30.9,31.0
2026-05-24 05:00:00,Paciran,0.14,7.5,0.0,8320.0,0.2,30.8,0.14,0.14,0.16,8.1,8.7,9.0,0.0,0.0,0.0,7340.0,8440.0,9560.0,0.2,0.2,0.2,30.8,30.9,30.9
2026-05-24 06:00:00,Paciran,0.14,6.9,0.0,9280.0,0.2,30.8,0.14,0.14,0.14,7.5,8.1,8.7,0.0,0.0,0.0,8320.0,7340.0,8440.0,0.2,0.2,0.2,30.8,30.8,30.9
2026-05-24 07:00:00,Paciran,0.14,5.4,0.0,10260.0,0.2,30.8,0.14,0.14,0.14,6.9,7.5,8.1,0.0,0.0,0.0,9280.0,8320.0,7340.0,0.2,0.2,0.2,30.8,30.8,30.8
2026-05-24 08:00:00,Paciran,0.14,2.2,0.0,9480.0,0.3,30.8,0.14,0.14,0.14,5.4,6.9,7.5,0.0,0.0,0.0,10260.0,9280.0,8320.0,0.2,0.2,0.2,30.8,30.8,30.8
2026-05-24 09:00:00,Paciran,0.12,2.1,0.0,8680.0,0.3,30.9,0.14,0.14,0.14,2.2,5.4,6.9,0.0,0.0,0.0,9480.0,10260.0,9280.0,0.3,0.2,0.2,30.8,30.8,30.8
2026-05-24 10:00:00,Paciran,0.12,5.3,0.0,7900.0,0.3,31.0,0.12,0.14,0.14,2.1,2.2,5.4,0.0,0.0,0.0,8680.0,9480.0,10260.0,0.3,0.3,0.2,30.9,30.8,30.8
2026-05-24 11:00:00,Paciran,0.12,7.1,0.9,6560.0,0.3,31.1,0.12,0.12,0.14,5.3,2.1,2.2,0.0,0.0,0.0,7900.0,8680.0,9480.0,0.3,0.3,0.3,31.0,30.9,30.8
2026-05-24 12:00:00,Paciran,0.12,7.9,0.9,5240.0,0.3,31.2,0.12,0.12,0.12,7.1,5.3,2.1,0.9,0.0,0.0,6560.0,7900.0,8680.0,0.3,0.3,0.3,31.1,31.0,30.9
2026-05-24 13:00:00,Paciran,0.12,8.1,0.9,3900.0,0.4,31.2,0.12,0.12,0.12,7.9,7.1,5.3,0.9,0.9,0.0,5240.0,6560.0,7900.0,0.3,0.3,0.3,31.2,31.1,31.0
2026-05-24 14:00:00,Paciran,0.12,7.6,0.5,4420.0,0.4,31.2,0.12,0.12,0.12,8.1,7.9,7.1,0.9,0.9,0.9,3900.0,5240.0,6560.0,0.4,0.3,0.3,31.2,31.2,31.1
2026-05-24 15:00:00,Paciran,0.1,6.3,0.5,4960.0,0.4,31.2,0.12,0.12,0.12,7.6,8.1,7.9,0.5,0.9,0.9,4420.0,3900.0,5240.0,0.4,0.4,0.3,31.2,31.2,31.2
2026-05-24 16:00:00,Paciran,0.1,4.5,0.5,5480.0,0.4,31.1,0.1,0.12,0.12,6.3,7.6,8.1,0.5,0.5,0.9,4960.0,4420.0,3900.0,0.4,0.4,0.4,31.2,31.2,31.2
2026-05-24 17:00:00,Paciran,0.1,3.4,0.4,5800.0,0.4,31.1,0.1,0.1,0.12,4.5,6.3,7.6,0.5,0.5,0.5,5480.0,4960.0,4420.0,0.4,0.4,0.4,31.1,31.2,31.2
2026-05-24 18:00:00,Paciran,0.1,6.5,0.4,6100.0,0.4,31.0,0.1,0.1,0.1,3.4,4.5,6.3,0.4,0.5,0.5,5800.0,5480.0,4960.0,0.4,0.4,0.4,31.1,31.1,31.2
2026-05-24 19:00:00,Paciran,0.1,9.3,0.4,6420.0,0.4,31.0,0.1,0.1,0.1,6.5,3.4,4.5,0.4,0.4,0.5,6100.0,5800.0,5480.0,0.4,0.4,0.4,31.0,31.1,31.1
2026-05-24 20:00:00,Paciran,0.1,9.1,0.0,7780.0,0.3,31.0,0.1,0.1,0.1,9.3,6.5,3.4,0.4,0.4,0.4,6420.0,6100.0,5800.0,0.4,0.4,0.4,31.0,31.0,31.1
2026-05-24 21:00:00,Paciran,0.1,7.4,0.0,9120.0,0.3,31.0,0.1,0.1,0.1,9.1,9.3,6.5,0.0,0.4,0.4,7780.0,6420.0,6100.0,0.3,0.4,0.4,31.0,31.0,31.0
2026-05-24 22:00:00,Paciran,0.1,6.1,0.0,10480.0,0.2,31.0,0.1,0.1,0.1,7.4,9.1,9.3,0.0,0.0,0.4,9120.0,7780.0,6420.0,0.3,0.3,0.4,31.0,31.0,31.0
2026-05-24 23:00:00,Paciran,0.1,5.6,0.0,9040.0,0.2,31.0,0.1,0.1,0.1,6.1,7.4,9.1,0.0,0.0,0.0,10480.0,9120.0,7780.0,0.2,0.3,0.3,31.0,31.0,31.0
2026-05-25 00:00:00,Paciran,0.1,5.3,0.0,7620.0,0.2,30.9,0.1,0.1,0.1,5.6,6.1,7.4,0.0,0.0,0.0,9040.0,10480.0,9120.0,0.2,0.2,0.3,31.0,31.0,31.0
2026-05-25 01:00:00,Paciran,0.1,5.5,0.0,6180.0,0.2,30.9,0.1,0.1,0.1,5.3,5.6,6.1,0.0,0.0,0.0,7620.0,9040.0,10480.0,0.2,0.2,0.2,30.9,31.0,31.0
2026-05-25 02:00:00,Paciran,0.1,6.0,0.0,4240.0,0.2,30.9,0.1,0.1,0.1,5.5,5.3,5.6,0.0,0.0,0.0,6180.0,7620.0,9040.0,0.2,0.2,0.2,30.9,30.9,31.0
2026-05-25 03:00:00,Paciran,0.08,6.9,0.0,2300.0,0.2,30.9,0.1,0.1,0.1,6.0,5.5,5.3,0.0,0.0,0.0,4240.0,6180.0,7620.0,0.2,0.2,0.2,30.9,30.9,30.9
2026-05-25 04:00:00,Paciran,0.08,7.4,0.0,360.0,0.2,30.8,0.08,0.1,0.1,6.9,6.0,5.5,0.0,0.0,0.0,2300.0,4240.0,6180.0,0.2,0.2,0.2,30.9,30.9,30.9
2026-05-25 05:00:00,Paciran,0.08,7.8,0.0,1260.0,0.2,30.8,0.08,0.08,0.1,7.4,6.9,6.0,0.0,0.0,0.0,360.0,2300.0,4240.0,0.2,0.2,0.2,30.8,30.9,30.9
2026-05-25 06:00:00,Paciran,0.08,7.8,0.0,2160.0,0.2,30.8,0.08,0.08,0.08,7.8,7.4,6.9,0.0,0.0,0.0,1260.0,360.0,2300.0,0.2,0.2,0.2,30.8,30.8,30.9
2026-05-25 07:00:00,Paciran,0.08,7.5,0.0,3060.0,0.2,30.8,0.08,0.08,0.08,7.8,7.8,7.4,0.0,0.0,0.0,2160.0,1260.0,360.0,0.2,0.2,0.2,30.8,30.8,30.8
2026-05-25 08:00:00,Paciran,0.08,6.9,0.0,7740.0,0.3,30.8,0.08,0.08,0.08,7.5,7.8,7.8,0.0,0.0,0.0,3060.0,2160.0,1260.0,0.2,0.2,0.2,30.8,30.8,30.8
2026-05-25 09:00:00,Paciran,0.08,5.6,0.0,12420.0,0.3,30.9,0.08,0.08,0.08,6.9,7.5,7.8,0.0,0.0,0.0,7740.0,3060.0,2160.0,0.3,0.2,0.2,30.8,30.8,30.8
2026-05-25 10:00:00,Paciran,0.08,3.7,0.0,17100.0,0.3,31.0,0.08,0.08,0.08,5.6,6.9,7.5,0.0,0.0,0.0,12420.0,7740.0,3060.0,0.3,0.3,0.2,30.9,30.8,30.8
2026-05-25 11:00:00,Paciran,0.08,1.0,0.1,14300.0,0.3,31.1,0.08,0.08,0.08,3.7,5.6,6.9,0.0,0.0,0.0,17100.0,12420.0,7740.0,0.3,0.3,0.3,31.0,30.9,30.8
2026-05-25 12:00:00,Paciran,0.08,6.2,0.1,11480.0,0.2,31.2,0.08,0.08,0.08,1.0,3.7,5.6,0.1,0.0,0.0,14300.0,17100.0,12420.0,0.3,0.3,0.3,31.1,31.0,30.9
2026-05-25 13:00:00,Paciran,0.08,8.3,0.1,8680.0,0.2,31.2,0.08,0.08,0.08,6.2,1.0,3.7,0.1,0.1,0.0,11480.0,14300.0,17100.0,0.2,0.3,0.3,31.2,31.1,31.0
2026-05-25 14:00:00,Paciran,0.08,4.2,1.1,6820.0,0.2,31.2,0.08,0.08,0.08,8.3,6.2,1.0,0.1,0.1,0.1,8680.0,11480.0,14300.0,0.2,0.2,0.3,31.2,31.2,31.1
2026-05-25 15:00:00,Paciran,0.08,4.1,1.1,4940.0,0.2,31.2,0.08,0.08,0.08,4.2,8.3,6.2,1.1,0.1,0.1,6820.0,8680.0,11480.0,0.2,0.2,0.2,31.2,31.2,31.2
2026-05-25 16:00:00,Paciran,0.08,9.1,1.1,3080.0,0.2,31.1,0.08,0.08,0.08,4.1,4.2,8.3,1.1,1.1,0.1,4940.0,6820.0,8680.0,0.2,0.2,0.2,31.2,31.2,31.2
2026-05-25 17:00:00,Paciran,0.08,9.2,0.2,4360.0,0.2,31.1,0.08,0.08,0.08,9.1,4.1,4.2,1.1,1.1,1.1,3080.0,4940.0,6820.0,0.2,0.2,0.2,31.1,31.2,31.2
2026-05-25 18:00:00,Paciran,0.08,7.2,0.2,5660.0,0.2,31.0,0.08,0.08,0.08,9.2,9.1,4.1,0.2,1.1,1.1,4360.0,3080.0,4940.0,0.2,0.2,0.2,31.1,31.1,31.2
2026-05-25 19:00:00,Paciran,0.08,5.9,0.2,6940.0,0.4,31.0,0.08,0.08,0.08,7.2,9.2,9.1,0.2,0.2,1.1,5660.0,4360.0,3080.0,0.2,0.2,0.2,31.0,31.1,31.1
2026-05-25 20:00:00,Paciran,0.08,6.6,0.0,4820.0,0.4,31.0,0.08,0.08,0.08,5.9,7.2,9.2,0.2,0.2,0.2,6940.0,5660.0,4360.0,0.4,0.2,0.2,31.0,31.0,31.1
2026-05-25 21:00:00,Paciran,0.08,7.5,0.0,2720.0,0.3,31.0,0.08,0.08,0.08,6.6,5.9,7.2,0.0,0.2,0.2,4820.0,6940.0,5660.0,0.4,0.4,0.2,31.0,31.0,31.0
2026-05-25 22:00:00,Paciran,0.08,7.8,0.0,600.0,0.3,31.0,0.08,0.08,0.08,7.5,6.6,5.9,0.0,0.0,0.2,2720.0,4820.0,6940.0,0.3,0.4,0.4,31.0,31.0,31.0
2026-05-25 23:00:00,Paciran,0.08,6.5,0.0,540.0,0.3,31.0,0.08,0.08,0.08,7.8,7.5,6.6,0.0,0.0,0.0,600.0,2720.0,4820.0,0.3,0.3,0.4,31.0,31.0,31.0
2026-05-26 00:00:00,Paciran,0.08,4.5,0.0,480.0,0.2,30.9,0.08,0.08,0.08,6.5,7.8,7.5,0.0,0.0,0.0,540.0,600.0,2720.0,0.3,0.3,0.3,31.0,31.0,31.0
2026-05-26 01:00:00,Paciran,0.08,3.1,0.0,420.0,0.2,30.9,0.08,0.08,0.08,4.5,6.5,7.8,0.0,0.0,0.0,480.0,540.0,600.0,0.2,0.3,0.3,30.9,31.0,31.0
2026-05-26 02:00:00,Paciran,0.08,4.9,0.0,320.0,0.2,30.9,0.08,0.08,0.08,3.1,4.5,6.5,0.0,0.0,0.0,420.0,480.0,540.0,0.2,0.2,0.3,30.9,30.9,31.0
2026-05-26 03:00:00,Paciran,0.06,4.8,0.0,320.0,0.2,30.9,0.08,0.08,0.08,4.9,3.1,4.5,0.0,0.0,0.0,320.0,420.0,480.0,0.2,0.2,0.2,30.9,30.9,30.9
2026-05-26 04:00:00,Paciran,0.06,4.9,0.0,340.0,0.2,30.8,0.06,0.08,0.08,4.8,4.9,3.1,0.0,0.0,0.0,320.0,320.0,420.0,0.2,0.2,0.2,30.9,30.9,30.9
2026-05-26 05:00:00,Paciran,0.06,5.4,0.0,340.0,0.2,30.8,0.06,0.06,0.08,4.9,4.8,4.9,0.0,0.0,0.0,340.0,320.0,320.0,0.2,0.2,0.2,30.8,30.9,30.9
2026-05-26 06:00:00,Paciran,0.06,5.5,0.0,360.0,0.2,30.8,0.06,0.06,0.06,5.4,4.9,4.8,0.0,0.0,0.0,340.0,340.0,320.0,0.2,0.2,0.2,30.8,30.8,30.9
2026-05-26 07:00:00,Paciran,0.06,4.8,0.0,360.0,0.2,30.8,0.06,0.06,0.06,5.5,5.4,4.9,0.0,0.0,0.0,360.0,340.0,340.0,0.2,0.2,0.2,30.8,30.8,30.8
2026-05-26 08:00:00,Paciran,0.06,2.8,0.2,1980.0,0.2,30.9,0.06,0.06,0.06,4.8,5.5,5.4,0.0,0.0,0.0,360.0,360.0,340.0,0.2,0.2,0.2,30.8,30.8,30.8
2026-05-26 09:00:00,Paciran,0.08,0.3,0.2,3620.0,0.3,31.0,0.06,0.06,0.06,2.8,4.8,5.5,0.2,0.0,0.0,1980.0,360.0,360.0,0.2,0.2,0.2,30.9,30.8,30.8
2026-05-26 10:00:00,Paciran,0.08,4.1,0.2,5240.0,0.3,31.0,0.08,0.06,0.06,0.3,2.8,4.8,0.2,0.2,0.0,3620.0,1980.0,360.0,0.3,0.2,0.2,31.0,30.9,30.8
2026-05-26 11:00:00,Paciran,0.08,7.7,0.2,6860.0,0.3,31.1,0.08,0.08,0.06,4.1,0.3,2.8,0.2,0.2,0.2,5240.0,3620.0,1980.0,0.3,0.3,0.2,31.0,31.0,30.9
2026-05-26 12:00:00,Paciran,0.1,10.4,0.2,8500.0,0.3,31.2,0.08,0.08,0.08,7.7,4.1,0.3,0.2,0.2,0.2,6860.0,5240.0,3620.0,0.3,0.3,0.3,31.1,31.0,31.0
2026-05-26 13:00:00,Paciran,0.1,11.8,0.2,10120.0,0.4,31.3,0.1,0.08,0.08,10.4,7.7,4.1,0.2,0.2,0.2,8500.0,6860.0,5240.0,0.3,0.3,0.3,31.2,31.1,31.0
2026-05-26 14:00:00,Paciran,0.12,11.5,1.7,8720.0,0.4,31.3,0.1,0.1,0.08,11.8,10.4,7.7,0.2,0.2,0.2,10120.0,8500.0,6860.0,0.4,0.3,0.3,31.3,31.2,31.1
2026-05-26 15:00:00,Paciran,0.12,10.4,1.7,7300.0,0.4,31.2,0.12,0.1,0.1,11.5,11.8,10.4,1.7,0.2,0.2,8720.0,10120.0,8500.0,0.4,0.4,0.3,31.3,31.3,31.2
2026-05-26 16:00:00,Paciran,0.14,9.4,1.7,5900.0,0.4,31.2,0.12,0.12,0.1,10.4,11.5,11.8,1.7,1.7,0.2,7300.0,8720.0,10120.0,0.4,0.4,0.4,31.2,31.3,31.3
2026-05-26 17:00:00,Paciran,0.16,9.2,1.7,4500.0,0.4,31.1,0.14,0.12,0.12,9.4,10.4,11.5,1.7,1.7,1.7,5900.0,7300.0,8720.0,0.4,0.4,0.4,31.2,31.2,31.3
2026-05-26 18:00:00,Paciran,0.2,9.7,1.7,3080.0,0.5,31.0,0.16,0.14,0.12,9.2,9.4,10.4,1.7,1.7,1.7,4500.0,5900.0,7300.0,0.4,0.4,0.4,31.1,31.2,31.2
2026-05-26 19:00:00,Paciran,0.22,10.4,1.7,1680.0,0.3,31.0,0.2,0.16,0.14,9.7,9.2,9.4,1.7,1.7,1.7,3080.0,4500.0,5900.0,0.5,0.4,0.4,31.0,31.1,31.2
2026-05-26 20:00:00,Paciran,0.24,10.6,0.5,1440.0,0.3,31.0,0.22,0.2,0.16,10.4,9.7,9.2,1.7,1.7,1.7,1680.0,3080.0,4500.0,0.3,0.5,0.4,31.0,31.0,31.1
2026-05-26 21:00:00,Paciran,0.24,10.1,0.5,1200.0,0.3,31.0,0.24,0.22,0.2,10.6,10.4,9.7,0.5,1.7,1.7,1440.0,1680.0,3080.0,0.3,0.3,0.5,31.0,31.0,31.0
2026-05-26 22:00:00,Paciran,0.26,9.7,0.5,960.0,0.2,31.0,0.24,0.24,0.22,10.1,10.6,10.4,0.5,0.5,1.7,1200.0,1440.0,1680.0,0.3,0.3,0.3,31.0,31.0,31.0
2026-05-26 23:00:00,Paciran,0.26,9.3,0.5,720.0,0.2,31.0,0.26,0.24,0.24,9.7,10.1,10.6,0.5,0.5,0.5,960.0,1200.0,1440.0,0.2,0.3,0.3,31.0,31.0,31.0
2026-05-20 03:00:00,Pacitan,1.58,4.1,0.0,14200.0,0.5,28.0,1.6,1.6,1.6,4.0,3.0,3.5,0.0,0.0,0.0,14200.0,14120.0,11460.0,0.5,0.5,0.5,28.0,28.0,28.0
2026-05-20 04:00:00,Pacitan,1.58,2.9,0.0,11640.0,0.5,28.0,1.58,1.6,1.6,4.1,4.0,3.0,0.0,0.0,0.0,14200.0,14200.0,14120.0,0.5,0.5,0.5,28.0,28.0,28.0
2026-05-20 05:00:00,Pacitan,1.58,2.0,0.0,11640.0,0.6,27.9,1.58,1.58,1.6,2.9,4.1,4.0,0.0,0.0,0.0,11640.0,14200.0,14200.0,0.5,0.5,0.5,28.0,28.0,28.0
2026-05-20 06:00:00,Pacitan,1.56,1.5,0.0,14120.0,0.6,27.9,1.58,1.58,1.58,2.0,2.9,4.1,0.0,0.0,0.0,11640.0,11640.0,14200.0,0.6,0.5,0.5,27.9,28.0,28.0
2026-05-20 07:00:00,Pacitan,1.56,2.6,0.0,16260.0,0.6,28.0,1.56,1.58,1.58,1.5,2.0,2.9,0.0,0.0,0.0,14120.0,11640.0,11640.0,0.6,0.6,0.5,27.9,27.9,28.0
2026-05-20 08:00:00,Pacitan,1.56,1.5,0.0,18540.0,0.6,28.0,1.56,1.56,1.58,2.6,1.5,2.0,0.0,0.0,0.0,16260.0,14120.0,11640.0,0.6,0.6,0.6,28.0,27.9,27.9
2026-05-20 09:00:00,Pacitan,1.54,3.1,0.0,20680.0,0.6,28.1,1.56,1.56,1.56,1.5,2.6,1.5,0.0,0.0,0.0,18540.0,16260.0,14120.0,0.6,0.6,0.6,28.0,28.0,27.9
2026-05-20 10:00:00,Pacitan,1.54,5.8,0.0,7320.0,0.6,28.3,1.54,1.56,1.56,3.1,1.5,2.6,0.0,0.0,0.0,20680.0,18540.0,16260.0,0.6,0.6,0.6,28.1,28.0,28.0
2026-05-20 11:00:00,Pacitan,1.52,8.8,0.2,4000.0,0.6,28.5,1.54,1.54,1.56,5.8,3.1,1.5,0.0,0.0,0.0,7320.0,20680.0,18540.0,0.6,0.6,0.6,28.3,28.1,28.0
2026-05-20 12:00:00,Pacitan,1.52,10.1,0.2,3260.0,0.5,28.6,1.52,1.54,1.54,8.8,5.8,3.1,0.2,0.0,0.0,4000.0,7320.0,20680.0,0.6,0.6,0.6,28.5,28.3,28.1
2026-05-20 13:00:00,Pacitan,1.5,8.5,0.7,5500.0,0.5,28.6,1.52,1.52,1.54,10.1,8.8,5.8,0.2,0.2,0.0,3260.0,4000.0,7320.0,0.5,0.6,0.6,28.6,28.5,28.3
2026-05-20 14:00:00,Pacitan,1.48,7.3,0.3,8140.0,0.4,28.6,1.5,1.52,1.52,8.5,10.1,8.8,0.7,0.2,0.2,5500.0,3260.0,4000.0,0.5,0.5,0.6,28.6,28.6,28.5
2026-05-20 15:00:00,Pacitan,1.48,8.0,0.1,7100.0,0.3,28.6,1.48,1.5,1.52,7.3,8.5,10.1,0.3,0.7,0.2,8140.0,5500.0,3260.0,0.4,0.5,0.5,28.6,28.6,28.6
2026-05-20 16:00:00,Pacitan,1.46,4.5,0.2,8920.0,0.3,28.6,1.48,1.48,1.5,8.0,7.3,8.5,0.1,0.3,0.7,7100.0,8140.0,5500.0,0.3,0.4,0.5,28.6,28.6,28.6
2026-05-20 17:00:00,Pacitan,1.46,3.3,0.2,5520.0,0.2,28.5,1.46,1.48,1.48,4.5,8.0,7.3,0.2,0.1,0.3,8920.0,7100.0,8140.0,0.3,0.3,0.4,28.6,28.6,28.6
2026-05-20 18:00:00,Pacitan,1.44,1.1,0.1,9340.0,0.2,28.5,1.46,1.46,1.48,3.3,4.5,8.0,0.2,0.2,0.1,5520.0,8920.0,7100.0,0.2,0.3,0.3,28.5,28.6,28.6
2026-05-20 19:00:00,Pacitan,1.44,0.4,0.0,5100.0,0.4,28.4,1.44,1.46,1.46,1.1,3.3,4.5,0.1,0.2,0.2,9340.0,5520.0,8920.0,0.2,0.2,0.3,28.5,28.5,28.6
2026-05-20 20:00:00,Pacitan,1.42,2.1,0.0,7700.0,0.4,28.4,1.44,1.44,1.46,0.4,1.1,3.3,0.0,0.1,0.2,5100.0,9340.0,5520.0,0.4,0.2,0.2,28.4,28.5,28.5
2026-05-20 21:00:00,Pacitan,1.42,2.5,0.0,11200.0,0.4,28.4,1.42,1.44,1.44,2.1,0.4,1.1,0.0,0.0,0.1,7700.0,5100.0,9340.0,0.4,0.4,0.2,28.4,28.4,28.5
2026-05-20 22:00:00,Pacitan,1.4,4.2,0.0,11360.0,0.4,28.3,1.42,1.42,1.44,2.5,2.1,0.4,0.0,0.0,0.0,11200.0,7700.0,5100.0,0.4,0.4,0.4,28.4,28.4,28.4
2026-05-20 23:00:00,Pacitan,1.38,6.1,0.0,11440.0,0.4,28.3,1.4,1.42,1.42,4.2,2.5,2.1,0.0,0.0,0.0,11360.0,11200.0,7700.0,0.4,0.4,0.4,28.3,28.4,28.4
2026-05-21 00:00:00,Pacitan,1.38,7.2,0.0,11540.0,0.4,28.2,1.38,1.4,1.42,6.1,4.2,2.5,0.0,0.0,0.0,11440.0,11360.0,11200.0,0.4,0.4,0.4,28.3,28.3,28.4
2026-05-21 01:00:00,Pacitan,1.36,6.5,0.0,11620.0,0.4,28.2,1.38,1.38,1.4,7.2,6.1,4.2,0.0,0.0,0.0,11540.0,11440.0,11360.0,0.4,0.4,0.4,28.2,28.3,28.3
2026-05-21 02:00:00,Pacitan,1.36,6.1,0.0,11660.0,0.6,28.2,1.36,1.38,1.38,6.5,7.2,6.1,0.0,0.0,0.0,11620.0,11540.0,11440.0,0.4,0.4,0.4,28.2,28.2,28.3
2026-05-21 03:00:00,Pacitan,1.34,6.2,0.0,11680.0,0.6,28.2,1.36,1.36,1.38,6.1,6.5,7.2,0.0,0.0,0.0,11660.0,11620.0,11540.0,0.6,0.4,0.4,28.2,28.2,28.2
2026-05-21 04:00:00,Pacitan,1.34,5.0,0.0,9240.0,0.6,28.1,1.34,1.36,1.36,6.2,6.1,6.5,0.0,0.0,0.0,11680.0,11660.0,11620.0,0.6,0.6,0.4,28.2,28.2,28.2
2026-05-21 05:00:00,Pacitan,1.34,3.8,0.0,8320.0,0.6,28.1,1.34,1.34,1.36,5.0,6.2,6.1,0.0,0.0,0.0,9240.0,11680.0,11660.0,0.6,0.6,0.6,28.1,28.2,28.2
2026-05-21 06:00:00,Pacitan,1.32,4.2,0.0,6980.0,0.6,28.1,1.34,1.34,1.34,3.8,5.0,6.2,0.0,0.0,0.0,8320.0,9240.0,11680.0,0.6,0.6,0.6,28.1,28.1,28.2
2026-05-21 07:00:00,Pacitan,1.32,4.0,0.0,9140.0,0.8,28.1,1.32,1.34,1.34,4.2,3.8,5.0,0.0,0.0,0.0,6980.0,8320.0,9240.0,0.6,0.6,0.6,28.1,28.1,28.1
2026-05-21 08:00:00,Pacitan,1.32,0.9,0.0,11680.0,0.9,28.2,1.32,1.32,1.34,4.0,4.2,3.8,0.0,0.0,0.0,9140.0,6980.0,8320.0,0.8,0.6,0.6,28.1,28.1,28.1
2026-05-21 09:00:00,Pacitan,1.3,3.6,0.0,17800.0,0.9,28.4,1.32,1.32,1.32,0.9,4.0,4.2,0.0,0.0,0.0,11680.0,9140.0,6980.0,0.9,0.8,0.6,28.2,28.1,28.1
2026-05-21 10:00:00,Pacitan,1.3,4.7,0.0,18400.0,0.9,28.5,1.3,1.32,1.32,3.6,0.9,4.0,0.0,0.0,0.0,17800.0,11680.0,9140.0,0.9,0.9,0.8,28.4,28.2,28.1
2026-05-21 11:00:00,Pacitan,1.3,7.6,0.7,4960.0,1.0,28.6,1.3,1.3,1.32,4.7,3.6,0.9,0.0,0.0,0.0,18400.0,17800.0,11680.0,0.9,0.9,0.9,28.5,28.4,28.2
2026-05-21 12:00:00,Pacitan,1.3,8.5,2.4,2440.0,1.0,28.8,1.3,1.3,1.3,7.6,4.7,3.6,0.7,0.0,0.0,4960.0,18400.0,17800.0,1.0,0.9,0.9,28.6,28.5,28.4
2026-05-21 13:00:00,Pacitan,1.3,3.4,3.1,2480.0,1.0,28.9,1.3,1.3,1.3,8.5,7.6,4.7,2.4,0.7,0.0,2440.0,4960.0,18400.0,1.0,1.0,0.9,28.8,28.6,28.5
2026-05-21 14:00:00,Pacitan,1.3,0.6,1.3,1760.0,0.9,28.9,1.3,1.3,1.3,3.4,8.5,7.6,3.1,2.4,0.7,2480.0,2440.0,4960.0,1.0,1.0,1.0,28.9,28.8,28.6
2026-05-21 15:00:00,Pacitan,1.3,1.8,1.8,4860.0,0.9,28.9,1.3,1.3,1.3,0.6,3.4,8.5,1.3,3.1,2.4,1760.0,2480.0,2440.0,0.9,1.0,1.0,28.9,28.9,28.8
2026-05-21 16:00:00,Pacitan,1.3,4.9,1.3,4220.0,0.7,28.8,1.3,1.3,1.3,1.8,0.6,3.4,1.8,1.3,3.1,4860.0,1760.0,2480.0,0.9,0.9,1.0,28.9,28.9,28.9
2026-05-21 17:00:00,Pacitan,1.3,5.0,0.3,6280.0,0.7,28.8,1.3,1.3,1.3,4.9,1.8,0.6,1.3,1.8,1.3,4220.0,4860.0,1760.0,0.7,0.9,0.9,28.8,28.9,28.9
2026-05-21 18:00:00,Pacitan,1.28,2.4,0.1,4380.0,0.7,28.7,1.3,1.3,1.3,5.0,4.9,1.8,0.3,1.3,1.8,6280.0,4220.0,4860.0,0.7,0.7,0.9,28.8,28.8,28.9
2026-05-21 19:00:00,Pacitan,1.28,1.9,0.0,1380.0,0.9,28.6,1.28,1.3,1.3,2.4,5.0,4.9,0.1,0.3,1.3,4380.0,6280.0,4220.0,0.7,0.7,0.7,28.7,28.8,28.8
2026-05-21 20:00:00,Pacitan,1.28,3.1,0.0,860.0,0.9,28.6,1.28,1.28,1.3,1.9,2.4,5.0,0.0,0.1,0.3,1380.0,4380.0,6280.0,0.9,0.7,0.7,28.6,28.7,28.8
2026-05-21 21:00:00,Pacitan,1.28,5.1,0.0,560.0,0.9,28.6,1.28,1.28,1.28,3.1,1.9,2.4,0.0,0.0,0.1,860.0,1380.0,4380.0,0.9,0.9,0.7,28.6,28.6,28.7
2026-05-21 22:00:00,Pacitan,1.28,5.0,0.3,820.0,1.1,28.5,1.28,1.28,1.28,5.1,3.1,1.9,0.0,0.0,0.0,560.0,860.0,1380.0,0.9,0.9,0.9,28.6,28.6,28.6
2026-05-21 23:00:00,Pacitan,1.28,2.3,0.0,1240.0,1.1,28.5,1.28,1.28,1.28,5.0,5.1,3.1,0.3,0.0,0.0,820.0,560.0,860.0,1.1,0.9,0.9,28.5,28.6,28.6
2026-05-22 00:00:00,Pacitan,1.28,1.0,0.0,860.0,1.1,28.5,1.28,1.28,1.28,2.3,5.0,5.1,0.0,0.3,0.0,1240.0,820.0,560.0,1.1,1.1,0.9,28.5,28.5,28.6
2026-05-22 01:00:00,Pacitan,1.28,0.6,0.0,860.0,1.3,28.5,1.28,1.28,1.28,1.0,2.3,5.0,0.0,0.0,0.3,860.0,1240.0,820.0,1.1,1.1,1.1,28.5,28.5,28.5
2026-05-22 02:00:00,Pacitan,1.28,0.6,0.0,1160.0,1.3,28.5,1.28,1.28,1.28,0.6,1.0,2.3,0.0,0.0,0.0,860.0,860.0,1240.0,1.3,1.1,1.1,28.5,28.5,28.5
2026-05-22 03:00:00,Pacitan,1.28,0.6,0.0,1100.0,1.3,28.5,1.28,1.28,1.28,0.6,0.6,1.0,0.0,0.0,0.0,1160.0,860.0,860.0,1.3,1.3,1.1,28.5,28.5,28.5
2026-05-22 04:00:00,Pacitan,1.28,1.0,0.1,1000.0,1.3,28.4,1.28,1.28,1.28,0.6,0.6,0.6,0.0,0.0,0.0,1100.0,1160.0,860.0,1.3,1.3,1.3,28.5,28.5,28.5
2026-05-22 05:00:00,Pacitan,1.28,1.5,0.1,1140.0,1.3,28.4,1.28,1.28,1.28,1.0,0.6,0.6,0.1,0.0,0.0,1000.0,1100.0,1160.0,1.3,1.3,1.3,28.4,28.5,28.5
2026-05-22 06:00:00,Pacitan,1.26,2.1,0.1,1880.0,1.3,28.4,1.28,1.28,1.28,1.5,1.0,0.6,0.1,0.1,0.0,1140.0,1000.0,1100.0,1.3,1.3,1.3,28.4,28.4,28.5
2026-05-22 07:00:00,Pacitan,1.26,2.9,0.1,1940.0,1.3,28.4,1.26,1.28,1.28,2.1,1.5,1.0,0.1,0.1,0.1,1880.0,1140.0,1000.0,1.3,1.3,1.3,28.4,28.4,28.4
2026-05-22 08:00:00,Pacitan,1.26,5.3,0.1,2480.0,1.3,28.5,1.26,1.26,1.28,2.9,2.1,1.5,0.1,0.1,0.1,1940.0,1880.0,1140.0,1.3,1.3,1.3,28.4,28.4,28.4
2026-05-22 09:00:00,Pacitan,1.24,6.3,0.2,5960.0,1.1,28.5,1.26,1.26,1.26,5.3,2.9,2.1,0.1,0.1,0.1,2480.0,1940.0,1880.0,1.3,1.3,1.3,28.5,28.4,28.4
2026-05-22 10:00:00,Pacitan,1.24,8.6,0.2,6360.0,1.1,28.6,1.24,1.26,1.26,6.3,5.3,2.9,0.2,0.1,0.1,5960.0,2480.0,1940.0,1.1,1.3,1.3,28.5,28.5,28.4
2026-05-22 11:00:00,Pacitan,1.24,11.3,0.1,9940.0,1.1,28.8,1.24,1.24,1.26,8.6,6.3,5.3,0.2,0.2,0.1,6360.0,5960.0,2480.0,1.1,1.1,1.3,28.6,28.5,28.5
2026-05-22 12:00:00,Pacitan,1.24,11.9,0.1,8760.0,0.9,28.9,1.24,1.24,1.24,11.3,8.6,6.3,0.1,0.2,0.2,9940.0,6360.0,5960.0,1.1,1.1,1.1,28.8,28.6,28.5
2026-05-22 13:00:00,Pacitan,1.24,13.3,0.2,8520.0,0.9,28.9,1.24,1.24,1.24,11.9,11.3,8.6,0.1,0.1,0.2,8760.0,9940.0,6360.0,0.9,1.1,1.1,28.9,28.8,28.6
2026-05-22 14:00:00,Pacitan,1.24,13.3,0.1,11440.0,0.9,28.9,1.24,1.24,1.24,13.3,11.9,11.3,0.2,0.1,0.1,8520.0,8760.0,9940.0,0.9,0.9,1.1,28.9,28.9,28.8
2026-05-22 15:00:00,Pacitan,1.22,11.9,0.0,18840.0,0.9,28.9,1.24,1.24,1.24,13.3,13.3,11.9,0.1,0.2,0.1,11440.0,8520.0,8760.0,0.9,0.9,0.9,28.9,28.9,28.9
2026-05-22 16:00:00,Pacitan,1.22,11.8,0.0,12400.0,0.7,28.9,1.22,1.24,1.24,11.9,13.3,13.3,0.0,0.1,0.2,18840.0,11440.0,8520.0,0.9,0.9,0.9,28.9,28.9,28.9
2026-05-22 17:00:00,Pacitan,1.22,9.8,0.0,11680.0,0.7,28.8,1.22,1.22,1.24,11.8,11.9,13.3,0.0,0.0,0.1,12400.0,18840.0,11440.0,0.7,0.9,0.9,28.9,28.9,28.9
2026-05-22 18:00:00,Pacitan,1.2,8.4,0.0,7520.0,0.7,28.8,1.22,1.22,1.22,9.8,11.8,11.9,0.0,0.0,0.0,11680.0,12400.0,18840.0,0.7,0.7,0.9,28.8,28.9,28.9
2026-05-22 19:00:00,Pacitan,1.2,7.9,0.1,5640.0,0.8,28.8,1.2,1.22,1.22,8.4,9.8,11.8,0.0,0.0,0.0,7520.0,11680.0,12400.0,0.7,0.7,0.7,28.8,28.8,28.9
2026-05-22 20:00:00,Pacitan,1.2,7.3,0.0,1640.0,0.8,28.7,1.2,1.2,1.22,7.9,8.4,9.8,0.1,0.0,0.0,5640.0,7520.0,11680.0,0.8,0.7,0.7,28.8,28.8,28.8
2026-05-22 21:00:00,Pacitan,1.18,6.2,0.0,1260.0,1.0,28.7,1.2,1.2,1.2,7.3,7.9,8.4,0.0,0.1,0.0,1640.0,5640.0,7520.0,0.8,0.8,0.7,28.7,28.8,28.8
2026-05-22 22:00:00,Pacitan,1.18,4.1,0.0,960.0,1.0,28.6,1.18,1.2,1.2,6.2,7.3,7.9,0.0,0.0,0.1,1260.0,1640.0,5640.0,1.0,0.8,0.8,28.7,28.7,28.8
2026-05-22 23:00:00,Pacitan,1.18,4.6,0.0,740.0,1.0,28.6,1.18,1.18,1.2,4.1,6.2,7.3,0.0,0.0,0.0,960.0,1260.0,1640.0,1.0,1.0,0.8,28.6,28.7,28.7
2026-05-23 00:00:00,Pacitan,1.16,5.1,0.0,580.0,1.0,28.6,1.18,1.18,1.18,4.6,4.1,6.2,0.0,0.0,0.0,740.0,960.0,1260.0,1.0,1.0,1.0,28.6,28.6,28.7
2026-05-23 01:00:00,Pacitan,1.16,3.2,0.0,580.0,1.1,28.6,1.16,1.18,1.18,5.1,4.6,4.1,0.0,0.0,0.0,580.0,740.0,960.0,1.0,1.0,1.0,28.6,28.6,28.6
2026-05-23 02:00:00,Pacitan,1.16,2.8,0.0,740.0,1.1,28.5,1.16,1.16,1.18,3.2,5.1,4.6,0.0,0.0,0.0,580.0,580.0,740.0,1.1,1.0,1.0,28.6,28.6,28.6
2026-05-23 03:00:00,Pacitan,1.16,4.2,0.0,1260.0,1.1,28.5,1.16,1.16,1.16,2.8,3.2,5.1,0.0,0.0,0.0,740.0,580.0,580.0,1.1,1.1,1.0,28.5,28.6,28.6
2026-05-23 04:00:00,Pacitan,1.16,4.3,0.0,6640.0,1.1,28.5,1.16,1.16,1.16,4.2,2.8,3.2,0.0,0.0,0.0,1260.0,740.0,580.0,1.1,1.1,1.1,28.5,28.5,28.6
2026-05-23 05:00:00,Pacitan,1.16,4.0,0.0,11600.0,1.2,28.5,1.16,1.16,1.16,4.3,4.2,2.8,0.0,0.0,0.0,6640.0,1260.0,740.0,1.1,1.1,1.1,28.5,28.5,28.5
2026-05-23 06:00:00,Pacitan,1.14,4.1,0.0,11560.0,1.4,28.5,1.16,1.16,1.16,4.0,4.3,4.2,0.0,0.0,0.0,11600.0,6640.0,1260.0,1.2,1.1,1.1,28.5,28.5,28.5
2026-05-23 07:00:00,Pacitan,1.14,3.7,0.0,16100.0,1.4,28.5,1.14,1.16,1.16,4.1,4.0,4.3,0.0,0.0,0.0,11560.0,11600.0,6640.0,1.4,1.2,1.1,28.5,28.5,28.5
2026-05-23 08:00:00,Pacitan,1.14,4.3,0.0,5360.0,1.4,28.5,1.14,1.14,1.16,3.7,4.1,4.0,0.0,0.0,0.0,16100.0,11560.0,11600.0,1.4,1.4,1.2,28.5,28.5,28.5
2026-05-23 09:00:00,Pacitan,1.12,7.8,0.0,3180.0,1.2,28.6,1.14,1.14,1.14,4.3,3.7,4.1,0.0,0.0,0.0,5360.0,16100.0,11560.0,1.4,1.4,1.4,28.5,28.5,28.5
2026-05-23 10:00:00,Pacitan,1.12,10.7,0.0,4520.0,1.2,28.8,1.12,1.14,1.14,7.8,4.3,3.7,0.0,0.0,0.0,3180.0,5360.0,16100.0,1.2,1.4,1.4,28.6,28.5,28.5
2026-05-23 11:00:00,Pacitan,1.12,12.5,0.1,7080.0,1.2,28.9,1.12,1.12,1.14,10.7,7.8,4.3,0.0,0.0,0.0,4520.0,3180.0,5360.0,1.2,1.2,1.4,28.8,28.6,28.5
2026-05-23 12:00:00,Pacitan,1.12,13.1,0.2,3540.0,1.0,29.0,1.12,1.12,1.12,12.5,10.7,7.8,0.1,0.0,0.0,7080.0,4520.0,3180.0,1.2,1.2,1.2,28.9,28.8,28.6
2026-05-23 13:00:00,Pacitan,1.12,10.7,0.4,10900.0,1.2,29.0,1.12,1.12,1.12,13.1,12.5,10.7,0.2,0.1,0.0,3540.0,7080.0,4520.0,1.0,1.2,1.2,29.0,28.9,28.8
2026-05-23 14:00:00,Pacitan,1.12,12.1,0.0,14120.0,1.2,29.0,1.12,1.12,1.12,10.7,13.1,12.5,0.4,0.2,0.1,10900.0,3540.0,7080.0,1.2,1.0,1.2,29.0,29.0,28.9
2026-05-23 15:00:00,Pacitan,1.12,13.0,0.0,11100.0,1.0,29.0,1.12,1.12,1.12,12.1,10.7,13.1,0.0,0.4,0.2,14120.0,10900.0,3540.0,1.2,1.2,1.0,29.0,29.0,29.0
2026-05-23 16:00:00,Pacitan,1.12,10.4,0.4,4360.0,1.0,29.0,1.12,1.12,1.12,13.0,12.1,10.7,0.0,0.0,0.4,11100.0,14120.0,10900.0,1.0,1.2,1.2,29.0,29.0,29.0
2026-05-23 17:00:00,Pacitan,1.12,10.0,0.2,10660.0,1.0,28.9,1.12,1.12,1.12,10.4,13.0,12.1,0.4,0.0,0.0,4360.0,11100.0,14120.0,1.0,1.0,1.2,29.0,29.0,29.0
2026-05-23 18:00:00,Pacitan,1.12,8.5,0.0,10780.0,1.2,28.9,1.12,1.12,1.12,10.0,10.4,13.0,0.2,0.4,0.0,10660.0,4360.0,11100.0,1.0,1.0,1.0,28.9,29.0,29.0
2026-05-23 19:00:00,Pacitan,1.12,7.7,0.0,2820.0,1.3,28.8,1.12,1.12,1.12,8.5,10.0,10.4,0.0,0.2,0.4,10780.0,10660.0,4360.0,1.2,1.0,1.0,28.9,28.9,29.0
2026-05-23 20:00:00,Pacitan,1.12,7.2,0.0,2080.0,1.3,28.8,1.12,1.12,1.12,7.7,8.5,10.0,0.0,0.0,0.2,2820.0,10780.0,10660.0,1.3,1.2,1.0,28.8,28.9,28.9
2026-05-23 21:00:00,Pacitan,1.1,6.5,0.0,1360.0,1.3,28.8,1.12,1.12,1.12,7.2,7.7,8.5,0.0,0.0,0.0,2080.0,2820.0,10780.0,1.3,1.3,1.2,28.8,28.8,28.9
2026-05-23 22:00:00,Pacitan,1.1,6.0,0.0,620.0,1.5,28.8,1.1,1.12,1.12,6.5,7.2,7.7,0.0,0.0,0.0,1360.0,2080.0,2820.0,1.3,1.3,1.3,28.8,28.8,28.8
2026-05-23 23:00:00,Pacitan,1.1,5.4,0.0,540.0,1.5,28.8,1.1,1.1,1.12,6.0,6.5,7.2,0.0,0.0,0.0,620.0,1360.0,2080.0,1.5,1.3,1.3,28.8,28.8,28.8
2026-05-24 00:00:00,Pacitan,1.1,5.0,0.0,460.0,1.7,28.8,1.1,1.1,1.1,5.4,6.0,6.5,0.0,0.0,0.0,540.0,620.0,1360.0,1.5,1.5,1.3,28.8,28.8,28.8
2026-05-24 01:00:00,Pacitan,1.1,4.9,0.0,380.0,1.5,28.8,1.1,1.1,1.1,5.0,5.4,6.0,0.0,0.0,0.0,460.0,540.0,620.0,1.7,1.5,1.5,28.8,28.8,28.8
2026-05-24 02:00:00,Pacitan,1.1,5.4,0.0,380.0,1.7,28.8,1.1,1.1,1.1,4.9,5.0,5.4,0.0,0.0,0.0,380.0,460.0,540.0,1.5,1.7,1.5,28.8,28.8,28.8
2026-05-24 03:00:00,Pacitan,1.1,6.1,0.0,360.0,1.7,28.7,1.1,1.1,1.1,5.4,4.9,5.0,0.0,0.0,0.0,380.0,380.0,460.0,1.7,1.5,1.7,28.8,28.8,28.8
2026-05-24 04:00:00,Pacitan,1.1,6.5,0.0,360.0,1.9,28.6,1.1,1.1,1.1,6.1,5.4,4.9,0.0,0.0,0.0,360.0,380.0,380.0,1.7,1.7,1.5,28.7,28.8,28.8
2026-05-24 05:00:00,Pacitan,1.1,6.6,0.0,1200.0,1.9,28.6,1.1,1.1,1.1,6.5,6.1,5.4,0.0,0.0,0.0,360.0,360.0,380.0,1.9,1.7,1.7,28.6,28.7,28.8
2026-05-24 06:00:00,Pacitan,1.12,6.3,0.0,2040.0,1.9,28.6,1.1,1.1,1.1,6.6,6.5,6.1,0.0,0.0,0.0,1200.0,360.0,360.0,1.9,1.9,1.7,28.6,28.6,28.7
2026-05-24 07:00:00,Pacitan,1.12,5.6,0.0,2880.0,2.0,28.6,1.12,1.1,1.1,6.3,6.6,6.5,0.0,0.0,0.0,2040.0,1200.0,360.0,1.9,1.9,1.9,28.6,28.6,28.6
2026-05-24 08:00:00,Pacitan,1.12,4.4,0.4,3640.0,2.0,28.7,1.12,1.12,1.1,5.6,6.3,6.6,0.0,0.0,0.0,2880.0,2040.0,1200.0,2.0,1.9,1.9,28.6,28.6,28.6
2026-05-24 09:00:00,Pacitan,1.14,5.5,0.4,4380.0,2.0,28.8,1.12,1.12,1.12,4.4,5.6,6.3,0.4,0.0,0.0,3640.0,2880.0,2040.0,2.0,2.0,1.9,28.7,28.6,28.6
2026-05-24 10:00:00,Pacitan,1.14,7.8,0.4,5140.0,2.0,28.9,1.14,1.12,1.12,5.5,4.4,5.6,0.4,0.4,0.0,4380.0,3640.0,2880.0,2.0,2.0,2.0,28.8,28.7,28.6
2026-05-24 11:00:00,Pacitan,1.14,8.9,0.8,5140.0,2.0,29.0,1.14,1.14,1.12,7.8,5.5,4.4,0.4,0.4,0.4,5140.0,4380.0,3640.0,2.0,2.0,2.0,28.9,28.8,28.7
2026-05-24 12:00:00,Pacitan,1.16,9.6,0.8,5140.0,1.9,29.0,1.14,1.14,1.14,8.9,7.8,5.5,0.8,0.4,0.4,5140.0,5140.0,4380.0,2.0,2.0,2.0,29.0,28.9,28.8
2026-05-24 13:00:00,Pacitan,1.16,9.9,0.8,5140.0,1.9,29.0,1.16,1.14,1.14,9.6,8.9,7.8,0.8,0.8,0.4,5140.0,5140.0,5140.0,1.9,2.0,2.0,29.0,29.0,28.9
2026-05-24 14:00:00,Pacitan,1.16,10.2,0.5,5560.0,1.9,29.0,1.16,1.16,1.14,9.9,9.6,8.9,0.8,0.8,0.8,5140.0,5140.0,5140.0,1.9,1.9,2.0,29.0,29.0,29.0
2026-05-24 15:00:00,Pacitan,1.18,10.1,0.5,5960.0,1.9,29.0,1.16,1.16,1.16,10.2,9.9,9.6,0.5,0.8,0.8,5560.0,5140.0,5140.0,1.9,1.9,1.9,29.0,29.0,29.0
2026-05-24 16:00:00,Pacitan,1.18,9.6,0.5,6380.0,2.0,29.0,1.18,1.16,1.16,10.1,10.2,9.9,0.5,0.5,0.8,5960.0,5560.0,5140.0,1.9,1.9,1.9,29.0,29.0,29.0
2026-05-24 17:00:00,Pacitan,1.18,7.8,0.1,6060.0,2.0,29.0,1.18,1.18,1.16,9.6,10.1,10.2,0.5,0.5,0.5,6380.0,5960.0,5560.0,2.0,1.9,1.9,29.0,29.0,29.0
2026-05-24 18:00:00,Pacitan,1.2,5.6,0.1,5720.0,2.0,29.0,1.18,1.18,1.18,7.8,9.6,10.1,0.1,0.5,0.5,6060.0,6380.0,5960.0,2.0,2.0,1.9,29.0,29.0,29.0
2026-05-24 19:00:00,Pacitan,1.2,3.7,0.1,5400.0,2.2,28.9,1.2,1.18,1.18,5.6,7.8,9.6,0.1,0.1,0.5,5720.0,6060.0,6380.0,2.0,2.0,2.0,29.0,29.0,29.0
2026-05-24 20:00:00,Pacitan,1.2,3.2,0.0,3840.0,2.2,28.9,1.2,1.2,1.18,3.7,5.6,7.8,0.1,0.1,0.1,5400.0,5720.0,6060.0,2.2,2.0,2.0,28.9,29.0,29.0
2026-05-24 21:00:00,Pacitan,1.18,3.8,0.0,2300.0,2.2,28.9,1.2,1.2,1.2,3.2,3.7,5.6,0.0,0.1,0.1,3840.0,5400.0,5720.0,2.2,2.2,2.0,28.9,28.9,29.0
2026-05-24 22:00:00,Pacitan,1.18,4.4,0.0,740.0,2.1,28.9,1.18,1.2,1.2,3.8,3.2,3.7,0.0,0.0,0.1,2300.0,3840.0,5400.0,2.2,2.2,2.2,28.9,28.9,28.9
2026-05-24 23:00:00,Pacitan,1.18,4.8,0.0,660.0,2.3,28.9,1.18,1.18,1.2,4.4,3.8,3.2,0.0,0.0,0.0,740.0,2300.0,3840.0,2.1,2.2,2.2,28.9,28.9,28.9
2026-05-25 00:00:00,Pacitan,1.16,5.1,0.0,600.0,2.3,28.8,1.18,1.18,1.18,4.8,4.4,3.8,0.0,0.0,0.0,660.0,740.0,2300.0,2.3,2.1,2.2,28.9,28.9,28.9
2026-05-25 01:00:00,Pacitan,1.16,5.2,0.0,520.0,2.3,28.8,1.16,1.18,1.18,5.1,4.8,4.4,0.0,0.0,0.0,600.0,660.0,740.0,2.3,2.3,2.1,28.8,28.9,28.9
2026-05-25 02:00:00,Pacitan,1.16,5.3,0.0,560.0,2.3,28.8,1.16,1.16,1.18,5.2,5.1,4.8,0.0,0.0,0.0,520.0,600.0,660.0,2.3,2.3,2.3,28.8,28.8,28.9
2026-05-25 03:00:00,Pacitan,1.16,5.1,0.0,620.0,2.4,28.8,1.16,1.16,1.16,5.3,5.2,5.1,0.0,0.0,0.0,560.0,520.0,600.0,2.3,2.3,2.3,28.8,28.8,28.8
2026-05-25 04:00:00,Pacitan,1.16,5.3,0.0,660.0,2.4,28.7,1.16,1.16,1.16,5.1,5.3,5.2,0.0,0.0,0.0,620.0,560.0,520.0,2.4,2.3,2.3,28.8,28.8,28.8
2026-05-25 05:00:00,Pacitan,1.16,5.7,0.0,4780.0,2.4,28.7,1.16,1.16,1.16,5.3,5.1,5.3,0.0,0.0,0.0,660.0,620.0,560.0,2.4,2.4,2.3,28.7,28.8,28.8
2026-05-25 06:00:00,Pacitan,1.18,6.4,0.0,8880.0,2.4,28.6,1.16,1.16,1.16,5.7,5.3,5.1,0.0,0.0,0.0,4780.0,660.0,620.0,2.4,2.4,2.4,28.7,28.7,28.8
2026-05-25 07:00:00,Pacitan,1.18,6.4,0.0,13000.0,2.2,28.6,1.18,1.16,1.16,6.4,5.7,5.3,0.0,0.0,0.0,8880.0,4780.0,660.0,2.4,2.4,2.4,28.6,28.7,28.7
2026-05-25 08:00:00,Pacitan,1.2,6.7,0.0,12840.0,2.2,28.6,1.18,1.18,1.16,6.4,6.4,5.7,0.0,0.0,0.0,13000.0,8880.0,4780.0,2.2,2.4,2.4,28.6,28.6,28.7
2026-05-25 09:00:00,Pacitan,1.22,8.8,0.0,12680.0,2.2,28.7,1.2,1.18,1.18,6.7,6.4,6.4,0.0,0.0,0.0,12840.0,13000.0,8880.0,2.2,2.2,2.4,28.6,28.6,28.6
2026-05-25 10:00:00,Pacitan,1.24,11.6,0.0,12520.0,2.1,28.8,1.22,1.2,1.18,8.8,6.7,6.4,0.0,0.0,0.0,12680.0,12840.0,13000.0,2.2,2.2,2.2,28.7,28.6,28.6
2026-05-25 11:00:00,Pacitan,1.26,12.9,0.0,14580.0,2.1,28.8,1.24,1.22,1.2,11.6,8.8,6.7,0.0,0.0,0.0,12520.0,12680.0,12840.0,2.1,2.2,2.2,28.8,28.7,28.6
2026-05-25 12:00:00,Pacitan,1.26,13.1,0.0,16640.0,2.1,28.8,1.26,1.24,1.22,12.9,11.6,8.8,0.0,0.0,0.0,14580.0,12520.0,12680.0,2.1,2.1,2.2,28.8,28.8,28.7
2026-05-25 13:00:00,Pacitan,1.28,13.2,0.0,18700.0,2.1,28.9,1.26,1.26,1.24,13.1,12.9,11.6,0.0,0.0,0.0,16640.0,14580.0,12520.0,2.1,2.1,2.1,28.8,28.8,28.8
2026-05-25 14:00:00,Pacitan,1.3,13.8,0.0,15540.0,2.1,28.9,1.28,1.26,1.26,13.2,13.1,12.9,0.0,0.0,0.0,18700.0,16640.0,14580.0,2.1,2.1,2.1,28.9,28.8,28.8
2026-05-25 15:00:00,Pacitan,1.3,14.2,0.0,12360.0,2.1,28.9,1.3,1.28,1.26,13.8,13.2,13.1,0.0,0.0,0.0,15540.0,18700.0,16640.0,2.1,2.1,2.1,28.9,28.9,28.8
2026-05-25 16:00:00,Pacitan,1.32,13.6,0.0,9200.0,1.9,28.9,1.3,1.3,1.28,14.2,13.8,13.2,0.0,0.0,0.0,12360.0,15540.0,18700.0,2.1,2.1,2.1,28.9,28.9,28.9
2026-05-25 17:00:00,Pacitan,1.32,11.4,0.0,6820.0,1.9,28.9,1.32,1.3,1.3,13.6,14.2,13.8,0.0,0.0,0.0,9200.0,12360.0,15540.0,1.9,2.1,2.1,28.9,28.9,28.9
2026-05-25 18:00:00,Pacitan,1.34,8.8,0.0,4420.0,1.9,28.9,1.32,1.32,1.3,11.4,13.6,14.2,0.0,0.0,0.0,6820.0,9200.0,12360.0,1.9,1.9,2.1,28.9,28.9,28.9
2026-05-25 19:00:00,Pacitan,1.34,7.2,0.0,2040.0,1.9,28.9,1.34,1.32,1.32,8.8,11.4,13.6,0.0,0.0,0.0,4420.0,6820.0,9200.0,1.9,1.9,1.9,28.9,28.9,28.9
2026-05-25 20:00:00,Pacitan,1.34,6.4,0.0,1540.0,1.9,28.9,1.34,1.34,1.32,7.2,8.8,11.4,0.0,0.0,0.0,2040.0,4420.0,6820.0,1.9,1.9,1.9,28.9,28.9,28.9
2026-05-25 21:00:00,Pacitan,1.36,5.8,0.0,1020.0,1.9,28.9,1.34,1.34,1.34,6.4,7.2,8.8,0.0,0.0,0.0,1540.0,2040.0,4420.0,1.9,1.9,1.9,28.9,28.9,28.9
2026-05-25 22:00:00,Pacitan,1.36,5.4,0.0,520.0,1.8,28.8,1.36,1.34,1.34,5.8,6.4,7.2,0.0,0.0,0.0,1020.0,1540.0,2040.0,1.9,1.9,1.9,28.9,28.9,28.9
2026-05-25 23:00:00,Pacitan,1.36,5.0,0.0,480.0,1.7,28.8,1.36,1.36,1.34,5.4,5.8,6.4,0.0,0.0,0.0,520.0,1020.0,1540.0,1.8,1.9,1.9,28.8,28.9,28.9
2026-05-26 00:00:00,Pacitan,1.38,4.7,0.0,440.0,1.7,28.8,1.36,1.36,1.36,5.0,5.4,5.8,0.0,0.0,0.0,480.0,520.0,1020.0,1.7,1.8,1.9,28.8,28.8,28.9
2026-05-26 01:00:00,Pacitan,1.38,4.3,0.0,400.0,1.7,28.8,1.38,1.36,1.36,4.7,5.0,5.4,0.0,0.0,0.0,440.0,480.0,520.0,1.7,1.7,1.8,28.8,28.8,28.8
2026-05-26 02:00:00,Pacitan,1.38,6.6,0.0,2920.0,1.7,28.7,1.38,1.38,1.36,4.3,4.7,5.0,0.0,0.0,0.0,400.0,440.0,480.0,1.7,1.7,1.7,28.8,28.8,28.8
2026-05-26 03:00:00,Pacitan,1.38,6.3,0.0,5140.0,1.7,28.7,1.38,1.38,1.38,6.6,4.3,4.7,0.0,0.0,0.0,2920.0,400.0,440.0,1.7,1.7,1.7,28.7,28.8,28.8
2026-05-26 04:00:00,Pacitan,1.38,6.4,0.0,7340.0,1.5,28.6,1.38,1.38,1.38,6.3,6.6,4.3,0.0,0.0,0.0,5140.0,2920.0,400.0,1.7,1.7,1.7,28.7,28.7,28.8
2026-05-26 05:00:00,Pacitan,1.38,6.3,0.0,9540.0,1.5,28.6,1.38,1.38,1.38,6.4,6.3,6.6,0.0,0.0,0.0,7340.0,5140.0,2920.0,1.5,1.7,1.7,28.6,28.7,28.7
2026-05-26 06:00:00,Pacitan,1.4,5.9,0.0,11760.0,1.5,28.6,1.38,1.38,1.38,6.3,6.4,6.3,0.0,0.0,0.0,9540.0,7340.0,5140.0,1.5,1.5,1.7,28.6,28.6,28.7
2026-05-26 07:00:00,Pacitan,1.4,5.2,0.0,13960.0,1.5,28.6,1.4,1.38,1.38,5.9,6.3,6.4,0.0,0.0,0.0,11760.0,9540.0,7340.0,1.5,1.5,1.5,28.6,28.6,28.6
2026-05-26 08:00:00,Pacitan,1.4,4.5,0.0,14200.0,1.4,28.6,1.4,1.4,1.38,5.2,5.9,6.3,0.0,0.0,0.0,13960.0,11760.0,9540.0,1.5,1.5,1.5,28.6,28.6,28.6
2026-05-26 09:00:00,Pacitan,1.42,5.8,0.0,14420.0,1.4,28.6,1.4,1.4,1.4,4.5,5.2,5.9,0.0,0.0,0.0,14200.0,13960.0,11760.0,1.4,1.5,1.5,28.6,28.6,28.6
2026-05-26 10:00:00,Pacitan,1.42,8.7,0.0,14660.0,1.2,28.7,1.42,1.4,1.4,5.8,4.5,5.2,0.0,0.0,0.0,14420.0,14200.0,13960.0,1.4,1.4,1.5,28.6,28.6,28.6
2026-05-26 11:00:00,Pacitan,1.44,12.2,0.0,14900.0,1.2,28.8,1.42,1.42,1.4,8.7,5.8,4.5,0.0,0.0,0.0,14660.0,14420.0,14200.0,1.2,1.4,1.4,28.7,28.6,28.6
2026-05-26 12:00:00,Pacitan,1.48,15.2,0.0,15120.0,1.2,28.8,1.44,1.42,1.42,12.2,8.7,5.8,0.0,0.0,0.0,14900.0,14660.0,14420.0,1.2,1.2,1.4,28.8,28.7,28.6
2026-05-26 13:00:00,Pacitan,1.5,16.7,0.0,15360.0,1.0,28.8,1.48,1.44,1.42,15.2,12.2,8.7,0.0,0.0,0.0,15120.0,14900.0,14660.0,1.2,1.2,1.2,28.8,28.8,28.7
2026-05-26 14:00:00,Pacitan,1.5,16.6,0.2,14020.0,1.0,28.8,1.5,1.48,1.44,16.7,15.2,12.2,0.0,0.0,0.0,15360.0,15120.0,14900.0,1.0,1.2,1.2,28.8,28.8,28.8
2026-05-26 15:00:00,Pacitan,1.52,15.3,0.2,12680.0,1.0,28.8,1.5,1.5,1.48,16.6,16.7,15.2,0.2,0.0,0.0,14020.0,15360.0,15120.0,1.0,1.0,1.2,28.8,28.8,28.8
2026-05-26 16:00:00,Pacitan,1.52,13.8,0.2,11340.0,1.0,28.8,1.52,1.5,1.5,15.3,16.6,16.7,0.2,0.2,0.0,12680.0,14020.0,15360.0,1.0,1.0,1.0,28.8,28.8,28.8
2026-05-26 17:00:00,Pacitan,1.52,12.0,0.2,10000.0,1.0,28.8,1.52,1.52,1.5,13.8,15.3,16.6,0.2,0.2,0.2,11340.0,12680.0,14020.0,1.0,1.0,1.0,28.8,28.8,28.8
2026-05-26 18:00:00,Pacitan,1.52,10.6,0.2,8660.0,1.0,28.8,1.52,1.52,1.52,12.0,13.8,15.3,0.2,0.2,0.2,10000.0,11340.0,12680.0,1.0,1.0,1.0,28.8,28.8,28.8
2026-05-26 19:00:00,Pacitan,1.52,9.8,0.2,7320.0,1.0,28.8,1.52,1.52,1.52,10.6,12.0,13.8,0.2,0.2,0.2,8660.0,10000.0,11340.0,1.0,1.0,1.0,28.8,28.8,28.8
2026-05-26 20:00:00,Pacitan,1.52,8.9,0.0,8040.0,1.0,28.8,1.52,1.52,1.52,9.8,10.6,12.0,0.2,0.2,0.2,7320.0,8660.0,10000.0,1.0,1.0,1.0,28.8,28.8,28.8
2026-05-26 21:00:00,Pacitan,1.54,7.6,0.0,8760.0,1.0,28.8,1.52,1.52,1.52,8.9,9.8,10.6,0.0,0.2,0.2,8040.0,7320.0,8660.0,1.0,1.0,1.0,28.8,28.8,28.8
2026-05-26 22:00:00,Pacitan,1.54,6.4,0.0,9480.0,1.0,28.8,1.54,1.52,1.52,7.6,8.9,9.8,0.0,0.0,0.2,8760.0,8040.0,7320.0,1.0,1.0,1.0,28.8,28.8,28.8
2026-05-26 23:00:00,Pacitan,1.54,5.1,0.0,10180.0,1.0,28.7,1.54,1.54,1.52,6.4,7.6,8.9,0.0,0.0,0.0,9480.0,8760.0,8040.0,1.0,1.0,1.0,28.8,28.8,28.8
2026-05-20 03:00:00,Pamekasan,0.06,3.5,0.0,16260.0,0.2,30.7,0.08,0.08,0.08,3.6,3.1,4.7,0.0,0.0,0.0,16280.0,19000.0,18820.0,0.2,0.4,0.5,30.7,30.7,30.7
2026-05-20 04:00:00,Pamekasan,0.06,3.3,0.0,16640.0,0.0,30.7,0.06,0.08,0.08,3.5,3.6,3.1,0.0,0.0,0.0,16260.0,16280.0,19000.0,0.2,0.2,0.4,30.7,30.7,30.7
2026-05-20 05:00:00,Pamekasan,0.06,4.2,0.0,16120.0,0.0,30.7,0.06,0.06,0.08,3.3,3.5,3.6,0.0,0.0,0.0,16640.0,16260.0,16280.0,0.0,0.2,0.2,30.7,30.7,30.7
2026-05-20 06:00:00,Pamekasan,0.06,7.2,0.0,16260.0,0.0,30.8,0.06,0.06,0.06,4.2,3.3,3.5,0.0,0.0,0.0,16120.0,16640.0,16260.0,0.0,0.0,0.2,30.7,30.7,30.7
2026-05-20 07:00:00,Pamekasan,0.06,7.7,0.0,21680.0,0.2,30.8,0.06,0.06,0.06,7.2,4.2,3.3,0.0,0.0,0.0,16260.0,16120.0,16640.0,0.0,0.0,0.0,30.8,30.7,30.7
2026-05-20 08:00:00,Pamekasan,0.06,10.0,0.0,14320.0,0.4,30.8,0.06,0.06,0.06,7.7,7.2,4.2,0.0,0.0,0.0,21680.0,16260.0,16120.0,0.2,0.0,0.0,30.8,30.8,30.7
2026-05-20 09:00:00,Pamekasan,0.06,11.2,0.1,8300.0,0.5,30.9,0.06,0.06,0.06,10.0,7.7,7.2,0.0,0.0,0.0,14320.0,21680.0,16260.0,0.4,0.2,0.0,30.8,30.8,30.8
2026-05-20 10:00:00,Pamekasan,0.06,11.9,0.2,5360.0,0.5,30.9,0.06,0.06,0.06,11.2,10.0,7.7,0.1,0.0,0.0,8300.0,14320.0,21680.0,0.5,0.4,0.2,30.9,30.8,30.8
2026-05-20 11:00:00,Pamekasan,0.1,12.3,0.5,4500.0,0.6,31.0,0.06,0.06,0.06,11.9,11.2,10.0,0.2,0.1,0.0,5360.0,8300.0,14320.0,0.5,0.5,0.4,30.9,30.9,30.8
2026-05-20 12:00:00,Pamekasan,0.12,11.3,0.7,4760.0,0.4,31.0,0.1,0.06,0.06,12.3,11.9,11.2,0.5,0.2,0.1,4500.0,5360.0,8300.0,0.6,0.5,0.5,31.0,30.9,30.9
2026-05-20 13:00:00,Pamekasan,0.16,13.0,1.0,2860.0,0.3,31.0,0.12,0.1,0.06,11.3,12.3,11.9,0.7,0.5,0.2,4760.0,4500.0,5360.0,0.4,0.6,0.5,31.0,31.0,30.9
2026-05-20 14:00:00,Pamekasan,0.16,8.4,1.5,4360.0,0.2,31.0,0.16,0.12,0.1,13.0,11.3,12.3,1.0,0.7,0.5,2860.0,4760.0,4500.0,0.3,0.4,0.6,31.0,31.0,31.0
2026-05-20 15:00:00,Pamekasan,0.18,7.9,0.3,12500.0,0.4,31.0,0.16,0.16,0.12,8.4,13.0,11.3,1.5,1.0,0.7,4360.0,2860.0,4760.0,0.2,0.3,0.4,31.0,31.0,31.0
2026-05-20 16:00:00,Pamekasan,0.18,9.9,0.0,9920.0,0.5,31.0,0.18,0.16,0.16,7.9,8.4,13.0,0.3,1.5,1.0,12500.0,4360.0,2860.0,0.4,0.2,0.3,31.0,31.0,31.0
2026-05-20 17:00:00,Pamekasan,0.18,7.2,0.2,8440.0,0.4,31.0,0.18,0.18,0.16,9.9,7.9,8.4,0.0,0.3,1.5,9920.0,12500.0,4360.0,0.5,0.4,0.2,31.0,31.0,31.0
2026-05-20 18:00:00,Pamekasan,0.18,3.9,0.1,15380.0,0.4,30.9,0.18,0.18,0.18,7.2,9.9,7.9,0.2,0.0,0.3,8440.0,9920.0,12500.0,0.4,0.5,0.4,31.0,31.0,31.0
2026-05-20 19:00:00,Pamekasan,0.18,3.4,0.0,21140.0,0.4,30.9,0.18,0.18,0.18,3.9,7.2,9.9,0.1,0.2,0.0,15380.0,8440.0,9920.0,0.4,0.4,0.5,30.9,31.0,31.0
2026-05-20 20:00:00,Pamekasan,0.18,4.6,0.0,11220.0,0.3,30.9,0.18,0.18,0.18,3.4,3.9,7.2,0.0,0.1,0.2,21140.0,15380.0,8440.0,0.4,0.4,0.4,30.9,30.9,31.0
2026-05-20 21:00:00,Pamekasan,0.2,2.2,0.1,6020.0,0.4,30.9,0.18,0.18,0.18,4.6,3.4,3.9,0.0,0.0,0.1,11220.0,21140.0,15380.0,0.3,0.4,0.4,30.9,30.9,30.9
2026-05-20 22:00:00,Pamekasan,0.2,2.2,0.3,5220.0,0.6,30.9,0.2,0.18,0.18,2.2,4.6,3.4,0.1,0.0,0.0,6020.0,11220.0,21140.0,0.4,0.3,0.4,30.9,30.9,30.9
2026-05-20 23:00:00,Pamekasan,0.2,3.8,0.2,8820.0,0.6,30.9,0.2,0.2,0.18,2.2,2.2,4.6,0.3,0.1,0.0,5220.0,6020.0,11220.0,0.6,0.4,0.3,30.9,30.9,30.9
2026-05-21 00:00:00,Pamekasan,0.2,4.9,0.0,12000.0,0.6,30.8,0.2,0.2,0.2,3.8,2.2,2.2,0.2,0.3,0.1,8820.0,5220.0,6020.0,0.6,0.6,0.4,30.9,30.9,30.9
2026-05-21 01:00:00,Pamekasan,0.2,1.8,0.1,10660.0,0.4,30.8,0.2,0.2,0.2,4.9,3.8,2.2,0.0,0.2,0.3,12000.0,8820.0,5220.0,0.6,0.6,0.6,30.8,30.9,30.9
2026-05-21 02:00:00,Pamekasan,0.2,2.6,0.0,14000.0,0.4,30.8,0.2,0.2,0.2,1.8,4.9,3.8,0.1,0.0,0.2,10660.0,12000.0,8820.0,0.4,0.6,0.6,30.8,30.8,30.9
2026-05-21 03:00:00,Pamekasan,0.18,2.2,0.0,11300.0,0.3,30.8,0.2,0.2,0.2,2.6,1.8,4.9,0.0,0.1,0.0,14000.0,10660.0,12000.0,0.4,0.4,0.6,30.8,30.8,30.8
2026-05-21 04:00:00,Pamekasan,0.18,4.3,0.0,11880.0,0.3,30.8,0.18,0.2,0.2,2.2,2.6,1.8,0.0,0.0,0.1,11300.0,14000.0,10660.0,0.3,0.4,0.4,30.8,30.8,30.8
2026-05-21 05:00:00,Pamekasan,0.18,6.4,0.0,12280.0,0.3,30.8,0.18,0.18,0.2,4.3,2.2,2.6,0.0,0.0,0.0,11880.0,11300.0,14000.0,0.3,0.3,0.4,30.8,30.8,30.8
2026-05-21 06:00:00,Pamekasan,0.18,8.1,0.0,12860.0,0.3,30.8,0.18,0.18,0.18,6.4,4.3,2.2,0.0,0.0,0.0,12280.0,11880.0,11300.0,0.3,0.3,0.3,30.8,30.8,30.8
2026-05-21 07:00:00,Pamekasan,0.18,9.2,0.0,17920.0,0.3,30.8,0.18,0.18,0.18,8.1,6.4,4.3,0.0,0.0,0.0,12860.0,12280.0,11880.0,0.3,0.3,0.3,30.8,30.8,30.8
2026-05-21 08:00:00,Pamekasan,0.18,12.2,0.0,13340.0,0.4,30.8,0.18,0.18,0.18,9.2,8.1,6.4,0.0,0.0,0.0,17920.0,12860.0,12280.0,0.3,0.3,0.3,30.8,30.8,30.8
2026-05-21 09:00:00,Pamekasan,0.18,10.9,0.0,14440.0,0.6,30.9,0.18,0.18,0.18,12.2,9.2,8.1,0.0,0.0,0.0,13340.0,17920.0,12860.0,0.4,0.3,0.3,30.8,30.8,30.8
2026-05-21 10:00:00,Pamekasan,0.18,12.7,0.2,8360.0,0.6,30.9,0.18,0.18,0.18,10.9,12.2,9.2,0.0,0.0,0.0,14440.0,13340.0,17920.0,0.6,0.4,0.3,30.9,30.8,30.8
2026-05-21 11:00:00,Pamekasan,0.18,9.1,0.1,13280.0,0.6,31.0,0.18,0.18,0.18,12.7,10.9,12.2,0.2,0.0,0.0,8360.0,14440.0,13340.0,0.6,0.6,0.4,30.9,30.9,30.8
2026-05-21 12:00:00,Pamekasan,0.18,7.6,0.0,6700.0,0.4,31.0,0.18,0.18,0.18,9.1,12.7,10.9,0.1,0.2,0.0,13280.0,8360.0,14440.0,0.6,0.6,0.6,31.0,30.9,30.9
2026-05-21 13:00:00,Pamekasan,0.18,6.1,0.3,5880.0,0.4,31.0,0.18,0.18,0.18,7.6,9.1,12.7,0.0,0.1,0.2,6700.0,13280.0,8360.0,0.4,0.6,0.6,31.0,31.0,30.9
2026-05-21 14:00:00,Pamekasan,0.18,5.7,0.2,10380.0,0.3,31.0,0.18,0.18,0.18,6.1,7.6,9.1,0.3,0.0,0.1,5880.0,6700.0,13280.0,0.4,0.4,0.6,31.0,31.0,31.0
2026-05-21 15:00:00,Pamekasan,0.16,8.3,0.8,4600.0,0.4,31.0,0.18,0.18,0.18,5.7,6.1,7.6,0.2,0.3,0.0,10380.0,5880.0,6700.0,0.3,0.4,0.4,31.0,31.0,31.0
2026-05-21 16:00:00,Pamekasan,0.16,4.3,0.5,6460.0,0.4,31.0,0.16,0.18,0.18,8.3,5.7,6.1,0.8,0.2,0.3,4600.0,10380.0,5880.0,0.4,0.3,0.4,31.0,31.0,31.0
2026-05-21 17:00:00,Pamekasan,0.16,6.0,0.3,8120.0,0.4,31.0,0.16,0.16,0.18,4.3,8.3,5.7,0.5,0.8,0.2,6460.0,4600.0,10380.0,0.4,0.4,0.3,31.0,31.0,31.0
2026-05-21 18:00:00,Pamekasan,0.14,2.1,0.1,9980.0,0.4,31.0,0.16,0.16,0.16,6.0,4.3,8.3,0.3,0.5,0.8,8120.0,6460.0,4600.0,0.4,0.4,0.4,31.0,31.0,31.0
2026-05-21 19:00:00,Pamekasan,0.14,2.4,0.0,13560.0,0.4,30.9,0.14,0.16,0.16,2.1,6.0,4.3,0.1,0.3,0.5,9980.0,8120.0,6460.0,0.4,0.4,0.4,31.0,31.0,31.0
2026-05-21 20:00:00,Pamekasan,0.14,3.3,0.0,12360.0,0.4,30.9,0.14,0.14,0.16,2.4,2.1,6.0,0.0,0.1,0.3,13560.0,9980.0,8120.0,0.4,0.4,0.4,30.9,31.0,31.0
2026-05-21 21:00:00,Pamekasan,0.14,2.8,0.0,14080.0,0.4,30.9,0.14,0.14,0.14,3.3,2.4,2.1,0.0,0.0,0.1,12360.0,13560.0,9980.0,0.4,0.4,0.4,30.9,30.9,31.0
2026-05-21 22:00:00,Pamekasan,0.14,4.0,0.0,10940.0,0.4,30.9,0.14,0.14,0.14,2.8,3.3,2.4,0.0,0.0,0.0,14080.0,12360.0,13560.0,0.4,0.4,0.4,30.9,30.9,30.9
2026-05-21 23:00:00,Pamekasan,0.14,8.1,0.1,7240.0,0.6,30.9,0.14,0.14,0.14,4.0,2.8,3.3,0.0,0.0,0.0,10940.0,14080.0,12360.0,0.4,0.4,0.4,30.9,30.9,30.9
2026-05-22 00:00:00,Pamekasan,0.14,4.3,0.1,10040.0,0.6,30.8,0.14,0.14,0.14,8.1,4.0,2.8,0.1,0.0,0.0,7240.0,10940.0,14080.0,0.6,0.4,0.4,30.9,30.9,30.9
2026-05-22 01:00:00,Pamekasan,0.14,5.6,0.0,12380.0,0.6,30.8,0.14,0.14,0.14,4.3,8.1,4.0,0.1,0.1,0.0,10040.0,7240.0,10940.0,0.6,0.6,0.4,30.8,30.9,30.9
2026-05-22 02:00:00,Pamekasan,0.14,4.4,0.0,11400.0,0.6,30.8,0.14,0.14,0.14,5.6,4.3,8.1,0.0,0.1,0.1,12380.0,10040.0,7240.0,0.6,0.6,0.6,30.8,30.8,30.9
2026-05-22 03:00:00,Pamekasan,0.12,6.9,0.0,11360.0,0.4,30.8,0.14,0.14,0.14,4.4,5.6,4.3,0.0,0.0,0.1,11400.0,12380.0,10040.0,0.6,0.6,0.6,30.8,30.8,30.8
2026-05-22 04:00:00,Pamekasan,0.12,5.7,0.0,12080.0,0.3,30.8,0.12,0.14,0.14,6.9,4.4,5.6,0.0,0.0,0.0,11360.0,11400.0,12380.0,0.4,0.6,0.6,30.8,30.8,30.8
2026-05-22 05:00:00,Pamekasan,0.12,5.5,0.0,12900.0,0.3,30.7,0.12,0.12,0.14,5.7,6.9,4.4,0.0,0.0,0.0,12080.0,11360.0,11400.0,0.3,0.4,0.6,30.8,30.8,30.8
2026-05-22 06:00:00,Pamekasan,0.14,5.1,0.0,10060.0,0.2,30.7,0.12,0.12,0.12,5.5,5.7,6.9,0.0,0.0,0.0,12900.0,12080.0,11360.0,0.3,0.3,0.4,30.7,30.8,30.8
2026-05-22 07:00:00,Pamekasan,0.14,9.8,0.7,4320.0,0.2,30.8,0.14,0.12,0.12,5.1,5.5,5.7,0.0,0.0,0.0,10060.0,12900.0,12080.0,0.2,0.3,0.3,30.7,30.7,30.8
2026-05-22 08:00:00,Pamekasan,0.14,7.6,0.3,8740.0,0.3,30.8,0.14,0.14,0.12,9.8,5.1,5.5,0.7,0.0,0.0,4320.0,10060.0,12900.0,0.2,0.2,0.3,30.8,30.7,30.7
2026-05-22 09:00:00,Pamekasan,0.14,8.2,0.1,9500.0,0.3,30.9,0.14,0.14,0.14,7.6,9.8,5.1,0.3,0.7,0.0,8740.0,4320.0,10060.0,0.3,0.2,0.2,30.8,30.8,30.7
2026-05-22 10:00:00,Pamekasan,0.14,13.6,0.1,5760.0,0.4,31.0,0.14,0.14,0.14,8.2,7.6,9.8,0.1,0.3,0.7,9500.0,8740.0,4320.0,0.3,0.3,0.2,30.9,30.8,30.8
2026-05-22 11:00:00,Pamekasan,0.14,11.6,0.1,18400.0,0.4,31.1,0.14,0.14,0.14,13.6,8.2,7.6,0.1,0.1,0.3,5760.0,9500.0,8740.0,0.4,0.3,0.3,31.0,30.9,30.8
2026-05-22 12:00:00,Pamekasan,0.16,11.5,0.0,11920.0,0.4,31.2,0.14,0.14,0.14,11.6,13.6,8.2,0.1,0.1,0.1,18400.0,5760.0,9500.0,0.4,0.4,0.3,31.1,31.0,30.9
2026-05-22 13:00:00,Pamekasan,0.16,11.0,0.1,10760.0,0.4,31.3,0.16,0.14,0.14,11.5,11.6,13.6,0.0,0.1,0.1,11920.0,18400.0,5760.0,0.4,0.4,0.4,31.2,31.1,31.0
2026-05-22 14:00:00,Pamekasan,0.18,12.7,0.0,14020.0,0.4,31.3,0.16,0.16,0.14,11.0,11.5,11.6,0.1,0.0,0.1,10760.0,11920.0,18400.0,0.4,0.4,0.4,31.3,31.2,31.1
2026-05-22 15:00:00,Pamekasan,0.18,14.8,0.0,24240.0,0.2,31.2,0.18,0.16,0.16,12.7,11.0,11.5,0.0,0.1,0.0,14020.0,10760.0,11920.0,0.4,0.4,0.4,31.3,31.3,31.2
2026-05-22 16:00:00,Pamekasan,0.2,14.9,0.0,13480.0,0.0,31.1,0.18,0.18,0.16,14.8,12.7,11.0,0.0,0.0,0.1,24240.0,14020.0,10760.0,0.2,0.4,0.4,31.2,31.3,31.3
2026-05-22 17:00:00,Pamekasan,0.2,12.4,0.0,13220.0,0.2,31.1,0.2,0.18,0.18,14.9,14.8,12.7,0.0,0.0,0.0,13480.0,24240.0,14020.0,0.0,0.2,0.4,31.1,31.2,31.3
2026-05-22 18:00:00,Pamekasan,0.18,10.5,0.1,9260.0,0.2,31.0,0.2,0.2,0.18,12.4,14.9,14.8,0.0,0.0,0.0,13220.0,13480.0,24240.0,0.2,0.0,0.2,31.1,31.1,31.2
2026-05-22 19:00:00,Pamekasan,0.18,10.7,0.1,9540.0,0.2,31.0,0.18,0.2,0.2,10.5,12.4,14.9,0.1,0.0,0.0,9260.0,13220.0,13480.0,0.2,0.2,0.0,31.0,31.1,31.1
2026-05-22 20:00:00,Pamekasan,0.18,8.8,0.2,6060.0,0.2,30.9,0.18,0.18,0.2,10.7,10.5,12.4,0.1,0.1,0.0,9540.0,9260.0,13220.0,0.2,0.2,0.2,31.0,31.0,31.1
2026-05-22 21:00:00,Pamekasan,0.16,9.0,0.5,4040.0,0.2,30.9,0.18,0.18,0.18,8.8,10.7,10.5,0.2,0.1,0.1,6060.0,9540.0,9260.0,0.2,0.2,0.2,30.9,31.0,31.0
2026-05-22 22:00:00,Pamekasan,0.16,3.0,0.5,5280.0,0.3,30.9,0.16,0.18,0.18,9.0,8.8,10.7,0.5,0.2,0.1,4040.0,6060.0,9540.0,0.2,0.2,0.2,30.9,30.9,31.0
2026-05-22 23:00:00,Pamekasan,0.16,3.8,1.2,3480.0,0.4,30.9,0.16,0.16,0.18,3.0,9.0,8.8,0.5,0.5,0.2,5280.0,4040.0,6060.0,0.3,0.2,0.2,30.9,30.9,30.9
2026-05-23 00:00:00,Pamekasan,0.14,2.7,0.5,6120.0,0.4,30.9,0.16,0.16,0.16,3.8,3.0,9.0,1.2,0.5,0.5,3480.0,5280.0,4040.0,0.4,0.3,0.2,30.9,30.9,30.9
2026-05-23 01:00:00,Pamekasan,0.14,4.7,0.1,9440.0,0.4,30.9,0.14,0.16,0.16,2.7,3.8,3.0,0.5,1.2,0.5,6120.0,3480.0,5280.0,0.4,0.4,0.3,30.9,30.9,30.9
2026-05-23 02:00:00,Pamekasan,0.14,2.3,0.0,11080.0,0.4,30.9,0.14,0.14,0.16,4.7,2.7,3.8,0.1,0.5,1.2,9440.0,6120.0,3480.0,0.4,0.4,0.4,30.9,30.9,30.9
2026-05-23 03:00:00,Pamekasan,0.14,2.1,0.0,13740.0,0.4,30.8,0.14,0.14,0.14,2.3,4.7,2.7,0.0,0.1,0.5,11080.0,9440.0,6120.0,0.4,0.4,0.4,30.9,30.9,30.9
2026-05-23 04:00:00,Pamekasan,0.14,2.7,0.0,12380.0,0.2,30.8,0.14,0.14,0.14,2.1,2.3,4.7,0.0,0.0,0.1,13740.0,11080.0,9440.0,0.4,0.4,0.4,30.8,30.9,30.9
2026-05-23 05:00:00,Pamekasan,0.14,1.5,0.0,12080.0,0.2,30.8,0.14,0.14,0.14,2.7,2.1,2.3,0.0,0.0,0.0,12380.0,13740.0,11080.0,0.2,0.4,0.4,30.8,30.8,30.9
2026-05-23 06:00:00,Pamekasan,0.14,2.3,0.0,11460.0,0.0,30.8,0.14,0.14,0.14,1.5,2.7,2.1,0.0,0.0,0.0,12080.0,12380.0,13740.0,0.2,0.2,0.4,30.8,30.8,30.8
2026-05-23 07:00:00,Pamekasan,0.14,3.1,0.0,12960.0,0.0,30.8,0.14,0.14,0.14,2.3,1.5,2.7,0.0,0.0,0.0,11460.0,12080.0,12380.0,0.0,0.2,0.2,30.8,30.8,30.8
2026-05-23 08:00:00,Pamekasan,0.14,4.6,0.0,13340.0,0.2,30.9,0.14,0.14,0.14,3.1,2.3,1.5,0.0,0.0,0.0,12960.0,11460.0,12080.0,0.0,0.0,0.2,30.8,30.8,30.8
2026-05-23 09:00:00,Pamekasan,0.14,7.5,0.1,8940.0,0.2,31.0,0.14,0.14,0.14,4.6,3.1,2.3,0.0,0.0,0.0,13340.0,12960.0,11460.0,0.2,0.0,0.0,30.9,30.8,30.8
2026-05-23 10:00:00,Pamekasan,0.14,9.0,0.1,10800.0,0.2,31.1,0.14,0.14,0.14,7.5,4.6,3.1,0.1,0.0,0.0,8940.0,13340.0,12960.0,0.2,0.2,0.0,31.0,30.9,30.8
2026-05-23 11:00:00,Pamekasan,0.14,9.4,0.1,9900.0,0.0,31.3,0.14,0.14,0.14,9.0,7.5,4.6,0.1,0.1,0.0,10800.0,8940.0,13340.0,0.2,0.2,0.2,31.1,31.0,30.9
2026-05-23 12:00:00,Pamekasan,0.12,8.4,0.0,17720.0,0.0,31.4,0.14,0.14,0.14,9.4,9.0,7.5,0.1,0.1,0.1,9900.0,10800.0,8940.0,0.0,0.2,0.2,31.3,31.1,31.0
2026-05-23 13:00:00,Pamekasan,0.12,10.1,0.0,22680.0,0.0,31.5,0.12,0.14,0.14,8.4,9.4,9.0,0.0,0.1,0.1,17720.0,9900.0,10800.0,0.0,0.0,0.2,31.4,31.3,31.1
2026-05-23 14:00:00,Pamekasan,0.12,11.1,0.0,24280.0,0.2,31.5,0.12,0.12,0.14,10.1,8.4,9.4,0.0,0.0,0.1,22680.0,17720.0,9900.0,0.0,0.0,0.0,31.5,31.4,31.3
2026-05-23 15:00:00,Pamekasan,0.1,11.9,0.0,24280.0,0.2,31.4,0.12,0.12,0.12,11.1,10.1,8.4,0.0,0.0,0.0,24280.0,22680.0,17720.0,0.2,0.0,0.0,31.5,31.5,31.4
2026-05-23 16:00:00,Pamekasan,0.1,13.0,0.0,21820.0,0.3,31.3,0.1,0.12,0.12,11.9,11.1,10.1,0.0,0.0,0.0,24280.0,24280.0,22680.0,0.2,0.2,0.0,31.4,31.5,31.5
2026-05-23 17:00:00,Pamekasan,0.1,10.2,0.0,10740.0,0.2,31.2,0.1,0.1,0.12,13.0,11.9,11.1,0.0,0.0,0.0,21820.0,24280.0,24280.0,0.3,0.2,0.2,31.3,31.4,31.5
2026-05-23 18:00:00,Pamekasan,0.1,8.3,0.1,13460.0,0.3,31.1,0.1,0.1,0.1,10.2,13.0,11.9,0.0,0.0,0.0,10740.0,21820.0,24280.0,0.2,0.3,0.2,31.2,31.3,31.4
2026-05-23 19:00:00,Pamekasan,0.1,3.1,0.0,15340.0,0.2,31.0,0.1,0.1,0.1,8.3,10.2,13.0,0.1,0.0,0.0,13460.0,10740.0,21820.0,0.3,0.2,0.3,31.1,31.2,31.3
2026-05-23 20:00:00,Pamekasan,0.1,1.7,0.0,15200.0,0.2,31.0,0.1,0.1,0.1,3.1,8.3,10.2,0.0,0.1,0.0,15340.0,13460.0,10740.0,0.2,0.3,0.2,31.0,31.1,31.2
2026-05-23 21:00:00,Pamekasan,0.1,1.8,0.0,15080.0,0.2,31.0,0.1,0.1,0.1,1.7,3.1,8.3,0.0,0.0,0.1,15200.0,15340.0,13460.0,0.2,0.2,0.3,31.0,31.0,31.1
2026-05-23 22:00:00,Pamekasan,0.1,2.3,0.0,14940.0,0.0,31.0,0.1,0.1,0.1,1.8,1.7,3.1,0.0,0.0,0.0,15080.0,15200.0,15340.0,0.2,0.2,0.2,31.0,31.0,31.0
2026-05-23 23:00:00,Pamekasan,0.12,1.9,0.0,13240.0,0.2,30.9,0.1,0.1,0.1,2.3,1.8,1.7,0.0,0.0,0.0,14940.0,15080.0,15200.0,0.0,0.2,0.2,31.0,31.0,31.0
2026-05-24 00:00:00,Pamekasan,0.12,0.9,0.0,11520.0,0.2,30.9,0.12,0.1,0.1,1.9,2.3,1.8,0.0,0.0,0.0,13240.0,14940.0,15080.0,0.2,0.0,0.2,30.9,31.0,31.0
2026-05-24 01:00:00,Pamekasan,0.14,0.9,0.0,9820.0,0.4,30.9,0.12,0.12,0.1,0.9,1.9,2.3,0.0,0.0,0.0,11520.0,13240.0,14940.0,0.2,0.2,0.0,30.9,30.9,31.0
2026-05-24 02:00:00,Pamekasan,0.14,2.1,0.0,7280.0,0.4,30.8,0.14,0.12,0.12,0.9,0.9,1.9,0.0,0.0,0.0,9820.0,11520.0,13240.0,0.4,0.2,0.2,30.9,30.9,30.9
2026-05-24 03:00:00,Pamekasan,0.14,4.0,0.0,4760.0,0.4,30.8,0.14,0.14,0.12,2.1,0.9,0.9,0.0,0.0,0.0,7280.0,9820.0,11520.0,0.4,0.4,0.2,30.8,30.9,30.9
2026-05-24 04:00:00,Pamekasan,0.14,5.0,0.0,2220.0,0.4,30.8,0.14,0.14,0.14,4.0,2.1,0.9,0.0,0.0,0.0,4760.0,7280.0,9820.0,0.4,0.4,0.4,30.8,30.8,30.9
2026-05-24 05:00:00,Pamekasan,0.14,4.7,0.0,5960.0,0.2,30.8,0.14,0.14,0.14,5.0,4.0,2.1,0.0,0.0,0.0,2220.0,4760.0,7280.0,0.4,0.4,0.4,30.8,30.8,30.8
2026-05-24 06:00:00,Pamekasan,0.14,3.8,0.0,9680.0,0.0,30.8,0.14,0.14,0.14,4.7,5.0,4.0,0.0,0.0,0.0,5960.0,2220.0,4760.0,0.2,0.4,0.4,30.8,30.8,30.8
2026-05-24 07:00:00,Pamekasan,0.14,2.4,0.0,13420.0,0.0,30.8,0.14,0.14,0.14,3.8,4.7,5.0,0.0,0.0,0.0,9680.0,5960.0,2220.0,0.0,0.2,0.4,30.8,30.8,30.8
2026-05-24 08:00:00,Pamekasan,0.14,1.5,0.1,11180.0,0.2,30.8,0.14,0.14,0.14,2.4,3.8,4.7,0.0,0.0,0.0,13420.0,9680.0,5960.0,0.0,0.0,0.2,30.8,30.8,30.8
2026-05-24 09:00:00,Pamekasan,0.14,5.2,0.1,8940.0,0.2,30.9,0.14,0.14,0.14,1.5,2.4,3.8,0.1,0.0,0.0,11180.0,13420.0,9680.0,0.2,0.0,0.0,30.8,30.8,30.8
2026-05-24 10:00:00,Pamekasan,0.14,7.2,0.1,6700.0,0.4,31.0,0.14,0.14,0.14,5.2,1.5,2.4,0.1,0.1,0.0,8940.0,11180.0,13420.0,0.2,0.2,0.0,30.9,30.8,30.8
2026-05-24 11:00:00,Pamekasan,0.14,5.9,0.3,7080.0,0.4,31.1,0.14,0.14,0.14,7.2,5.2,1.5,0.1,0.1,0.1,6700.0,8940.0,11180.0,0.4,0.2,0.2,31.0,30.9,30.8
2026-05-24 12:00:00,Pamekasan,0.12,4.7,0.3,7440.0,0.4,31.2,0.14,0.14,0.14,5.9,7.2,5.2,0.3,0.1,0.1,7080.0,6700.0,8940.0,0.4,0.4,0.2,31.1,31.0,30.9
2026-05-24 13:00:00,Pamekasan,0.12,5.8,0.3,7820.0,0.4,31.3,0.12,0.14,0.14,4.7,5.9,7.2,0.3,0.3,0.1,7440.0,7080.0,6700.0,0.4,0.4,0.4,31.2,31.1,31.0
2026-05-24 14:00:00,Pamekasan,0.12,6.1,0.4,6640.0,0.4,31.3,0.12,0.12,0.14,5.8,4.7,5.9,0.3,0.3,0.3,7820.0,7440.0,7080.0,0.4,0.4,0.4,31.3,31.2,31.1
2026-05-24 15:00:00,Pamekasan,0.1,5.9,0.4,5440.0,0.3,31.2,0.12,0.12,0.12,6.1,5.8,4.7,0.4,0.3,0.3,6640.0,7820.0,7440.0,0.4,0.4,0.4,31.3,31.3,31.2
2026-05-24 16:00:00,Pamekasan,0.1,5.4,0.4,4260.0,0.3,31.2,0.1,0.12,0.12,5.9,6.1,5.8,0.4,0.4,0.3,5440.0,6640.0,7820.0,0.3,0.4,0.4,31.2,31.3,31.3
2026-05-24 17:00:00,Pamekasan,0.1,4.1,0.2,5300.0,0.3,31.1,0.1,0.1,0.12,5.4,5.9,6.1,0.4,0.4,0.4,4260.0,5440.0,6640.0,0.3,0.3,0.4,31.2,31.2,31.3
2026-05-24 18:00:00,Pamekasan,0.1,2.6,0.2,6360.0,0.3,31.0,0.1,0.1,0.1,4.1,5.4,5.9,0.2,0.4,0.4,5300.0,4260.0,5440.0,0.3,0.3,0.3,31.1,31.2,31.2
2026-05-24 19:00:00,Pamekasan,0.1,1.5,0.2,7400.0,0.4,31.0,0.1,0.1,0.1,2.6,4.1,5.4,0.2,0.2,0.4,6360.0,5300.0,4260.0,0.3,0.3,0.3,31.0,31.1,31.2
2026-05-24 20:00:00,Pamekasan,0.1,0.9,0.3,7920.0,0.4,31.0,0.1,0.1,0.1,1.5,2.6,4.1,0.2,0.2,0.2,7400.0,6360.0,5300.0,0.4,0.3,0.3,31.0,31.0,31.1
2026-05-24 21:00:00,Pamekasan,0.08,2.9,0.3,8460.0,0.4,31.0,0.1,0.1,0.1,0.9,1.5,2.6,0.3,0.2,0.2,7920.0,7400.0,6360.0,0.4,0.4,0.3,31.0,31.0,31.0
2026-05-24 22:00:00,Pamekasan,0.08,4.5,0.3,8980.0,0.2,30.9,0.08,0.1,0.1,2.9,0.9,1.5,0.3,0.3,0.2,8460.0,7920.0,7400.0,0.4,0.4,0.4,31.0,31.0,31.0
2026-05-24 23:00:00,Pamekasan,0.08,4.5,0.0,6140.0,0.2,30.9,0.08,0.08,0.1,4.5,2.9,0.9,0.3,0.3,0.3,8980.0,8460.0,7920.0,0.2,0.4,0.4,30.9,31.0,31.0
2026-05-25 00:00:00,Pamekasan,0.1,3.6,0.0,3300.0,0.0,30.9,0.08,0.08,0.08,4.5,4.5,2.9,0.0,0.3,0.3,6140.0,8980.0,8460.0,0.2,0.2,0.4,30.9,30.9,31.0
2026-05-25 01:00:00,Pamekasan,0.1,2.7,0.0,460.0,0.0,30.9,0.1,0.08,0.08,3.6,4.5,4.5,0.0,0.0,0.3,3300.0,6140.0,8980.0,0.0,0.2,0.2,30.9,30.9,30.9
2026-05-25 02:00:00,Pamekasan,0.1,1.7,0.3,2100.0,0.3,30.9,0.1,0.1,0.08,2.7,3.6,4.5,0.0,0.0,0.0,460.0,3300.0,6140.0,0.0,0.0,0.2,30.9,30.9,30.9
2026-05-25 03:00:00,Pamekasan,0.12,1.5,0.3,3720.0,0.3,30.8,0.1,0.1,0.1,1.7,2.7,3.6,0.3,0.0,0.0,2100.0,460.0,3300.0,0.3,0.0,0.0,30.9,30.9,30.9
2026-05-25 04:00:00,Pamekasan,0.12,2.2,0.3,5360.0,0.3,30.8,0.12,0.1,0.1,1.5,1.7,2.7,0.3,0.3,0.0,3720.0,2100.0,460.0,0.3,0.3,0.0,30.8,30.9,30.9
2026-05-25 05:00:00,Pamekasan,0.12,2.9,0.0,8900.0,0.3,30.8,0.12,0.12,0.1,2.2,1.5,1.7,0.3,0.3,0.3,5360.0,3720.0,2100.0,0.3,0.3,0.3,30.8,30.8,30.9
2026-05-25 06:00:00,Pamekasan,0.1,3.8,0.0,12420.0,0.3,30.8,0.12,0.12,0.12,2.9,2.2,1.5,0.0,0.3,0.3,8900.0,5360.0,3720.0,0.3,0.3,0.3,30.8,30.8,30.8
2026-05-25 07:00:00,Pamekasan,0.1,3.9,0.0,15960.0,0.2,30.9,0.1,0.12,0.12,3.8,2.9,2.2,0.0,0.0,0.3,12420.0,8900.0,5360.0,0.3,0.3,0.3,30.8,30.8,30.8
2026-05-25 08:00:00,Pamekasan,0.1,2.3,0.0,16960.0,0.3,31.0,0.1,0.1,0.12,3.9,3.8,2.9,0.0,0.0,0.0,15960.0,12420.0,8900.0,0.2,0.3,0.3,30.9,30.8,30.8
2026-05-25 09:00:00,Pamekasan,0.1,3.1,0.0,17940.0,0.4,31.0,0.1,0.1,0.1,2.3,3.9,3.8,0.0,0.0,0.0,16960.0,15960.0,12420.0,0.3,0.2,0.3,31.0,30.9,30.8
2026-05-25 10:00:00,Pamekasan,0.1,4.7,0.0,18940.0,0.4,31.2,0.1,0.1,0.1,3.1,2.3,3.9,0.0,0.0,0.0,17940.0,16960.0,15960.0,0.4,0.3,0.2,31.0,31.0,30.9
2026-05-25 11:00:00,Pamekasan,0.1,4.0,0.1,14240.0,0.4,31.4,0.1,0.1,0.1,4.7,3.1,2.3,0.0,0.0,0.0,18940.0,17940.0,16960.0,0.4,0.4,0.3,31.2,31.0,31.0
2026-05-25 12:00:00,Pamekasan,0.1,3.1,0.1,9560.0,0.4,31.5,0.1,0.1,0.1,4.0,4.7,3.1,0.1,0.0,0.0,14240.0,18940.0,17940.0,0.4,0.4,0.4,31.4,31.2,31.0
2026-05-25 13:00:00,Pamekasan,0.1,3.6,0.1,4860.0,0.4,31.5,0.1,0.1,0.1,3.1,4.0,4.7,0.1,0.1,0.0,9560.0,14240.0,18940.0,0.4,0.4,0.4,31.5,31.4,31.2
2026-05-25 14:00:00,Pamekasan,0.1,4.1,0.7,5580.0,0.4,31.5,0.1,0.1,0.1,3.6,3.1,4.0,0.1,0.1,0.1,4860.0,9560.0,14240.0,0.4,0.4,0.4,31.5,31.5,31.4
2026-05-25 15:00:00,Pamekasan,0.1,4.5,0.7,6300.0,0.4,31.5,0.1,0.1,0.1,4.1,3.6,3.1,0.7,0.1,0.1,5580.0,4860.0,9560.0,0.4,0.4,0.4,31.5,31.5,31.5
2026-05-25 16:00:00,Pamekasan,0.1,4.8,0.7,7020.0,0.3,31.4,0.1,0.1,0.1,4.5,4.1,3.6,0.7,0.7,0.1,6300.0,5580.0,4860.0,0.4,0.4,0.4,31.5,31.5,31.5
2026-05-25 17:00:00,Pamekasan,0.1,4.4,0.1,8360.0,0.2,31.3,0.1,0.1,0.1,4.8,4.5,4.1,0.7,0.7,0.7,7020.0,6300.0,5580.0,0.3,0.4,0.4,31.4,31.5,31.5
2026-05-25 18:00:00,Pamekasan,0.1,3.6,0.1,9680.0,0.2,31.2,0.1,0.1,0.1,4.4,4.8,4.5,0.1,0.7,0.7,8360.0,7020.0,6300.0,0.2,0.3,0.4,31.3,31.4,31.5
2026-05-25 19:00:00,Pamekasan,0.1,3.2,0.1,11020.0,0.3,31.1,0.1,0.1,0.1,3.6,4.4,4.8,0.1,0.1,0.7,9680.0,8360.0,7020.0,0.2,0.2,0.3,31.2,31.3,31.4
2026-05-25 20:00:00,Pamekasan,0.1,3.1,0.2,9580.0,0.3,31.1,0.1,0.1,0.1,3.2,3.6,4.4,0.1,0.1,0.1,11020.0,9680.0,8360.0,0.3,0.2,0.2,31.1,31.2,31.3
2026-05-25 21:00:00,Pamekasan,0.12,3.0,0.2,8160.0,0.3,31.0,0.1,0.1,0.1,3.1,3.2,3.6,0.2,0.1,0.1,9580.0,11020.0,9680.0,0.3,0.3,0.2,31.1,31.1,31.2
2026-05-25 22:00:00,Pamekasan,0.12,2.7,0.2,6720.0,0.3,31.0,0.12,0.1,0.1,3.0,3.1,3.2,0.2,0.2,0.1,8160.0,9580.0,11020.0,0.3,0.3,0.3,31.0,31.1,31.1
2026-05-25 23:00:00,Pamekasan,0.12,1.5,0.0,7300.0,0.3,31.0,0.12,0.12,0.1,2.7,3.0,3.1,0.2,0.2,0.2,6720.0,8160.0,9580.0,0.3,0.3,0.3,31.0,31.0,31.1
2026-05-26 00:00:00,Pamekasan,0.14,0.3,0.0,7880.0,0.2,31.0,0.12,0.12,0.12,1.5,2.7,3.0,0.0,0.2,0.2,7300.0,6720.0,8160.0,0.3,0.3,0.3,31.0,31.0,31.0
2026-05-26 01:00:00,Pamekasan,0.14,1.3,0.0,8460.0,0.0,30.9,0.14,0.12,0.12,0.3,1.5,2.7,0.0,0.0,0.2,7880.0,7300.0,6720.0,0.2,0.3,0.3,31.0,31.0,31.0
2026-05-26 02:00:00,Pamekasan,0.14,3.1,0.0,8100.0,0.2,30.9,0.14,0.14,0.12,1.3,0.3,1.5,0.0,0.0,0.0,8460.0,7880.0,7300.0,0.0,0.2,0.3,30.9,31.0,31.0
2026-05-26 03:00:00,Pamekasan,0.14,2.8,0.0,6740.0,0.3,30.9,0.14,0.14,0.14,3.1,1.3,0.3,0.0,0.0,0.0,8100.0,8460.0,7880.0,0.2,0.0,0.2,30.9,30.9,31.0
2026-05-26 04:00:00,Pamekasan,0.14,2.3,0.0,5400.0,0.3,30.9,0.14,0.14,0.14,2.8,3.1,1.3,0.0,0.0,0.0,6740.0,8100.0,8460.0,0.3,0.2,0.0,30.9,30.9,30.9
2026-05-26 05:00:00,Pamekasan,0.14,1.9,0.0,4040.0,0.4,30.9,0.14,0.14,0.14,2.3,2.8,3.1,0.0,0.0,0.0,5400.0,6740.0,8100.0,0.3,0.3,0.2,30.9,30.9,30.9
2026-05-26 06:00:00,Pamekasan,0.14,2.1,0.0,2700.0,0.3,30.9,0.14,0.14,0.14,1.9,2.3,2.8,0.0,0.0,0.0,4040.0,5400.0,6740.0,0.4,0.3,0.3,30.9,30.9,30.9
2026-05-26 07:00:00,Pamekasan,0.14,2.5,0.0,1340.0,0.0,30.9,0.14,0.14,0.14,2.1,1.9,2.3,0.0,0.0,0.0,2700.0,4040.0,5400.0,0.3,0.4,0.3,30.9,30.9,30.9
2026-05-26 08:00:00,Pamekasan,0.14,3.4,0.0,5180.0,0.2,31.0,0.14,0.14,0.14,2.5,2.1,1.9,0.0,0.0,0.0,1340.0,2700.0,4040.0,0.0,0.3,0.4,30.9,30.9,30.9
2026-05-26 09:00:00,Pamekasan,0.12,5.0,0.0,9040.0,0.3,31.0,0.14,0.14,0.14,3.4,2.5,2.1,0.0,0.0,0.0,5180.0,1340.0,2700.0,0.2,0.0,0.3,31.0,30.9,30.9
2026-05-26 10:00:00,Pamekasan,0.12,7.2,0.0,12880.0,0.3,31.1,0.12,0.14,0.14,5.0,3.4,2.5,0.0,0.0,0.0,9040.0,5180.0,1340.0,0.3,0.2,0.0,31.0,31.0,30.9
2026-05-26 11:00:00,Pamekasan,0.12,9.4,0.0,16720.0,0.2,31.2,0.12,0.12,0.14,7.2,5.0,3.4,0.0,0.0,0.0,12880.0,9040.0,5180.0,0.3,0.3,0.2,31.1,31.0,31.0
2026-05-26 12:00:00,Pamekasan,0.1,11.3,0.0,20580.0,0.2,31.4,0.12,0.12,0.12,9.4,7.2,5.0,0.0,0.0,0.0,16720.0,12880.0,9040.0,0.2,0.3,0.3,31.2,31.1,31.0
2026-05-26 13:00:00,Pamekasan,0.1,12.4,0.0,24420.0,0.0,31.4,0.1,0.12,0.12,11.3,9.4,7.2,0.0,0.0,0.0,20580.0,16720.0,12880.0,0.2,0.2,0.3,31.4,31.2,31.1
2026-05-26 14:00:00,Pamekasan,0.1,12.8,0.0,22000.0,0.2,31.4,0.1,0.1,0.12,12.4,11.3,9.4,0.0,0.0,0.0,24420.0,20580.0,16720.0,0.0,0.2,0.2,31.4,31.4,31.2
2026-05-26 15:00:00,Pamekasan,0.12,12.7,0.0,19580.0,0.2,31.4,0.1,0.1,0.1,12.8,12.4,11.3,0.0,0.0,0.0,22000.0,24420.0,20580.0,0.2,0.0,0.2,31.4,31.4,31.4
2026-05-26 16:00:00,Pamekasan,0.12,12.1,0.0,17180.0,0.4,31.3,0.12,0.1,0.1,12.7,12.8,12.4,0.0,0.0,0.0,19580.0,22000.0,24420.0,0.2,0.2,0.0,31.4,31.4,31.4
2026-05-26 17:00:00,Pamekasan,0.12,11.4,0.0,14760.0,0.4,31.2,0.12,0.12,0.1,12.1,12.7,12.8,0.0,0.0,0.0,17180.0,19580.0,22000.0,0.4,0.2,0.2,31.3,31.4,31.4
2026-05-26 18:00:00,Pamekasan,0.14,10.3,0.0,12340.0,0.4,31.1,0.12,0.12,0.12,11.4,12.1,12.7,0.0,0.0,0.0,14760.0,17180.0,19580.0,0.4,0.4,0.2,31.2,31.3,31.4
2026-05-26 19:00:00,Pamekasan,0.14,8.9,0.0,9920.0,0.4,31.1,0.14,0.12,0.12,10.3,11.4,12.1,0.0,0.0,0.0,12340.0,14760.0,17180.0,0.4,0.4,0.4,31.1,31.2,31.3
2026-05-26 20:00:00,Pamekasan,0.16,7.0,0.1,8640.0,0.3,31.0,0.14,0.14,0.12,8.9,10.3,11.4,0.0,0.0,0.0,9920.0,12340.0,14760.0,0.4,0.4,0.4,31.1,31.1,31.2
2026-05-26 21:00:00,Pamekasan,0.18,4.4,0.1,7340.0,0.3,31.0,0.16,0.14,0.14,7.0,8.9,10.3,0.1,0.0,0.0,8640.0,9920.0,12340.0,0.3,0.4,0.4,31.0,31.1,31.1
2026-05-26 22:00:00,Pamekasan,0.2,1.7,0.1,6060.0,0.2,31.0,0.18,0.16,0.14,4.4,7.0,8.9,0.1,0.1,0.0,7340.0,8640.0,9920.0,0.3,0.3,0.4,31.0,31.0,31.1
2026-05-26 23:00:00,Pamekasan,0.2,1.5,0.1,4780.0,0.2,31.0,0.2,0.18,0.16,1.7,4.4,7.0,0.1,0.1,0.1,6060.0,7340.0,8640.0,0.2,0.3,0.3,31.0,31.0,31.0
2026-05-20 03:00:00,Pancer,1.74,6.3,0.0,17160.0,0.6,28.0,1.76,1.76,1.76,7.3,7.6,8.7,0.0,0.0,0.0,17160.0,16960.0,16060.0,0.7,0.7,0.7,28.0,28.1,28.1
2026-05-20 04:00:00,Pancer,1.74,6.5,0.0,17160.0,0.5,28.0,1.74,1.76,1.76,6.3,7.3,7.6,0.0,0.0,0.0,17160.0,17160.0,16960.0,0.6,0.7,0.7,28.0,28.0,28.1
2026-05-20 05:00:00,Pancer,1.74,5.8,0.0,17160.0,0.5,27.9,1.74,1.74,1.76,6.5,6.3,7.3,0.0,0.0,0.0,17160.0,17160.0,17160.0,0.5,0.6,0.7,28.0,28.0,28.0
2026-05-20 06:00:00,Pancer,1.72,7.9,0.0,19500.0,0.5,27.9,1.74,1.74,1.74,5.8,6.5,6.3,0.0,0.0,0.0,17160.0,17160.0,17160.0,0.5,0.5,0.6,27.9,28.0,28.0
2026-05-20 07:00:00,Pancer,1.72,8.9,0.0,22220.0,0.6,27.9,1.72,1.74,1.74,7.9,5.8,6.5,0.0,0.0,0.0,19500.0,17160.0,17160.0,0.5,0.5,0.5,27.9,27.9,28.0
2026-05-20 08:00:00,Pancer,1.72,9.0,0.0,22240.0,0.7,28.0,1.72,1.72,1.74,8.9,7.9,5.8,0.0,0.0,0.0,22220.0,19500.0,17160.0,0.6,0.5,0.5,27.9,27.9,27.9
2026-05-20 09:00:00,Pancer,1.7,7.9,0.0,14820.0,0.7,28.1,1.72,1.72,1.72,9.0,8.9,7.9,0.0,0.0,0.0,22240.0,22220.0,19500.0,0.7,0.6,0.5,28.0,27.9,27.9
2026-05-20 10:00:00,Pancer,1.7,6.7,0.0,13900.0,0.7,28.2,1.7,1.72,1.72,7.9,9.0,8.9,0.0,0.0,0.0,14820.0,22240.0,22220.0,0.7,0.7,0.6,28.1,28.0,27.9
2026-05-20 11:00:00,Pancer,1.68,9.2,0.1,6480.0,0.5,28.4,1.7,1.7,1.72,6.7,7.9,9.0,0.0,0.0,0.0,13900.0,14820.0,22240.0,0.7,0.7,0.7,28.2,28.1,28.0
2026-05-20 12:00:00,Pancer,1.66,13.1,0.3,7020.0,0.4,28.5,1.68,1.7,1.7,9.2,6.7,7.9,0.1,0.0,0.0,6480.0,13900.0,14820.0,0.5,0.7,0.7,28.4,28.2,28.1
2026-05-20 13:00:00,Pancer,1.64,17.5,0.1,9020.0,0.4,28.6,1.66,1.68,1.7,13.1,9.2,6.7,0.3,0.1,0.0,7020.0,6480.0,13900.0,0.4,0.5,0.7,28.5,28.4,28.2
2026-05-20 14:00:00,Pancer,1.62,17.8,0.2,5740.0,0.3,28.6,1.64,1.66,1.68,17.5,13.1,9.2,0.1,0.3,0.1,9020.0,7020.0,6480.0,0.4,0.4,0.5,28.6,28.5,28.4
2026-05-20 15:00:00,Pancer,1.62,11.2,1.1,3140.0,0.4,28.5,1.62,1.64,1.66,17.8,17.5,13.1,0.2,0.1,0.3,5740.0,9020.0,7020.0,0.3,0.4,0.4,28.6,28.6,28.5
2026-05-20 16:00:00,Pancer,1.6,9.6,1.5,4520.0,0.4,28.5,1.62,1.62,1.64,11.2,17.8,17.5,1.1,0.2,0.1,3140.0,5740.0,9020.0,0.4,0.3,0.4,28.5,28.6,28.6
2026-05-20 17:00:00,Pancer,1.58,6.1,0.2,9500.0,0.3,28.5,1.6,1.62,1.62,9.6,11.2,17.8,1.5,1.1,0.2,4520.0,3140.0,5740.0,0.4,0.4,0.3,28.5,28.5,28.6
2026-05-20 18:00:00,Pancer,1.58,6.6,0.0,12460.0,0.4,28.4,1.58,1.6,1.62,6.1,9.6,11.2,0.2,1.5,1.1,9500.0,4520.0,3140.0,0.3,0.4,0.4,28.5,28.5,28.5
2026-05-20 19:00:00,Pancer,1.56,6.8,0.0,13520.0,0.4,28.3,1.58,1.58,1.6,6.6,6.1,9.6,0.0,0.2,1.5,12460.0,9500.0,4520.0,0.4,0.3,0.4,28.4,28.5,28.5
2026-05-20 20:00:00,Pancer,1.54,6.8,0.0,10280.0,0.4,28.2,1.56,1.58,1.58,6.8,6.6,6.1,0.0,0.0,0.2,13520.0,12460.0,9500.0,0.4,0.4,0.3,28.3,28.4,28.5
2026-05-20 21:00:00,Pancer,1.54,7.3,0.0,10380.0,0.5,28.2,1.54,1.56,1.58,6.8,6.8,6.6,0.0,0.0,0.0,10280.0,13520.0,12460.0,0.4,0.4,0.4,28.2,28.3,28.4
2026-05-20 22:00:00,Pancer,1.52,6.2,0.0,10400.0,0.5,28.2,1.54,1.54,1.56,7.3,6.8,6.8,0.0,0.0,0.0,10380.0,10280.0,13520.0,0.5,0.4,0.4,28.2,28.2,28.3
2026-05-20 23:00:00,Pancer,1.5,5.1,0.0,10380.0,0.6,28.1,1.52,1.54,1.54,6.2,7.3,6.8,0.0,0.0,0.0,10400.0,10380.0,10280.0,0.5,0.5,0.4,28.2,28.2,28.2
2026-05-21 00:00:00,Pancer,1.48,4.1,0.0,10440.0,0.6,28.1,1.5,1.52,1.54,5.1,6.2,7.3,0.0,0.0,0.0,10380.0,10400.0,10380.0,0.6,0.5,0.5,28.1,28.2,28.2
2026-05-21 01:00:00,Pancer,1.46,3.4,0.0,10460.0,0.6,28.1,1.48,1.5,1.52,4.1,5.1,6.2,0.0,0.0,0.0,10440.0,10380.0,10400.0,0.6,0.6,0.5,28.1,28.1,28.2
2026-05-21 02:00:00,Pancer,1.46,2.9,0.0,14480.0,0.4,28.0,1.46,1.48,1.5,3.4,4.1,5.1,0.0,0.0,0.0,10460.0,10440.0,10380.0,0.6,0.6,0.6,28.1,28.1,28.1
2026-05-21 03:00:00,Pancer,1.46,2.0,0.0,14480.0,0.4,28.0,1.46,1.46,1.48,2.9,3.4,4.1,0.0,0.0,0.0,14480.0,10460.0,10440.0,0.4,0.6,0.6,28.0,28.1,28.1
2026-05-21 04:00:00,Pancer,1.46,3.3,0.0,14480.0,0.4,28.0,1.46,1.46,1.46,2.0,2.9,3.4,0.0,0.0,0.0,14480.0,14480.0,10460.0,0.4,0.4,0.6,28.0,28.0,28.1
2026-05-21 05:00:00,Pancer,1.46,4.0,0.0,14480.0,0.4,27.9,1.46,1.46,1.46,3.3,2.0,2.9,0.0,0.0,0.0,14480.0,14480.0,14480.0,0.4,0.4,0.4,28.0,28.0,28.0
2026-05-21 06:00:00,Pancer,1.44,6.0,0.0,14480.0,0.6,27.9,1.46,1.46,1.46,4.0,3.3,2.0,0.0,0.0,0.0,14480.0,14480.0,14480.0,0.4,0.4,0.4,27.9,28.0,28.0
2026-05-21 07:00:00,Pancer,1.44,6.2,0.0,19540.0,0.6,28.0,1.44,1.46,1.46,6.0,4.0,3.3,0.0,0.0,0.0,14480.0,14480.0,14480.0,0.6,0.4,0.4,27.9,27.9,28.0
2026-05-21 08:00:00,Pancer,1.44,9.3,0.0,22260.0,0.6,28.0,1.44,1.44,1.46,6.2,6.0,4.0,0.0,0.0,0.0,19540.0,14480.0,14480.0,0.6,0.6,0.4,28.0,27.9,27.9
2026-05-21 09:00:00,Pancer,1.42,11.8,0.0,8460.0,0.8,28.2,1.44,1.44,1.44,9.3,6.2,6.0,0.0,0.0,0.0,22260.0,19540.0,14480.0,0.6,0.6,0.6,28.0,28.0,27.9
2026-05-21 10:00:00,Pancer,1.42,10.9,0.2,7300.0,0.8,28.4,1.42,1.44,1.44,11.8,9.3,6.2,0.0,0.0,0.0,8460.0,22260.0,19540.0,0.8,0.6,0.6,28.2,28.0,28.0
2026-05-21 11:00:00,Pancer,1.42,10.0,0.5,4680.0,0.6,28.6,1.42,1.42,1.44,10.9,11.8,9.3,0.2,0.0,0.0,7300.0,8460.0,22260.0,0.8,0.8,0.6,28.4,28.2,28.0
2026-05-21 12:00:00,Pancer,1.42,9.1,0.2,22260.0,0.5,28.8,1.42,1.42,1.42,10.0,10.9,11.8,0.5,0.2,0.0,4680.0,7300.0,8460.0,0.6,0.8,0.8,28.6,28.4,28.2
2026-05-21 13:00:00,Pancer,1.42,9.0,0.0,9460.0,0.4,28.9,1.42,1.42,1.42,9.1,10.0,10.9,0.2,0.5,0.2,22260.0,4680.0,7300.0,0.5,0.6,0.8,28.8,28.6,28.4
2026-05-21 14:00:00,Pancer,1.42,6.2,0.2,5420.0,0.4,28.9,1.42,1.42,1.42,9.0,9.1,10.0,0.0,0.2,0.5,9460.0,22260.0,4680.0,0.4,0.5,0.6,28.9,28.8,28.6
2026-05-21 15:00:00,Pancer,1.42,7.0,0.5,4600.0,0.4,28.9,1.42,1.42,1.42,6.2,9.0,9.1,0.2,0.0,0.2,5420.0,9460.0,22260.0,0.4,0.4,0.5,28.9,28.9,28.8
2026-05-21 16:00:00,Pancer,1.42,9.9,0.2,7680.0,0.4,28.9,1.42,1.42,1.42,7.0,6.2,9.0,0.5,0.2,0.0,4600.0,5420.0,9460.0,0.4,0.4,0.4,28.9,28.9,28.9
2026-05-21 17:00:00,Pancer,1.42,7.0,0.2,4500.0,0.4,28.8,1.42,1.42,1.42,9.9,7.0,6.2,0.2,0.5,0.2,7680.0,4600.0,5420.0,0.4,0.4,0.4,28.9,28.9,28.9
2026-05-21 18:00:00,Pancer,1.42,5.4,1.1,1860.0,0.6,28.8,1.42,1.42,1.42,7.0,9.9,7.0,0.2,0.2,0.5,4500.0,7680.0,4600.0,0.4,0.4,0.4,28.8,28.9,28.9
2026-05-21 19:00:00,Pancer,1.42,6.5,0.1,3140.0,0.6,28.7,1.42,1.42,1.42,5.4,7.0,9.9,1.1,0.2,0.2,1860.0,4500.0,7680.0,0.6,0.4,0.4,28.8,28.8,28.9
2026-05-21 20:00:00,Pancer,1.42,3.3,0.0,8080.0,0.6,28.6,1.42,1.42,1.42,6.5,5.4,7.0,0.1,1.1,0.2,3140.0,1860.0,4500.0,0.6,0.6,0.4,28.7,28.8,28.8
2026-05-21 21:00:00,Pancer,1.42,1.9,0.0,1600.0,0.6,28.6,1.42,1.42,1.42,3.3,6.5,5.4,0.0,0.1,1.1,8080.0,3140.0,1860.0,0.6,0.6,0.6,28.6,28.7,28.8
2026-05-21 22:00:00,Pancer,1.42,1.2,0.0,640.0,0.6,28.5,1.42,1.42,1.42,1.9,3.3,6.5,0.0,0.0,0.1,1600.0,8080.0,3140.0,0.6,0.6,0.6,28.6,28.6,28.7
2026-05-21 23:00:00,Pancer,1.42,1.0,0.0,680.0,0.6,28.5,1.42,1.42,1.42,1.2,1.9,3.3,0.0,0.0,0.0,640.0,1600.0,8080.0,0.6,0.6,0.6,28.5,28.6,28.6
2026-05-22 00:00:00,Pancer,1.42,1.3,0.0,880.0,0.7,28.5,1.42,1.42,1.42,1.0,1.2,1.9,0.0,0.0,0.0,680.0,640.0,1600.0,0.6,0.6,0.6,28.5,28.5,28.6
2026-05-22 01:00:00,Pancer,1.42,2.7,0.0,1180.0,0.7,28.4,1.42,1.42,1.42,1.3,1.0,1.2,0.0,0.0,0.0,880.0,680.0,640.0,0.7,0.6,0.6,28.5,28.5,28.5
2026-05-22 02:00:00,Pancer,1.42,2.2,0.0,2520.0,0.7,28.4,1.42,1.42,1.42,2.7,1.3,1.0,0.0,0.0,0.0,1180.0,880.0,680.0,0.7,0.7,0.6,28.4,28.5,28.5
2026-05-22 03:00:00,Pancer,1.42,1.3,0.0,10880.0,0.7,28.3,1.42,1.42,1.42,2.2,2.7,1.3,0.0,0.0,0.0,2520.0,1180.0,880.0,0.7,0.7,0.7,28.4,28.4,28.5
2026-05-22 04:00:00,Pancer,1.42,3.1,0.0,1140.0,0.7,28.2,1.42,1.42,1.42,1.3,2.2,2.7,0.0,0.0,0.0,10880.0,2520.0,1180.0,0.7,0.7,0.7,28.3,28.4,28.4
2026-05-22 05:00:00,Pancer,1.4,2.7,0.1,1800.0,0.7,28.2,1.42,1.42,1.42,3.1,1.3,2.2,0.0,0.0,0.0,1140.0,10880.0,2520.0,0.7,0.7,0.7,28.2,28.3,28.4
2026-05-22 06:00:00,Pancer,1.4,5.7,0.0,1200.0,0.7,28.2,1.4,1.42,1.42,2.7,3.1,1.3,0.1,0.0,0.0,1800.0,1140.0,10880.0,0.7,0.7,0.7,28.2,28.2,28.3
2026-05-22 07:00:00,Pancer,1.38,3.7,0.1,9680.0,0.7,28.2,1.4,1.4,1.42,5.7,2.7,3.1,0.0,0.1,0.0,1200.0,1800.0,1140.0,0.7,0.7,0.7,28.2,28.2,28.2
2026-05-22 08:00:00,Pancer,1.38,3.4,0.0,9920.0,0.9,28.4,1.38,1.4,1.4,3.7,5.7,2.7,0.1,0.0,0.1,9680.0,1200.0,1800.0,0.7,0.7,0.7,28.2,28.2,28.2
2026-05-22 09:00:00,Pancer,1.36,5.0,0.2,5780.0,0.9,28.5,1.38,1.38,1.4,3.4,3.7,5.7,0.0,0.1,0.0,9920.0,9680.0,1200.0,0.9,0.7,0.7,28.4,28.2,28.2
2026-05-22 10:00:00,Pancer,1.36,9.2,0.4,4360.0,0.9,28.8,1.36,1.38,1.38,5.0,3.4,3.7,0.2,0.0,0.1,5780.0,9920.0,9680.0,0.9,0.9,0.7,28.5,28.4,28.2
2026-05-22 11:00:00,Pancer,1.36,7.7,0.3,6840.0,0.9,28.9,1.36,1.36,1.38,9.2,5.0,3.4,0.4,0.2,0.0,4360.0,5780.0,9920.0,0.9,0.9,0.9,28.8,28.5,28.4
2026-05-22 12:00:00,Pancer,1.34,8.1,0.2,11200.0,0.9,29.1,1.36,1.36,1.36,7.7,9.2,5.0,0.3,0.4,0.2,6840.0,4360.0,5780.0,0.9,0.9,0.9,28.9,28.8,28.5
2026-05-22 13:00:00,Pancer,1.34,9.4,0.2,6640.0,0.7,29.2,1.34,1.36,1.36,8.1,7.7,9.2,0.2,0.3,0.4,11200.0,6840.0,4360.0,0.9,0.9,0.9,29.1,28.9,28.8
2026-05-22 14:00:00,Pancer,1.34,10.4,0.2,12940.0,0.8,29.2,1.34,1.34,1.36,9.4,8.1,7.7,0.2,0.2,0.3,6640.0,11200.0,6840.0,0.7,0.9,0.9,29.2,29.1,28.9
2026-05-22 15:00:00,Pancer,1.32,10.8,0.0,22300.0,0.8,29.2,1.34,1.34,1.34,10.4,9.4,8.1,0.2,0.2,0.2,12940.0,6640.0,11200.0,0.8,0.7,0.9,29.2,29.2,29.1
2026-05-22 16:00:00,Pancer,1.32,10.3,0.0,20760.0,0.6,29.2,1.32,1.34,1.34,10.8,10.4,9.4,0.0,0.2,0.2,22300.0,12940.0,6640.0,0.8,0.8,0.7,29.2,29.2,29.2
2026-05-22 17:00:00,Pancer,1.32,10.4,0.0,13280.0,0.6,29.1,1.32,1.32,1.34,10.3,10.8,10.4,0.0,0.0,0.2,20760.0,22300.0,12940.0,0.6,0.8,0.8,29.2,29.2,29.2
2026-05-22 18:00:00,Pancer,1.3,10.0,0.1,9000.0,0.6,29.1,1.32,1.32,1.32,10.4,10.3,10.8,0.0,0.0,0.0,13280.0,20760.0,22300.0,0.6,0.6,0.8,29.1,29.2,29.2
2026-05-22 19:00:00,Pancer,1.3,9.5,0.2,7300.0,0.6,29.0,1.3,1.32,1.32,10.0,10.4,10.3,0.1,0.0,0.0,9000.0,13280.0,20760.0,0.6,0.6,0.6,29.1,29.1,29.2
2026-05-22 20:00:00,Pancer,1.3,8.0,0.2,7860.0,0.7,29.0,1.3,1.3,1.32,9.5,10.0,10.4,0.2,0.1,0.0,7300.0,9000.0,13280.0,0.6,0.6,0.6,29.0,29.1,29.1
2026-05-22 21:00:00,Pancer,1.3,7.8,0.1,9940.0,0.7,29.0,1.3,1.3,1.3,8.0,9.5,10.0,0.2,0.2,0.1,7860.0,7300.0,9000.0,0.7,0.6,0.6,29.0,29.0,29.1
2026-05-22 22:00:00,Pancer,1.3,7.5,0.0,12600.0,0.7,28.9,1.3,1.3,1.3,7.8,8.0,9.5,0.1,0.2,0.2,9940.0,7860.0,7300.0,0.7,0.7,0.6,29.0,29.0,29.0
2026-05-22 23:00:00,Pancer,1.3,6.4,0.0,13780.0,0.7,28.9,1.3,1.3,1.3,7.5,7.8,8.0,0.0,0.1,0.2,12600.0,9940.0,7860.0,0.7,0.7,0.7,28.9,29.0,29.0
2026-05-23 00:00:00,Pancer,1.28,5.4,0.0,10480.0,0.7,28.9,1.3,1.3,1.3,6.4,7.5,7.8,0.0,0.0,0.1,13780.0,12600.0,9940.0,0.7,0.7,0.7,28.9,28.9,29.0
2026-05-23 01:00:00,Pancer,1.28,5.1,0.0,2440.0,0.9,28.8,1.28,1.3,1.3,5.4,6.4,7.5,0.0,0.0,0.0,10480.0,13780.0,12600.0,0.7,0.7,0.7,28.9,28.9,28.9
2026-05-23 02:00:00,Pancer,1.28,4.7,0.0,1260.0,0.9,28.8,1.28,1.28,1.3,5.1,5.4,6.4,0.0,0.0,0.0,2440.0,10480.0,13780.0,0.9,0.7,0.7,28.8,28.9,28.9
2026-05-23 03:00:00,Pancer,1.26,3.8,0.0,760.0,1.0,28.7,1.28,1.28,1.28,4.7,5.1,5.4,0.0,0.0,0.0,1260.0,2440.0,10480.0,0.9,0.9,0.7,28.8,28.8,28.9
2026-05-23 04:00:00,Pancer,1.26,4.8,0.0,440.0,1.0,28.7,1.26,1.28,1.28,3.8,4.7,5.1,0.0,0.0,0.0,760.0,1260.0,2440.0,1.0,0.9,0.9,28.7,28.8,28.8
2026-05-23 05:00:00,Pancer,1.26,4.6,0.0,300.0,1.0,28.6,1.26,1.26,1.28,4.8,3.8,4.7,0.0,0.0,0.0,440.0,760.0,1260.0,1.0,1.0,0.9,28.7,28.7,28.8
2026-05-23 06:00:00,Pancer,1.24,4.8,0.0,280.0,1.0,28.6,1.26,1.26,1.26,4.6,4.8,3.8,0.0,0.0,0.0,300.0,440.0,760.0,1.0,1.0,1.0,28.6,28.7,28.7
2026-05-23 07:00:00,Pancer,1.24,5.4,0.0,10280.0,1.0,28.7,1.24,1.26,1.26,4.8,4.6,4.8,0.0,0.0,0.0,280.0,300.0,440.0,1.0,1.0,1.0,28.6,28.6,28.7
2026-05-23 08:00:00,Pancer,1.24,7.6,0.0,10980.0,1.1,28.8,1.24,1.24,1.26,5.4,4.8,4.6,0.0,0.0,0.0,10280.0,280.0,300.0,1.0,1.0,1.0,28.7,28.6,28.6
2026-05-23 09:00:00,Pancer,1.22,9.3,0.1,6380.0,1.1,29.0,1.24,1.24,1.24,7.6,5.4,4.8,0.0,0.0,0.0,10980.0,10280.0,280.0,1.1,1.0,1.0,28.8,28.7,28.6
2026-05-23 10:00:00,Pancer,1.22,10.2,0.3,9680.0,1.1,29.1,1.22,1.24,1.24,9.3,7.6,5.4,0.1,0.0,0.0,6380.0,10980.0,10280.0,1.1,1.1,1.0,29.0,28.8,28.7
2026-05-23 11:00:00,Pancer,1.22,14.3,0.0,15920.0,1.1,29.2,1.22,1.22,1.24,10.2,9.3,7.6,0.3,0.1,0.0,9680.0,6380.0,10980.0,1.1,1.1,1.1,29.1,29.0,28.8
2026-05-23 12:00:00,Pancer,1.2,11.1,0.5,4260.0,1.1,29.4,1.22,1.22,1.22,14.3,10.2,9.3,0.0,0.3,0.1,15920.0,9680.0,6380.0,1.1,1.1,1.1,29.2,29.1,29.0
2026-05-23 13:00:00,Pancer,1.2,9.7,0.2,19320.0,1.1,29.5,1.2,1.22,1.22,11.1,14.3,10.2,0.5,0.0,0.3,4260.0,15920.0,9680.0,1.1,1.1,1.1,29.4,29.2,29.1
2026-05-23 14:00:00,Pancer,1.2,12.2,0.0,21980.0,1.1,29.5,1.2,1.2,1.22,9.7,11.1,14.3,0.2,0.5,0.0,19320.0,4260.0,15920.0,1.1,1.1,1.1,29.5,29.4,29.2
2026-05-23 15:00:00,Pancer,1.2,11.6,0.0,22160.0,1.1,29.4,1.2,1.2,1.2,12.2,9.7,11.1,0.0,0.2,0.5,21980.0,19320.0,4260.0,1.1,1.1,1.1,29.5,29.5,29.4
2026-05-23 16:00:00,Pancer,1.2,13.4,0.0,17760.0,1.1,29.4,1.2,1.2,1.2,11.6,12.2,9.7,0.0,0.0,0.2,22160.0,21980.0,19320.0,1.1,1.1,1.1,29.4,29.5,29.5
2026-05-23 17:00:00,Pancer,1.2,9.4,0.0,11560.0,1.1,29.2,1.2,1.2,1.2,13.4,11.6,12.2,0.0,0.0,0.0,17760.0,22160.0,21980.0,1.1,1.1,1.1,29.4,29.4,29.5
2026-05-23 18:00:00,Pancer,1.18,4.4,0.2,5320.0,0.9,29.1,1.2,1.2,1.2,9.4,13.4,11.6,0.0,0.0,0.0,11560.0,17760.0,22160.0,1.1,1.1,1.1,29.2,29.4,29.4
2026-05-23 19:00:00,Pancer,1.18,4.9,0.4,5940.0,1.0,29.1,1.18,1.2,1.2,4.4,9.4,13.4,0.2,0.0,0.0,5320.0,11560.0,17760.0,0.9,1.1,1.1,29.1,29.2,29.4
2026-05-23 20:00:00,Pancer,1.18,5.5,0.1,7320.0,1.0,29.0,1.18,1.18,1.2,4.9,4.4,9.4,0.4,0.2,0.0,5940.0,5320.0,11560.0,1.0,0.9,1.1,29.1,29.1,29.2
2026-05-23 21:00:00,Pancer,1.16,6.4,0.1,8700.0,1.0,29.0,1.18,1.18,1.18,5.5,4.9,4.4,0.1,0.4,0.2,7320.0,5940.0,5320.0,1.0,1.0,0.9,29.0,29.1,29.1
2026-05-23 22:00:00,Pancer,1.16,6.9,0.1,10080.0,1.1,29.0,1.16,1.18,1.18,6.4,5.5,4.9,0.1,0.1,0.4,8700.0,7320.0,5940.0,1.0,1.0,1.0,29.0,29.0,29.1
2026-05-23 23:00:00,Pancer,1.16,6.6,0.0,10720.0,1.1,29.0,1.16,1.16,1.18,6.9,6.4,5.5,0.1,0.1,0.1,10080.0,8700.0,7320.0,1.1,1.0,1.0,29.0,29.0,29.0
2026-05-24 00:00:00,Pancer,1.16,6.3,0.0,11380.0,1.2,29.0,1.16,1.16,1.16,6.6,6.9,6.4,0.0,0.1,0.1,10720.0,10080.0,8700.0,1.1,1.1,1.0,29.0,29.0,29.0
2026-05-24 01:00:00,Pancer,1.16,6.1,0.0,12020.0,1.2,28.9,1.16,1.16,1.16,6.3,6.6,6.9,0.0,0.0,0.1,11380.0,10720.0,10080.0,1.2,1.1,1.1,29.0,29.0,29.0
2026-05-24 02:00:00,Pancer,1.16,6.5,0.0,10900.0,1.2,28.9,1.16,1.16,1.16,6.1,6.3,6.6,0.0,0.0,0.0,12020.0,11380.0,10720.0,1.2,1.2,1.1,28.9,29.0,29.0
2026-05-24 03:00:00,Pancer,1.16,7.0,0.0,9760.0,1.2,28.9,1.16,1.16,1.16,6.5,6.1,6.3,0.0,0.0,0.0,10900.0,12020.0,11380.0,1.2,1.2,1.2,28.9,28.9,29.0
2026-05-24 04:00:00,Pancer,1.16,7.6,0.0,8640.0,1.2,28.8,1.16,1.16,1.16,7.0,6.5,6.1,0.0,0.0,0.0,9760.0,10900.0,12020.0,1.2,1.2,1.2,28.9,28.9,28.9
2026-05-24 05:00:00,Pancer,1.16,7.8,0.0,10880.0,1.2,28.8,1.16,1.16,1.16,7.6,7.0,6.5,0.0,0.0,0.0,8640.0,9760.0,10900.0,1.2,1.2,1.2,28.8,28.9,28.9
2026-05-24 06:00:00,Pancer,1.16,7.8,0.0,13140.0,1.2,28.8,1.16,1.16,1.16,7.8,7.6,7.0,0.0,0.0,0.0,10880.0,8640.0,9760.0,1.2,1.2,1.2,28.8,28.8,28.9
2026-05-24 07:00:00,Pancer,1.16,7.3,0.0,15380.0,1.2,28.8,1.16,1.16,1.16,7.8,7.8,7.6,0.0,0.0,0.0,13140.0,10880.0,8640.0,1.2,1.2,1.2,28.8,28.8,28.8
2026-05-24 08:00:00,Pancer,1.16,7.0,0.1,13000.0,1.2,28.9,1.16,1.16,1.16,7.3,7.8,7.8,0.0,0.0,0.0,15380.0,13140.0,10880.0,1.2,1.2,1.2,28.8,28.8,28.8
2026-05-24 09:00:00,Pancer,1.16,10.2,0.1,10640.0,1.2,29.0,1.16,1.16,1.16,7.0,7.3,7.8,0.1,0.0,0.0,13000.0,15380.0,13140.0,1.2,1.2,1.2,28.9,28.8,28.8
2026-05-24 10:00:00,Pancer,1.16,13.8,0.1,8260.0,1.2,29.1,1.16,1.16,1.16,10.2,7.0,7.3,0.1,0.1,0.0,10640.0,13000.0,15380.0,1.2,1.2,1.2,29.0,28.9,28.8
2026-05-24 11:00:00,Pancer,1.16,14.8,0.0,12960.0,1.0,29.2,1.16,1.16,1.16,13.8,10.2,7.0,0.1,0.1,0.1,8260.0,10640.0,13000.0,1.2,1.2,1.2,29.1,29.0,28.9
2026-05-24 12:00:00,Pancer,1.16,14.3,0.0,17660.0,0.9,29.4,1.16,1.16,1.16,14.8,13.8,10.2,0.0,0.1,0.1,12960.0,8260.0,10640.0,1.0,1.2,1.2,29.2,29.1,29.0
2026-05-24 13:00:00,Pancer,1.16,14.1,0.0,22360.0,0.9,29.4,1.16,1.16,1.16,14.3,14.8,13.8,0.0,0.0,0.1,17660.0,12960.0,8260.0,0.9,1.0,1.2,29.4,29.2,29.1
2026-05-24 14:00:00,Pancer,1.16,16.0,0.0,18400.0,0.8,29.4,1.16,1.16,1.16,14.1,14.3,14.8,0.0,0.0,0.0,22360.0,17660.0,12960.0,0.9,0.9,1.0,29.4,29.4,29.2
2026-05-24 15:00:00,Pancer,1.18,18.1,0.0,14460.0,0.8,29.4,1.16,1.16,1.16,16.0,14.1,14.3,0.0,0.0,0.0,18400.0,22360.0,17660.0,0.8,0.9,0.9,29.4,29.4,29.4
2026-05-24 16:00:00,Pancer,1.18,18.0,0.0,10500.0,0.8,29.2,1.18,1.16,1.16,18.1,16.0,14.1,0.0,0.0,0.0,14460.0,18400.0,22360.0,0.8,0.8,0.9,29.4,29.4,29.4
2026-05-24 17:00:00,Pancer,1.2,13.5,0.9,9060.0,0.8,29.1,1.18,1.18,1.16,18.0,18.1,16.0,0.0,0.0,0.0,10500.0,14460.0,18400.0,0.8,0.8,0.8,29.2,29.4,29.4
2026-05-24 18:00:00,Pancer,1.2,8.8,0.9,7620.0,0.9,29.0,1.2,1.18,1.18,13.5,18.0,18.1,0.9,0.0,0.0,9060.0,10500.0,14460.0,0.8,0.8,0.8,29.1,29.2,29.4
2026-05-24 19:00:00,Pancer,1.22,8.9,0.9,6180.0,0.8,29.0,1.2,1.2,1.18,8.8,13.5,18.0,0.9,0.9,0.0,7620.0,9060.0,10500.0,0.9,0.8,0.8,29.0,29.1,29.2
2026-05-24 20:00:00,Pancer,1.24,8.8,0.1,5900.0,0.8,29.0,1.22,1.2,1.2,8.9,8.8,13.5,0.9,0.9,0.9,6180.0,7620.0,9060.0,0.8,0.9,0.8,29.0,29.0,29.1
2026-05-24 21:00:00,Pancer,1.24,7.3,0.1,5620.0,0.9,28.9,1.24,1.22,1.2,8.8,8.9,8.8,0.1,0.9,0.9,5900.0,6180.0,7620.0,0.8,0.8,0.9,29.0,29.0,29.0
2026-05-24 22:00:00,Pancer,1.26,6.5,0.1,5340.0,1.0,28.9,1.24,1.24,1.22,7.3,8.8,8.9,0.1,0.1,0.9,5620.0,5900.0,6180.0,0.9,0.8,0.8,28.9,29.0,29.0
2026-05-24 23:00:00,Pancer,1.28,6.9,0.5,5440.0,1.0,28.9,1.26,1.24,1.24,6.5,7.3,8.8,0.1,0.1,0.1,5340.0,5620.0,5900.0,1.0,0.9,0.8,28.9,28.9,29.0
2026-05-25 00:00:00,Pancer,1.28,7.7,0.5,5560.0,1.0,28.9,1.28,1.26,1.24,6.9,6.5,7.3,0.5,0.1,0.1,5440.0,5340.0,5620.0,1.0,1.0,0.9,28.9,28.9,28.9
2026-05-25 01:00:00,Pancer,1.3,8.4,0.5,5660.0,1.0,28.8,1.28,1.28,1.26,7.7,6.9,6.5,0.5,0.5,0.1,5560.0,5440.0,5340.0,1.0,1.0,1.0,28.9,28.9,28.9
2026-05-25 02:00:00,Pancer,1.32,9.2,0.0,7840.0,1.0,28.8,1.3,1.28,1.28,8.4,7.7,6.9,0.5,0.5,0.5,5660.0,5560.0,5440.0,1.0,1.0,1.0,28.8,28.9,28.9
2026-05-25 03:00:00,Pancer,1.34,9.7,0.0,10020.0,1.0,28.8,1.32,1.3,1.28,9.2,8.4,7.7,0.0,0.5,0.5,7840.0,5660.0,5560.0,1.0,1.0,1.0,28.8,28.8,28.9
2026-05-25 04:00:00,Pancer,1.36,9.6,0.0,12200.0,1.2,28.7,1.34,1.32,1.3,9.7,9.2,8.4,0.0,0.0,0.5,10020.0,7840.0,5660.0,1.0,1.0,1.0,28.8,28.8,28.8
2026-05-25 05:00:00,Pancer,1.36,8.5,0.0,13820.0,1.0,28.6,1.36,1.34,1.32,9.6,9.7,9.2,0.0,0.0,0.0,12200.0,10020.0,7840.0,1.2,1.0,1.0,28.7,28.8,28.8
2026-05-25 06:00:00,Pancer,1.38,6.7,0.0,15420.0,1.2,28.6,1.36,1.36,1.34,8.5,9.6,9.7,0.0,0.0,0.0,13820.0,12200.0,10020.0,1.0,1.2,1.0,28.6,28.7,28.8
2026-05-25 07:00:00,Pancer,1.38,5.2,0.0,17040.0,1.0,28.6,1.38,1.36,1.36,6.7,8.5,9.6,0.0,0.0,0.0,15420.0,13820.0,12200.0,1.2,1.0,1.2,28.6,28.6,28.7
2026-05-25 08:00:00,Pancer,1.4,4.5,0.0,16260.0,0.9,28.6,1.38,1.38,1.36,5.2,6.7,8.5,0.0,0.0,0.0,17040.0,15420.0,13820.0,1.0,1.2,1.0,28.6,28.6,28.6
2026-05-25 09:00:00,Pancer,1.4,6.8,0.0,15480.0,0.9,28.7,1.4,1.38,1.38,4.5,5.2,6.7,0.0,0.0,0.0,16260.0,17040.0,15420.0,0.9,1.0,1.2,28.6,28.6,28.6
2026-05-25 10:00:00,Pancer,1.42,9.9,0.0,14700.0,0.8,28.8,1.4,1.4,1.38,6.8,4.5,5.2,0.0,0.0,0.0,15480.0,16260.0,17040.0,0.9,0.9,1.0,28.7,28.6,28.6
2026-05-25 11:00:00,Pancer,1.44,11.8,0.0,17260.0,0.8,28.9,1.42,1.4,1.4,9.9,6.8,4.5,0.0,0.0,0.0,14700.0,15480.0,16260.0,0.8,0.9,0.9,28.8,28.7,28.6
2026-05-25 12:00:00,Pancer,1.44,13.6,0.0,19840.0,0.8,28.9,1.44,1.42,1.4,11.8,9.9,6.8,0.0,0.0,0.0,17260.0,14700.0,15480.0,0.8,0.8,0.9,28.9,28.8,28.7
2026-05-25 13:00:00,Pancer,1.46,14.0,0.0,22400.0,0.8,28.9,1.44,1.44,1.42,13.6,11.8,9.9,0.0,0.0,0.0,19840.0,17260.0,14700.0,0.8,0.8,0.8,28.9,28.9,28.8
2026-05-25 14:00:00,Pancer,1.48,11.6,0.0,16820.0,0.8,28.9,1.46,1.44,1.44,14.0,13.6,11.8,0.0,0.0,0.0,22400.0,19840.0,17260.0,0.8,0.8,0.8,28.9,28.9,28.9
2026-05-25 15:00:00,Pancer,1.5,8.7,0.0,11220.0,0.9,28.9,1.48,1.46,1.44,11.6,14.0,13.6,0.0,0.0,0.0,16820.0,22400.0,19840.0,0.8,0.8,0.8,28.9,28.9,28.9
2026-05-25 16:00:00,Pancer,1.52,8.9,0.0,5640.0,0.9,28.9,1.5,1.48,1.46,8.7,11.6,14.0,0.0,0.0,0.0,11220.0,16820.0,22400.0,0.9,0.8,0.8,28.9,28.9,28.9
2026-05-25 17:00:00,Pancer,1.52,9.9,0.2,5380.0,0.9,28.8,1.52,1.5,1.48,8.9,8.7,11.6,0.0,0.0,0.0,5640.0,11220.0,16820.0,0.9,0.9,0.8,28.9,28.9,28.9
2026-05-25 18:00:00,Pancer,1.54,10.6,0.2,5120.0,0.9,28.8,1.52,1.52,1.5,9.9,8.9,8.7,0.2,0.0,0.0,5380.0,5640.0,11220.0,0.9,0.9,0.9,28.8,28.9,28.9
2026-05-25 19:00:00,Pancer,1.54,10.9,0.2,4860.0,0.9,28.8,1.54,1.52,1.52,10.6,9.9,8.9,0.2,0.2,0.0,5120.0,5380.0,5640.0,0.9,0.9,0.9,28.8,28.8,28.9
2026-05-25 20:00:00,Pancer,1.54,10.7,0.1,6600.0,0.9,28.7,1.54,1.54,1.52,10.9,10.6,9.9,0.2,0.2,0.2,4860.0,5120.0,5380.0,0.9,0.9,0.9,28.8,28.8,28.8
2026-05-25 21:00:00,Pancer,1.56,9.9,0.1,8360.0,0.9,28.7,1.54,1.54,1.54,10.7,10.9,10.6,0.1,0.2,0.2,6600.0,4860.0,5120.0,0.9,0.9,0.9,28.7,28.8,28.8
2026-05-25 22:00:00,Pancer,1.56,9.4,0.1,10100.0,0.9,28.6,1.56,1.54,1.54,9.9,10.7,10.9,0.1,0.1,0.2,8360.0,6600.0,4860.0,0.9,0.9,0.9,28.7,28.7,28.8
2026-05-25 23:00:00,Pancer,1.56,9.1,0.0,12280.0,1.0,28.6,1.56,1.56,1.54,9.4,9.9,10.7,0.1,0.1,0.1,10100.0,8360.0,6600.0,0.9,0.9,0.9,28.6,28.7,28.7
2026-05-26 00:00:00,Pancer,1.56,9.1,0.0,14480.0,1.0,28.6,1.56,1.56,1.56,9.1,9.4,9.9,0.0,0.1,0.1,12280.0,10100.0,8360.0,1.0,0.9,0.9,28.6,28.6,28.7
2026-05-26 01:00:00,Pancer,1.56,9.0,0.0,16660.0,1.0,28.5,1.56,1.56,1.56,9.1,9.1,9.4,0.0,0.0,0.1,14480.0,12280.0,10100.0,1.0,1.0,0.9,28.6,28.6,28.6
2026-05-26 02:00:00,Pancer,1.56,9.2,0.0,12960.0,1.0,28.5,1.56,1.56,1.56,9.0,9.1,9.1,0.0,0.0,0.0,16660.0,14480.0,12280.0,1.0,1.0,1.0,28.5,28.6,28.6
2026-05-26 03:00:00,Pancer,1.56,10.4,0.0,13400.0,1.0,28.5,1.56,1.56,1.56,9.2,9.0,9.1,0.0,0.0,0.0,12960.0,16660.0,14480.0,1.0,1.0,1.0,28.5,28.5,28.6
2026-05-26 04:00:00,Pancer,1.56,11.5,0.0,13860.0,1.0,28.5,1.56,1.56,1.56,10.4,9.2,9.0,0.0,0.0,0.0,13400.0,12960.0,16660.0,1.0,1.0,1.0,28.5,28.5,28.5
2026-05-26 05:00:00,Pancer,1.56,12.5,0.0,14300.0,1.0,28.4,1.56,1.56,1.56,11.5,10.4,9.2,0.0,0.0,0.0,13860.0,13400.0,12960.0,1.0,1.0,1.0,28.5,28.5,28.5
2026-05-26 06:00:00,Pancer,1.58,12.9,0.0,14760.0,1.0,28.4,1.56,1.56,1.56,12.5,11.5,10.4,0.0,0.0,0.0,14300.0,13860.0,13400.0,1.0,1.0,1.0,28.4,28.5,28.5
2026-05-26 07:00:00,Pancer,1.58,12.8,0.0,15200.0,1.0,28.4,1.58,1.56,1.56,12.9,12.5,11.5,0.0,0.0,0.0,14760.0,14300.0,13860.0,1.0,1.0,1.0,28.4,28.4,28.5
2026-05-26 08:00:00,Pancer,1.6,11.9,0.1,14920.0,0.9,28.5,1.58,1.58,1.56,12.8,12.9,12.5,0.0,0.0,0.0,15200.0,14760.0,14300.0,1.0,1.0,1.0,28.4,28.4,28.4
2026-05-26 09:00:00,Pancer,1.6,11.1,0.1,14640.0,0.8,28.5,1.6,1.58,1.58,11.9,12.8,12.9,0.1,0.0,0.0,14920.0,15200.0,14760.0,0.9,1.0,1.0,28.5,28.4,28.4
2026-05-26 10:00:00,Pancer,1.62,11.9,0.1,14380.0,0.6,28.5,1.6,1.6,1.58,11.1,11.9,12.8,0.1,0.1,0.0,14640.0,14920.0,15200.0,0.8,0.9,1.0,28.5,28.5,28.4
2026-05-26 11:00:00,Pancer,1.64,14.2,0.1,14100.0,0.6,28.6,1.62,1.6,1.6,11.9,11.1,11.9,0.1,0.1,0.1,14380.0,14640.0,14920.0,0.6,0.8,0.9,28.5,28.5,28.5
2026-05-26 12:00:00,Pancer,1.66,16.7,0.1,13820.0,0.6,28.6,1.64,1.62,1.6,14.2,11.9,11.1,0.1,0.1,0.1,14100.0,14380.0,14640.0,0.6,0.6,0.8,28.6,28.5,28.5
2026-05-26 13:00:00,Pancer,1.68,18.2,0.1,13540.0,0.6,28.7,1.66,1.64,1.62,16.7,14.2,11.9,0.1,0.1,0.1,13820.0,14100.0,14380.0,0.6,0.6,0.6,28.6,28.6,28.5
2026-05-26 14:00:00,Pancer,1.7,18.1,0.2,12620.0,0.6,28.7,1.68,1.66,1.64,18.2,16.7,14.2,0.1,0.1,0.1,13540.0,13820.0,14100.0,0.6,0.6,0.6,28.7,28.6,28.6
2026-05-26 15:00:00,Pancer,1.7,16.9,0.2,11680.0,0.6,28.6,1.7,1.68,1.66,18.1,18.2,16.7,0.2,0.1,0.1,12620.0,13540.0,13820.0,0.6,0.6,0.6,28.7,28.7,28.6
2026-05-26 16:00:00,Pancer,1.72,15.3,0.2,10760.0,0.6,28.6,1.7,1.7,1.68,16.9,18.1,18.2,0.2,0.2,0.1,11680.0,12620.0,13540.0,0.6,0.6,0.6,28.6,28.7,28.7
2026-05-26 17:00:00,Pancer,1.72,13.8,0.2,9820.0,0.6,28.6,1.72,1.7,1.7,15.3,16.9,18.1,0.2,0.2,0.2,10760.0,11680.0,12620.0,0.6,0.6,0.6,28.6,28.6,28.7
2026-05-26 18:00:00,Pancer,1.74,13.0,0.2,8900.0,0.6,28.5,1.72,1.72,1.7,13.8,15.3,16.9,0.2,0.2,0.2,9820.0,10760.0,11680.0,0.6,0.6,0.6,28.6,28.6,28.6
2026-05-26 19:00:00,Pancer,1.74,12.7,0.2,7960.0,0.6,28.5,1.74,1.72,1.72,13.0,13.8,15.3,0.2,0.2,0.2,8900.0,9820.0,10760.0,0.6,0.6,0.6,28.5,28.6,28.6
2026-05-26 20:00:00,Pancer,1.74,12.4,0.1,8320.0,0.6,28.5,1.74,1.74,1.72,12.7,13.0,13.8,0.2,0.2,0.2,7960.0,8900.0,9820.0,0.6,0.6,0.6,28.5,28.5,28.6
2026-05-26 21:00:00,Pancer,1.76,12.2,0.1,8680.0,0.6,28.4,1.74,1.74,1.74,12.4,12.7,13.0,0.1,0.2,0.2,8320.0,7960.0,8900.0,0.6,0.6,0.6,28.5,28.5,28.5
2026-05-26 22:00:00,Pancer,1.76,11.9,0.1,9040.0,0.8,28.4,1.76,1.74,1.74,12.2,12.4,12.7,0.1,0.1,0.2,8680.0,8320.0,7960.0,0.6,0.6,0.6,28.4,28.5,28.5
2026-05-26 23:00:00,Pancer,1.76,11.4,0.1,9380.0,0.9,28.3,1.76,1.76,1.74,11.9,12.2,12.4,0.1,0.1,0.1,9040.0,8680.0,8320.0,0.8,0.6,0.6,28.4,28.4,28.5
2026-05-20 03:00:00,Pasuruan,0.04,3.6,0.0,17000.0,0.2,31.5,0.04,0.04,0.04,4.6,3.6,3.9,0.0,0.0,0.0,14840.0,13520.0,14820.0,0.3,0.3,0.3,31.5,31.5,31.5
2026-05-20 04:00:00,Pasuruan,0.04,3.8,0.0,7660.0,0.0,31.5,0.04,0.04,0.04,3.6,4.6,3.6,0.0,0.0,0.0,17000.0,14840.0,13520.0,0.2,0.3,0.3,31.5,31.5,31.5
2026-05-20 05:00:00,Pasuruan,0.04,4.4,0.0,2800.0,0.0,31.5,0.04,0.04,0.04,3.8,3.6,4.6,0.0,0.0,0.0,7660.0,17000.0,14840.0,0.0,0.2,0.3,31.5,31.5,31.5
2026-05-20 06:00:00,Pasuruan,0.04,5.0,0.0,1780.0,0.0,31.5,0.04,0.04,0.04,4.4,3.8,3.6,0.0,0.0,0.0,2800.0,7660.0,17000.0,0.0,0.0,0.2,31.5,31.5,31.5
2026-05-20 07:00:00,Pasuruan,0.04,4.5,0.0,18620.0,0.0,31.5,0.04,0.04,0.04,5.0,4.4,3.8,0.0,0.0,0.0,1780.0,2800.0,7660.0,0.0,0.0,0.0,31.5,31.5,31.5
2026-05-20 08:00:00,Pasuruan,0.04,1.4,0.1,6020.0,0.0,31.6,0.04,0.04,0.04,4.5,5.0,4.4,0.0,0.0,0.0,18620.0,1780.0,2800.0,0.0,0.0,0.0,31.5,31.5,31.5
2026-05-20 09:00:00,Pasuruan,0.04,6.3,0.2,13960.0,0.2,31.6,0.04,0.04,0.04,1.4,4.5,5.0,0.1,0.0,0.0,6020.0,18620.0,1780.0,0.0,0.0,0.0,31.6,31.5,31.5
2026-05-20 10:00:00,Pasuruan,0.04,7.7,0.0,15240.0,0.2,31.7,0.04,0.04,0.04,6.3,1.4,4.5,0.2,0.1,0.0,13960.0,6020.0,18620.0,0.2,0.0,0.0,31.6,31.6,31.5
2026-05-20 11:00:00,Pasuruan,0.04,10.9,0.0,23840.0,0.4,31.8,0.04,0.04,0.04,7.7,6.3,1.4,0.0,0.2,0.1,15240.0,13960.0,6020.0,0.2,0.2,0.0,31.7,31.6,31.6
2026-05-20 12:00:00,Pasuruan,0.04,12.2,0.0,23840.0,0.4,31.8,0.04,0.04,0.04,10.9,7.7,6.3,0.0,0.0,0.2,23840.0,15240.0,13960.0,0.4,0.2,0.2,31.8,31.7,31.6
2026-05-20 13:00:00,Pasuruan,0.04,11.7,0.0,16360.0,0.4,31.8,0.04,0.04,0.04,12.2,10.9,7.7,0.0,0.0,0.0,23840.0,23840.0,15240.0,0.4,0.4,0.2,31.8,31.8,31.7
2026-05-20 14:00:00,Pasuruan,0.06,13.0,0.1,8960.0,0.3,31.8,0.04,0.04,0.04,11.7,12.2,10.9,0.0,0.0,0.0,16360.0,23840.0,23840.0,0.4,0.4,0.4,31.8,31.8,31.8
2026-05-20 15:00:00,Pasuruan,0.1,13.4,0.2,5460.0,0.2,31.8,0.06,0.04,0.04,13.0,11.7,12.2,0.1,0.0,0.0,8960.0,16360.0,23840.0,0.3,0.4,0.4,31.8,31.8,31.8
2026-05-20 16:00:00,Pasuruan,0.12,14.2,0.8,2880.0,0.2,31.8,0.1,0.06,0.04,13.4,13.0,11.7,0.2,0.1,0.0,5460.0,8960.0,16360.0,0.2,0.3,0.4,31.8,31.8,31.8
2026-05-20 17:00:00,Pasuruan,0.14,7.6,0.8,4320.0,0.3,31.7,0.12,0.1,0.06,14.2,13.4,13.0,0.8,0.2,0.1,2880.0,5460.0,8960.0,0.2,0.2,0.3,31.8,31.8,31.8
2026-05-20 18:00:00,Pasuruan,0.16,8.9,0.4,7660.0,0.3,31.6,0.14,0.12,0.1,7.6,14.2,13.4,0.8,0.8,0.2,4320.0,2880.0,5460.0,0.3,0.2,0.2,31.7,31.8,31.8
2026-05-20 19:00:00,Pasuruan,0.18,2.9,0.0,10320.0,0.3,31.6,0.16,0.14,0.12,8.9,7.6,14.2,0.4,0.8,0.8,7660.0,4320.0,2880.0,0.3,0.3,0.2,31.6,31.7,31.8
2026-05-20 20:00:00,Pasuruan,0.18,3.7,0.3,5260.0,0.3,31.6,0.18,0.16,0.14,2.9,8.9,7.6,0.0,0.4,0.8,10320.0,7660.0,4320.0,0.3,0.3,0.3,31.6,31.6,31.7
2026-05-20 21:00:00,Pasuruan,0.18,4.2,0.3,5760.0,0.2,31.6,0.18,0.18,0.16,3.7,2.9,8.9,0.3,0.0,0.4,5260.0,10320.0,7660.0,0.3,0.3,0.3,31.6,31.6,31.6
2026-05-20 22:00:00,Pasuruan,0.18,2.7,0.1,9380.0,0.0,31.6,0.18,0.18,0.18,4.2,3.7,2.9,0.3,0.3,0.0,5760.0,5260.0,10320.0,0.2,0.3,0.3,31.6,31.6,31.6
2026-05-20 23:00:00,Pasuruan,0.18,3.0,0.0,6620.0,0.2,31.6,0.18,0.18,0.18,2.7,4.2,3.7,0.1,0.3,0.3,9380.0,5760.0,5260.0,0.0,0.2,0.3,31.6,31.6,31.6
2026-05-21 00:00:00,Pasuruan,0.18,3.1,0.2,3600.0,0.3,31.6,0.18,0.18,0.18,3.0,2.7,4.2,0.0,0.1,0.3,6620.0,9380.0,5760.0,0.2,0.0,0.2,31.6,31.6,31.6
2026-05-21 01:00:00,Pasuruan,0.18,5.4,0.3,2640.0,0.3,31.6,0.18,0.18,0.18,3.1,3.0,2.7,0.2,0.0,0.1,3600.0,6620.0,9380.0,0.3,0.2,0.0,31.6,31.6,31.6
2026-05-21 02:00:00,Pasuruan,0.18,5.2,0.2,2760.0,0.3,31.6,0.18,0.18,0.18,5.4,3.1,3.0,0.3,0.2,0.0,2640.0,3600.0,6620.0,0.3,0.3,0.2,31.6,31.6,31.6
2026-05-21 03:00:00,Pasuruan,0.18,4.6,0.1,3760.0,0.3,31.5,0.18,0.18,0.18,5.2,5.4,3.1,0.2,0.3,0.2,2760.0,2640.0,3600.0,0.3,0.3,0.3,31.6,31.6,31.6
2026-05-21 04:00:00,Pasuruan,0.18,4.0,0.0,4420.0,0.2,31.5,0.18,0.18,0.18,4.6,5.2,5.4,0.1,0.2,0.3,3760.0,2760.0,2640.0,0.3,0.3,0.3,31.5,31.6,31.6
2026-05-21 05:00:00,Pasuruan,0.18,3.4,0.0,3520.0,0.0,31.5,0.18,0.18,0.18,4.0,4.6,5.2,0.0,0.1,0.2,4420.0,3760.0,2760.0,0.2,0.3,0.3,31.5,31.5,31.6
2026-05-21 06:00:00,Pasuruan,0.16,5.2,0.0,4200.0,0.0,31.5,0.18,0.18,0.18,3.4,4.0,4.6,0.0,0.0,0.1,3520.0,4420.0,3760.0,0.0,0.2,0.3,31.5,31.5,31.5
2026-05-21 07:00:00,Pasuruan,0.16,5.9,0.0,17280.0,0.0,31.5,0.16,0.18,0.18,5.2,3.4,4.0,0.0,0.0,0.0,4200.0,3520.0,4420.0,0.0,0.0,0.2,31.5,31.5,31.5
2026-05-21 08:00:00,Pasuruan,0.16,2.2,0.1,7580.0,0.0,31.5,0.16,0.16,0.18,5.9,5.2,3.4,0.0,0.0,0.0,17280.0,4200.0,3520.0,0.0,0.0,0.0,31.5,31.5,31.5
2026-05-21 09:00:00,Pasuruan,0.16,3.6,0.2,9840.0,0.0,31.6,0.16,0.16,0.16,2.2,5.9,5.2,0.1,0.0,0.0,7580.0,17280.0,4200.0,0.0,0.0,0.0,31.5,31.5,31.5
2026-05-21 10:00:00,Pasuruan,0.16,6.5,0.2,10180.0,0.2,31.7,0.16,0.16,0.16,3.6,2.2,5.9,0.2,0.1,0.0,9840.0,7580.0,17280.0,0.0,0.0,0.0,31.6,31.5,31.5
2026-05-21 11:00:00,Pasuruan,0.16,10.8,0.4,6180.0,0.2,31.8,0.16,0.16,0.16,6.5,3.6,2.2,0.2,0.2,0.1,10180.0,9840.0,7580.0,0.2,0.0,0.0,31.7,31.6,31.5
2026-05-21 12:00:00,Pasuruan,0.14,6.9,0.2,7340.0,0.2,31.8,0.16,0.16,0.16,10.8,6.5,3.6,0.4,0.2,0.2,6180.0,10180.0,9840.0,0.2,0.2,0.0,31.8,31.7,31.6
2026-05-21 13:00:00,Pasuruan,0.14,5.3,0.4,5160.0,0.2,31.9,0.14,0.16,0.16,6.9,10.8,6.5,0.2,0.4,0.2,7340.0,6180.0,10180.0,0.2,0.2,0.2,31.8,31.8,31.7
2026-05-21 14:00:00,Pasuruan,0.14,6.4,0.7,4940.0,0.3,31.9,0.14,0.14,0.16,5.3,6.9,10.8,0.4,0.2,0.4,5160.0,7340.0,6180.0,0.2,0.2,0.2,31.9,31.8,31.8
2026-05-21 15:00:00,Pasuruan,0.14,4.4,0.4,5420.0,0.3,31.8,0.14,0.14,0.14,6.4,5.3,6.9,0.7,0.4,0.2,4940.0,5160.0,7340.0,0.3,0.2,0.2,31.9,31.9,31.8
2026-05-21 16:00:00,Pasuruan,0.14,4.9,0.3,10120.0,0.2,31.8,0.14,0.14,0.14,4.4,6.4,5.3,0.4,0.7,0.4,5420.0,4940.0,5160.0,0.3,0.3,0.2,31.8,31.9,31.9
2026-05-21 17:00:00,Pasuruan,0.14,4.7,0.0,15200.0,0.2,31.8,0.14,0.14,0.14,4.9,4.4,6.4,0.3,0.4,0.7,10120.0,5420.0,4940.0,0.2,0.3,0.3,31.8,31.8,31.9
2026-05-21 18:00:00,Pasuruan,0.14,3.6,0.0,18000.0,0.3,31.7,0.14,0.14,0.14,4.7,4.9,4.4,0.0,0.3,0.4,15200.0,10120.0,5420.0,0.2,0.2,0.3,31.8,31.8,31.8
2026-05-21 19:00:00,Pasuruan,0.14,7.7,0.0,8680.0,0.3,31.6,0.14,0.14,0.14,3.6,4.7,4.9,0.0,0.0,0.3,18000.0,15200.0,10120.0,0.3,0.2,0.2,31.7,31.8,31.8
2026-05-21 20:00:00,Pasuruan,0.14,2.5,0.1,10280.0,0.3,31.6,0.14,0.14,0.14,7.7,3.6,4.7,0.0,0.0,0.0,8680.0,18000.0,15200.0,0.3,0.3,0.2,31.6,31.7,31.8
2026-05-21 21:00:00,Pasuruan,0.12,1.3,0.0,9840.0,0.3,31.6,0.14,0.14,0.14,2.5,7.7,3.6,0.1,0.0,0.0,10280.0,8680.0,18000.0,0.3,0.3,0.3,31.6,31.6,31.7
2026-05-21 22:00:00,Pasuruan,0.12,3.3,0.0,2980.0,0.0,31.6,0.12,0.14,0.14,1.3,2.5,7.7,0.0,0.1,0.0,9840.0,10280.0,8680.0,0.3,0.3,0.3,31.6,31.6,31.6
2026-05-21 23:00:00,Pasuruan,0.12,3.2,0.0,1720.0,0.0,31.5,0.12,0.12,0.14,3.3,1.3,2.5,0.0,0.0,0.1,2980.0,9840.0,10280.0,0.0,0.3,0.3,31.6,31.6,31.6
2026-05-22 00:00:00,Pasuruan,0.12,1.7,0.0,1680.0,0.0,31.5,0.12,0.12,0.12,3.2,3.3,1.3,0.0,0.0,0.0,1720.0,2980.0,9840.0,0.0,0.0,0.3,31.5,31.6,31.6
2026-05-22 01:00:00,Pasuruan,0.12,2.2,0.0,2160.0,0.3,31.5,0.12,0.12,0.12,1.7,3.2,3.3,0.0,0.0,0.0,1680.0,1720.0,2980.0,0.0,0.0,0.0,31.5,31.5,31.6
2026-05-22 02:00:00,Pasuruan,0.12,2.4,0.0,4360.0,0.3,31.5,0.12,0.12,0.12,2.2,1.7,3.2,0.0,0.0,0.0,2160.0,1680.0,1720.0,0.3,0.0,0.0,31.5,31.5,31.5
2026-05-22 03:00:00,Pasuruan,0.12,1.8,0.0,14540.0,0.3,31.5,0.12,0.12,0.12,2.4,2.2,1.7,0.0,0.0,0.0,4360.0,2160.0,1680.0,0.3,0.3,0.0,31.5,31.5,31.5
2026-05-22 04:00:00,Pasuruan,0.12,2.3,0.0,15880.0,0.2,31.5,0.12,0.12,0.12,1.8,2.4,2.2,0.0,0.0,0.0,14540.0,4360.0,2160.0,0.3,0.3,0.3,31.5,31.5,31.5
2026-05-22 05:00:00,Pasuruan,0.12,4.6,0.0,16900.0,0.0,31.5,0.12,0.12,0.12,2.3,1.8,2.4,0.0,0.0,0.0,15880.0,14540.0,4360.0,0.2,0.3,0.3,31.5,31.5,31.5
2026-05-22 06:00:00,Pasuruan,0.1,3.5,0.0,17100.0,0.0,31.5,0.12,0.12,0.12,4.6,2.3,1.8,0.0,0.0,0.0,16900.0,15880.0,14540.0,0.0,0.2,0.3,31.5,31.5,31.5
2026-05-22 07:00:00,Pasuruan,0.1,0.2,0.0,19520.0,0.0,31.5,0.1,0.12,0.12,3.5,4.6,2.3,0.0,0.0,0.0,17100.0,16900.0,15880.0,0.0,0.0,0.2,31.5,31.5,31.5
2026-05-22 08:00:00,Pasuruan,0.1,1.0,0.0,21440.0,0.0,31.6,0.1,0.1,0.12,0.2,3.5,4.6,0.0,0.0,0.0,19520.0,17100.0,16900.0,0.0,0.0,0.0,31.5,31.5,31.5
2026-05-22 09:00:00,Pasuruan,0.1,1.5,0.0,19360.0,0.0,31.7,0.1,0.1,0.1,1.0,0.2,3.5,0.0,0.0,0.0,21440.0,19520.0,17100.0,0.0,0.0,0.0,31.6,31.5,31.5
2026-05-22 10:00:00,Pasuruan,0.1,3.6,0.0,21760.0,0.0,31.8,0.1,0.1,0.1,1.5,1.0,0.2,0.0,0.0,0.0,19360.0,21440.0,19520.0,0.0,0.0,0.0,31.7,31.6,31.5
2026-05-22 11:00:00,Pasuruan,0.1,7.7,0.0,21560.0,0.2,31.9,0.1,0.1,0.1,3.6,1.5,1.0,0.0,0.0,0.0,21760.0,19360.0,21440.0,0.0,0.0,0.0,31.8,31.7,31.6
2026-05-22 12:00:00,Pasuruan,0.1,13.1,0.0,23940.0,0.2,32.0,0.1,0.1,0.1,7.7,3.6,1.5,0.0,0.0,0.0,21560.0,21760.0,19360.0,0.2,0.0,0.0,31.9,31.8,31.7
2026-05-22 13:00:00,Pasuruan,0.1,12.8,0.0,8620.0,0.3,32.0,0.1,0.1,0.1,13.1,7.7,3.6,0.0,0.0,0.0,23940.0,21560.0,21760.0,0.2,0.2,0.0,32.0,31.9,31.8
2026-05-22 14:00:00,Pasuruan,0.1,10.7,1.5,3920.0,0.3,32.0,0.1,0.1,0.1,12.8,13.1,7.7,0.0,0.0,0.0,8620.0,23940.0,21560.0,0.3,0.2,0.2,32.0,32.0,31.9
2026-05-22 15:00:00,Pasuruan,0.1,6.6,0.5,5780.0,0.2,32.0,0.1,0.1,0.1,10.7,12.8,13.1,1.5,0.0,0.0,3920.0,8620.0,23940.0,0.3,0.3,0.2,32.0,32.0,32.0
2026-05-22 16:00:00,Pasuruan,0.1,7.4,0.2,10100.0,0.2,31.9,0.1,0.1,0.1,6.6,10.7,12.8,0.5,1.5,0.0,5780.0,3920.0,8620.0,0.2,0.3,0.3,32.0,32.0,32.0
2026-05-22 17:00:00,Pasuruan,0.1,7.2,0.0,11860.0,0.2,31.8,0.1,0.1,0.1,7.4,6.6,10.7,0.2,0.5,1.5,10100.0,5780.0,3920.0,0.2,0.2,0.3,31.9,32.0,32.0
2026-05-22 18:00:00,Pasuruan,0.12,8.6,0.0,13740.0,0.3,31.8,0.1,0.1,0.1,7.2,7.4,6.6,0.0,0.2,0.5,11860.0,10100.0,5780.0,0.2,0.2,0.2,31.8,31.9,32.0
2026-05-22 19:00:00,Pasuruan,0.12,5.1,0.0,18560.0,0.3,31.7,0.12,0.1,0.1,8.6,7.2,7.4,0.0,0.0,0.2,13740.0,11860.0,10100.0,0.3,0.2,0.2,31.8,31.8,31.9
2026-05-22 20:00:00,Pasuruan,0.12,2.4,0.0,16840.0,0.3,31.6,0.12,0.12,0.1,5.1,8.6,7.2,0.0,0.0,0.0,18560.0,13740.0,11860.0,0.3,0.3,0.2,31.7,31.8,31.8
2026-05-22 21:00:00,Pasuruan,0.12,5.4,0.0,4860.0,0.3,31.6,0.12,0.12,0.12,2.4,5.1,8.6,0.0,0.0,0.0,16840.0,18560.0,13740.0,0.3,0.3,0.3,31.6,31.7,31.8
2026-05-22 22:00:00,Pasuruan,0.12,10.9,0.0,7800.0,0.3,31.6,0.12,0.12,0.12,5.4,2.4,5.1,0.0,0.0,0.0,4860.0,16840.0,18560.0,0.3,0.3,0.3,31.6,31.6,31.7
2026-05-22 23:00:00,Pasuruan,0.12,9.3,0.0,11740.0,0.0,31.6,0.12,0.12,0.12,10.9,5.4,2.4,0.0,0.0,0.0,7800.0,4860.0,16840.0,0.3,0.3,0.3,31.6,31.6,31.6
2026-05-23 00:00:00,Pasuruan,0.14,5.1,0.0,3560.0,0.0,31.5,0.12,0.12,0.12,9.3,10.9,5.4,0.0,0.0,0.0,11740.0,7800.0,4860.0,0.0,0.3,0.3,31.6,31.6,31.6
2026-05-23 01:00:00,Pasuruan,0.14,4.4,0.0,2360.0,0.0,31.5,0.14,0.12,0.12,5.1,9.3,10.9,0.0,0.0,0.0,3560.0,11740.0,7800.0,0.0,0.0,0.3,31.5,31.6,31.6
2026-05-23 02:00:00,Pasuruan,0.14,3.8,0.0,1520.0,0.3,31.5,0.14,0.14,0.12,4.4,5.1,9.3,0.0,0.0,0.0,2360.0,3560.0,11740.0,0.0,0.0,0.0,31.5,31.5,31.6
2026-05-23 03:00:00,Pasuruan,0.12,4.7,0.0,940.0,0.3,31.5,0.14,0.14,0.14,3.8,4.4,5.1,0.0,0.0,0.0,1520.0,2360.0,3560.0,0.3,0.0,0.0,31.5,31.5,31.5
2026-05-23 04:00:00,Pasuruan,0.12,2.3,0.0,720.0,0.3,31.5,0.12,0.14,0.14,4.7,3.8,4.4,0.0,0.0,0.0,940.0,1520.0,2360.0,0.3,0.3,0.0,31.5,31.5,31.5
2026-05-23 05:00:00,Pasuruan,0.12,2.0,0.0,620.0,0.2,31.5,0.12,0.12,0.14,2.3,4.7,3.8,0.0,0.0,0.0,720.0,940.0,1520.0,0.3,0.3,0.3,31.5,31.5,31.5
2026-05-23 06:00:00,Pasuruan,0.12,3.7,0.0,580.0,0.2,31.5,0.12,0.12,0.12,2.0,2.3,4.7,0.0,0.0,0.0,620.0,720.0,940.0,0.2,0.3,0.3,31.5,31.5,31.5
2026-05-23 07:00:00,Pasuruan,0.12,2.8,0.0,3960.0,0.0,31.5,0.12,0.12,0.12,3.7,2.0,2.3,0.0,0.0,0.0,580.0,620.0,720.0,0.2,0.2,0.3,31.5,31.5,31.5
2026-05-23 08:00:00,Pasuruan,0.12,1.2,0.0,11380.0,0.0,31.6,0.12,0.12,0.12,2.8,3.7,2.0,0.0,0.0,0.0,3960.0,580.0,620.0,0.0,0.2,0.2,31.5,31.5,31.5
2026-05-23 09:00:00,Pasuruan,0.12,1.7,0.0,21800.0,0.0,31.7,0.12,0.12,0.12,1.2,2.8,3.7,0.0,0.0,0.0,11380.0,3960.0,580.0,0.0,0.0,0.2,31.6,31.5,31.5
2026-05-23 10:00:00,Pasuruan,0.12,3.9,0.0,24000.0,0.2,31.8,0.12,0.12,0.12,1.7,1.2,2.8,0.0,0.0,0.0,21800.0,11380.0,3960.0,0.0,0.0,0.0,31.7,31.6,31.5
2026-05-23 11:00:00,Pasuruan,0.12,6.5,0.0,24000.0,0.2,31.9,0.12,0.12,0.12,3.9,1.7,1.2,0.0,0.0,0.0,24000.0,21800.0,11380.0,0.2,0.0,0.0,31.8,31.7,31.6
2026-05-23 12:00:00,Pasuruan,0.12,7.6,0.0,24000.0,0.2,32.0,0.12,0.12,0.12,6.5,3.9,1.7,0.0,0.0,0.0,24000.0,24000.0,21800.0,0.2,0.2,0.0,31.9,31.8,31.7
2026-05-23 13:00:00,Pasuruan,0.12,10.3,0.0,14320.0,0.4,32.0,0.12,0.12,0.12,7.6,6.5,3.9,0.0,0.0,0.0,24000.0,24000.0,24000.0,0.2,0.2,0.2,32.0,31.9,31.8
2026-05-23 14:00:00,Pasuruan,0.12,12.6,0.1,15480.0,0.2,32.0,0.12,0.12,0.12,10.3,7.6,6.5,0.0,0.0,0.0,14320.0,24000.0,24000.0,0.4,0.2,0.2,32.0,32.0,31.9
2026-05-23 15:00:00,Pasuruan,0.12,12.6,1.8,2640.0,0.2,32.0,0.12,0.12,0.12,12.6,10.3,7.6,0.1,0.0,0.0,15480.0,14320.0,24000.0,0.2,0.4,0.2,32.0,32.0,32.0
2026-05-23 16:00:00,Pasuruan,0.12,8.7,0.7,5080.0,0.2,31.9,0.12,0.12,0.12,12.6,12.6,10.3,1.8,0.1,0.0,2640.0,15480.0,14320.0,0.2,0.2,0.4,32.0,32.0,32.0
2026-05-23 17:00:00,Pasuruan,0.12,7.3,0.6,10400.0,0.2,31.8,0.12,0.12,0.12,8.7,12.6,12.6,0.7,1.8,0.1,5080.0,2640.0,15480.0,0.2,0.2,0.2,31.9,32.0,32.0
2026-05-23 18:00:00,Pasuruan,0.1,5.3,0.0,13160.0,0.2,31.8,0.12,0.12,0.12,7.3,8.7,12.6,0.6,0.7,1.8,10400.0,5080.0,2640.0,0.2,0.2,0.2,31.8,31.9,32.0
2026-05-23 19:00:00,Pasuruan,0.1,1.1,0.0,12160.0,0.3,31.7,0.1,0.12,0.12,5.3,7.3,8.7,0.0,0.6,0.7,13160.0,10400.0,5080.0,0.2,0.2,0.2,31.8,31.8,31.9
2026-05-23 20:00:00,Pasuruan,0.1,3.1,0.0,10680.0,0.3,31.6,0.1,0.1,0.12,1.1,5.3,7.3,0.0,0.0,0.6,12160.0,13160.0,10400.0,0.3,0.2,0.2,31.7,31.8,31.8
2026-05-23 21:00:00,Pasuruan,0.1,5.1,0.0,9220.0,0.3,31.6,0.1,0.1,0.1,3.1,1.1,5.3,0.0,0.0,0.0,10680.0,12160.0,13160.0,0.3,0.3,0.2,31.6,31.7,31.8
2026-05-23 22:00:00,Pasuruan,0.1,6.3,0.0,7740.0,0.3,31.6,0.1,0.1,0.1,5.1,3.1,1.1,0.0,0.0,0.0,9220.0,10680.0,12160.0,0.3,0.3,0.3,31.6,31.6,31.7
2026-05-23 23:00:00,Pasuruan,0.1,5.9,0.0,8260.0,0.2,31.6,0.1,0.1,0.1,6.3,5.1,3.1,0.0,0.0,0.0,7740.0,9220.0,10680.0,0.3,0.3,0.3,31.6,31.6,31.6
2026-05-24 00:00:00,Pasuruan,0.08,4.6,0.0,8760.0,0.0,31.5,0.1,0.1,0.1,5.9,6.3,5.1,0.0,0.0,0.0,8260.0,7740.0,9220.0,0.2,0.3,0.3,31.6,31.6,31.6
2026-05-24 01:00:00,Pasuruan,0.08,3.4,0.0,9280.0,0.0,31.5,0.08,0.1,0.1,4.6,5.9,6.3,0.0,0.0,0.0,8760.0,8260.0,7740.0,0.0,0.2,0.3,31.5,31.6,31.6
2026-05-24 02:00:00,Pasuruan,0.08,2.6,0.0,9820.0,0.0,31.5,0.08,0.08,0.1,3.4,4.6,5.9,0.0,0.0,0.0,9280.0,8760.0,8260.0,0.0,0.0,0.2,31.5,31.5,31.6
2026-05-24 03:00:00,Pasuruan,0.08,2.0,0.0,10360.0,0.3,31.5,0.08,0.08,0.08,2.6,3.4,4.6,0.0,0.0,0.0,9820.0,9280.0,8760.0,0.0,0.0,0.0,31.5,31.5,31.5
2026-05-24 04:00:00,Pasuruan,0.08,1.7,0.0,10900.0,0.3,31.5,0.08,0.08,0.08,2.0,2.6,3.4,0.0,0.0,0.0,10360.0,9820.0,9280.0,0.3,0.0,0.0,31.5,31.5,31.5
2026-05-24 05:00:00,Pasuruan,0.08,2.1,0.0,13500.0,0.3,31.5,0.08,0.08,0.08,1.7,2.0,2.6,0.0,0.0,0.0,10900.0,10360.0,9820.0,0.3,0.3,0.0,31.5,31.5,31.5
2026-05-24 06:00:00,Pasuruan,0.08,3.1,0.0,16100.0,0.3,31.5,0.08,0.08,0.08,2.1,1.7,2.0,0.0,0.0,0.0,13500.0,10900.0,10360.0,0.3,0.3,0.3,31.5,31.5,31.5
2026-05-24 07:00:00,Pasuruan,0.08,3.5,0.0,18700.0,0.2,31.5,0.08,0.08,0.08,3.1,2.1,1.7,0.0,0.0,0.0,16100.0,13500.0,10900.0,0.3,0.3,0.3,31.5,31.5,31.5
2026-05-24 08:00:00,Pasuruan,0.08,2.7,0.0,19760.0,0.0,31.5,0.08,0.08,0.08,3.5,3.1,2.1,0.0,0.0,0.0,18700.0,16100.0,13500.0,0.2,0.3,0.3,31.5,31.5,31.5
2026-05-24 09:00:00,Pasuruan,0.06,1.7,0.0,20800.0,0.0,31.6,0.08,0.08,0.08,2.7,3.5,3.1,0.0,0.0,0.0,19760.0,18700.0,16100.0,0.0,0.2,0.3,31.5,31.5,31.5
2026-05-24 10:00:00,Pasuruan,0.06,0.9,0.0,21860.0,0.3,31.7,0.06,0.08,0.08,1.7,2.7,3.5,0.0,0.0,0.0,20800.0,19760.0,18700.0,0.0,0.0,0.2,31.6,31.5,31.5
2026-05-24 11:00:00,Pasuruan,0.06,2.5,0.0,22600.0,0.3,31.8,0.06,0.06,0.08,0.9,1.7,2.7,0.0,0.0,0.0,21860.0,20800.0,19760.0,0.3,0.0,0.0,31.7,31.6,31.5
2026-05-24 12:00:00,Pasuruan,0.06,5.1,0.0,23320.0,0.4,31.9,0.06,0.06,0.06,2.5,0.9,1.7,0.0,0.0,0.0,22600.0,21860.0,20800.0,0.3,0.3,0.0,31.8,31.7,31.6
2026-05-24 13:00:00,Pasuruan,0.06,6.0,0.0,24060.0,0.4,31.9,0.06,0.06,0.06,5.1,2.5,0.9,0.0,0.0,0.0,23320.0,22600.0,21860.0,0.4,0.3,0.3,31.9,31.8,31.7
2026-05-24 14:00:00,Pasuruan,0.06,3.5,1.7,16920.0,0.4,31.9,0.06,0.06,0.06,6.0,5.1,2.5,0.0,0.0,0.0,24060.0,23320.0,22600.0,0.4,0.4,0.3,31.9,31.9,31.8
2026-05-24 15:00:00,Pasuruan,0.06,2.3,1.7,9780.0,0.4,31.9,0.06,0.06,0.06,3.5,6.0,5.1,1.7,0.0,0.0,16920.0,24060.0,23320.0,0.4,0.4,0.4,31.9,31.9,31.9
2026-05-24 16:00:00,Pasuruan,0.06,4.3,1.7,2640.0,0.2,31.8,0.06,0.06,0.06,2.3,3.5,6.0,1.7,1.7,0.0,9780.0,16920.0,24060.0,0.4,0.4,0.4,31.9,31.9,31.9
2026-05-24 17:00:00,Pasuruan,0.06,2.8,0.5,4760.0,0.2,31.8,0.06,0.06,0.06,4.3,2.3,3.5,1.7,1.7,1.7,2640.0,9780.0,16920.0,0.2,0.4,0.4,31.8,31.9,31.9
2026-05-24 18:00:00,Pasuruan,0.06,2.1,0.5,6900.0,0.2,31.7,0.06,0.06,0.06,2.8,4.3,2.3,0.5,1.7,1.7,4760.0,2640.0,9780.0,0.2,0.2,0.4,31.8,31.8,31.9
2026-05-24 19:00:00,Pasuruan,0.06,3.9,0.5,9020.0,0.0,31.6,0.06,0.06,0.06,2.1,2.8,4.3,0.5,0.5,1.7,6900.0,4760.0,2640.0,0.2,0.2,0.2,31.7,31.8,31.8
2026-05-24 20:00:00,Pasuruan,0.06,3.0,0.1,8540.0,0.0,31.6,0.06,0.06,0.06,3.9,2.1,2.8,0.5,0.5,0.5,9020.0,6900.0,4760.0,0.0,0.2,0.2,31.6,31.7,31.8
2026-05-24 21:00:00,Pasuruan,0.06,1.2,0.1,8080.0,0.0,31.6,0.06,0.06,0.06,3.0,3.9,2.1,0.1,0.5,0.5,8540.0,9020.0,6900.0,0.0,0.0,0.2,31.6,31.6,31.7
2026-05-24 22:00:00,Pasuruan,0.06,1.5,0.1,7600.0,0.0,31.6,0.06,0.06,0.06,1.2,3.0,3.9,0.1,0.1,0.5,8080.0,8540.0,9020.0,0.0,0.0,0.0,31.6,31.6,31.6
2026-05-24 23:00:00,Pasuruan,0.06,1.9,0.0,7600.0,0.0,31.5,0.06,0.06,0.06,1.5,1.2,3.0,0.1,0.1,0.1,7600.0,8080.0,8540.0,0.0,0.0,0.0,31.6,31.6,31.6
2026-05-25 00:00:00,Pasuruan,0.04,2.3,0.0,7620.0,0.0,31.5,0.06,0.06,0.06,1.9,1.5,1.2,0.0,0.1,0.1,7600.0,7600.0,8080.0,0.0,0.0,0.0,31.5,31.6,31.6
2026-05-25 01:00:00,Pasuruan,0.04,2.8,0.0,7620.0,0.0,31.5,0.04,0.06,0.06,2.3,1.9,1.5,0.0,0.0,0.1,7620.0,7600.0,7600.0,0.0,0.0,0.0,31.5,31.5,31.6
2026-05-25 02:00:00,Pasuruan,0.04,2.2,0.0,7800.0,0.0,31.5,0.04,0.04,0.06,2.8,2.3,1.9,0.0,0.0,0.0,7620.0,7620.0,7600.0,0.0,0.0,0.0,31.5,31.5,31.5
2026-05-25 03:00:00,Pasuruan,0.04,1.4,0.0,7980.0,0.2,31.5,0.04,0.04,0.04,2.2,2.8,2.3,0.0,0.0,0.0,7800.0,7620.0,7620.0,0.0,0.0,0.0,31.5,31.5,31.5
2026-05-25 04:00:00,Pasuruan,0.04,0.7,0.0,8160.0,0.3,31.5,0.04,0.04,0.04,1.4,2.2,2.8,0.0,0.0,0.0,7980.0,7800.0,7620.0,0.2,0.0,0.0,31.5,31.5,31.5
2026-05-25 05:00:00,Pasuruan,0.04,1.1,0.0,10220.0,0.3,31.5,0.04,0.04,0.04,0.7,1.4,2.2,0.0,0.0,0.0,8160.0,7980.0,7800.0,0.3,0.2,0.0,31.5,31.5,31.5
2026-05-25 06:00:00,Pasuruan,0.04,3.4,0.0,12260.0,0.3,31.5,0.04,0.04,0.04,1.1,0.7,1.4,0.0,0.0,0.0,10220.0,8160.0,7980.0,0.3,0.3,0.2,31.5,31.5,31.5
2026-05-25 07:00:00,Pasuruan,0.04,4.9,0.0,14320.0,0.3,31.5,0.04,0.04,0.04,3.4,1.1,0.7,0.0,0.0,0.0,12260.0,10220.0,8160.0,0.3,0.3,0.3,31.5,31.5,31.5
2026-05-25 08:00:00,Pasuruan,0.04,4.5,0.0,14580.0,0.2,31.5,0.04,0.04,0.04,4.9,3.4,1.1,0.0,0.0,0.0,14320.0,12260.0,10220.0,0.3,0.3,0.3,31.5,31.5,31.5
2026-05-25 09:00:00,Pasuruan,0.04,3.6,0.0,14820.0,0.0,31.6,0.04,0.04,0.04,4.5,4.9,3.4,0.0,0.0,0.0,14580.0,14320.0,12260.0,0.2,0.3,0.3,31.5,31.5,31.5
2026-05-25 10:00:00,Pasuruan,0.04,3.8,0.0,15080.0,0.0,31.7,0.04,0.04,0.04,3.6,4.5,4.9,0.0,0.0,0.0,14820.0,14580.0,14320.0,0.0,0.2,0.3,31.6,31.5,31.5
2026-05-25 11:00:00,Pasuruan,0.04,4.5,0.0,13460.0,0.2,31.8,0.04,0.04,0.04,3.8,3.6,4.5,0.0,0.0,0.0,15080.0,14820.0,14580.0,0.0,0.0,0.2,31.7,31.6,31.5
2026-05-25 12:00:00,Pasuruan,0.04,5.6,0.0,11860.0,0.2,31.8,0.04,0.04,0.04,4.5,3.8,3.6,0.0,0.0,0.0,13460.0,15080.0,14820.0,0.2,0.0,0.0,31.8,31.7,31.6
2026-05-25 13:00:00,Pasuruan,0.04,6.4,0.0,10240.0,0.4,31.9,0.04,0.04,0.04,5.6,4.5,3.8,0.0,0.0,0.0,11860.0,13460.0,15080.0,0.2,0.2,0.0,31.8,31.8,31.7
2026-05-25 14:00:00,Pasuruan,0.04,6.8,0.3,9600.0,0.2,31.9,0.04,0.04,0.04,6.4,5.6,4.5,0.0,0.0,0.0,10240.0,11860.0,13460.0,0.4,0.2,0.2,31.9,31.8,31.8
2026-05-25 15:00:00,Pasuruan,0.06,8.4,0.3,8960.0,0.2,31.8,0.04,0.04,0.04,6.8,6.4,5.6,0.3,0.0,0.0,9600.0,10240.0,11860.0,0.2,0.4,0.2,31.9,31.9,31.8
2026-05-25 16:00:00,Pasuruan,0.06,9.5,0.3,8320.0,0.2,31.8,0.06,0.04,0.04,8.4,6.8,6.4,0.3,0.3,0.0,8960.0,9600.0,10240.0,0.2,0.2,0.4,31.8,31.9,31.9
2026-05-25 17:00:00,Pasuruan,0.1,7.8,0.0,9500.0,0.2,31.7,0.06,0.06,0.04,9.5,8.4,6.8,0.3,0.3,0.3,8320.0,8960.0,9600.0,0.2,0.2,0.2,31.8,31.8,31.9
2026-05-25 18:00:00,Pasuruan,0.12,4.5,0.0,10680.0,0.0,31.6,0.1,0.06,0.06,7.8,9.5,8.4,0.0,0.3,0.3,9500.0,8320.0,8960.0,0.2,0.2,0.2,31.7,31.8,31.8
2026-05-25 19:00:00,Pasuruan,0.16,1.8,0.0,11860.0,0.0,31.6,0.12,0.1,0.06,4.5,7.8,9.5,0.0,0.0,0.3,10680.0,9500.0,8320.0,0.0,0.2,0.2,31.6,31.7,31.8
2026-05-25 20:00:00,Pasuruan,0.14,1.9,0.0,9960.0,0.0,31.6,0.16,0.12,0.1,1.8,4.5,7.8,0.0,0.0,0.0,11860.0,10680.0,9500.0,0.0,0.0,0.2,31.6,31.6,31.7
2026-05-25 21:00:00,Pasuruan,0.14,3.4,0.0,8080.0,0.0,31.5,0.14,0.16,0.12,1.9,1.8,4.5,0.0,0.0,0.0,9960.0,11860.0,10680.0,0.0,0.0,0.0,31.6,31.6,31.6
2026-05-25 22:00:00,Pasuruan,0.12,4.9,0.0,6180.0,0.0,31.5,0.14,0.14,0.16,3.4,1.9,1.8,0.0,0.0,0.0,8080.0,9960.0,11860.0,0.0,0.0,0.0,31.5,31.6,31.6
2026-05-25 23:00:00,Pasuruan,0.12,5.8,0.0,8480.0,0.0,31.5,0.12,0.14,0.14,4.9,3.4,1.9,0.0,0.0,0.0,6180.0,8080.0,9960.0,0.0,0.0,0.0,31.5,31.5,31.6
2026-05-26 00:00:00,Pasuruan,0.1,6.2,0.0,10780.0,0.0,31.5,0.12,0.12,0.14,5.8,4.9,3.4,0.0,0.0,0.0,8480.0,6180.0,8080.0,0.0,0.0,0.0,31.5,31.5,31.5
2026-05-26 01:00:00,Pasuruan,0.1,6.4,0.0,13080.0,0.0,31.5,0.1,0.12,0.12,6.2,5.8,4.9,0.0,0.0,0.0,10780.0,8480.0,6180.0,0.0,0.0,0.0,31.5,31.5,31.5
2026-05-26 02:00:00,Pasuruan,0.1,4.0,0.0,980.0,0.0,31.5,0.1,0.1,0.12,6.4,6.2,5.8,0.0,0.0,0.0,13080.0,10780.0,8480.0,0.0,0.0,0.0,31.5,31.5,31.5
2026-05-26 03:00:00,Pasuruan,0.08,3.9,0.0,1380.0,0.0,31.5,0.1,0.1,0.1,4.0,6.4,6.2,0.0,0.0,0.0,980.0,13080.0,10780.0,0.0,0.0,0.0,31.5,31.5,31.5
2026-05-26 04:00:00,Pasuruan,0.08,3.6,0.0,1780.0,0.2,31.5,0.08,0.1,0.1,3.9,4.0,6.4,0.0,0.0,0.0,1380.0,980.0,13080.0,0.0,0.0,0.0,31.5,31.5,31.5
2026-05-26 05:00:00,Pasuruan,0.08,3.3,0.0,2180.0,0.3,31.5,0.08,0.08,0.1,3.6,3.9,4.0,0.0,0.0,0.0,1780.0,1380.0,980.0,0.2,0.0,0.0,31.5,31.5,31.5
2026-05-26 06:00:00,Pasuruan,0.08,2.8,0.0,2580.0,0.3,31.5,0.08,0.08,0.08,3.3,3.6,3.9,0.0,0.0,0.0,2180.0,1780.0,1380.0,0.3,0.2,0.0,31.5,31.5,31.5
2026-05-26 07:00:00,Pasuruan,0.08,2.0,0.0,2980.0,0.3,31.5,0.08,0.08,0.08,2.8,3.3,3.6,0.0,0.0,0.0,2580.0,2180.0,1780.0,0.3,0.3,0.2,31.5,31.5,31.5
2026-05-26 08:00:00,Pasuruan,0.08,1.5,0.0,3780.0,0.2,31.5,0.08,0.08,0.08,2.0,2.8,3.3,0.0,0.0,0.0,2980.0,2580.0,2180.0,0.3,0.3,0.3,31.5,31.5,31.5
2026-05-26 09:00:00,Pasuruan,0.08,3.2,0.0,4580.0,0.0,31.6,0.08,0.08,0.08,1.5,2.0,2.8,0.0,0.0,0.0,3780.0,2980.0,2580.0,0.2,0.3,0.3,31.5,31.5,31.5
2026-05-26 10:00:00,Pasuruan,0.08,5.7,0.0,5380.0,0.0,31.7,0.08,0.08,0.08,3.2,1.5,2.0,0.0,0.0,0.0,4580.0,3780.0,2980.0,0.0,0.2,0.3,31.6,31.5,31.5
2026-05-26 11:00:00,Pasuruan,0.08,8.1,0.0,6180.0,0.2,31.8,0.08,0.08,0.08,5.7,3.2,1.5,0.0,0.0,0.0,5380.0,4580.0,3780.0,0.0,0.0,0.2,31.7,31.6,31.5
2026-05-26 12:00:00,Pasuruan,0.08,9.9,0.0,6980.0,0.4,31.9,0.08,0.08,0.08,8.1,5.7,3.2,0.0,0.0,0.0,6180.0,5380.0,4580.0,0.2,0.0,0.0,31.8,31.7,31.6
2026-05-26 13:00:00,Pasuruan,0.08,10.5,0.0,7780.0,0.4,31.9,0.08,0.08,0.08,9.9,8.1,5.7,0.0,0.0,0.0,6980.0,6180.0,5380.0,0.4,0.2,0.0,31.9,31.8,31.7
2026-05-26 14:00:00,Pasuruan,0.08,9.8,0.1,8800.0,0.4,31.9,0.08,0.08,0.08,10.5,9.9,8.1,0.0,0.0,0.0,7780.0,6980.0,6180.0,0.4,0.4,0.2,31.9,31.9,31.8
2026-05-26 15:00:00,Pasuruan,0.08,8.1,0.1,9820.0,0.4,31.9,0.08,0.08,0.08,9.8,10.5,9.9,0.1,0.0,0.0,8800.0,7780.0,6980.0,0.4,0.4,0.4,31.9,31.9,31.9
2026-05-26 16:00:00,Pasuruan,0.08,6.0,0.1,10860.0,0.4,31.9,0.08,0.08,0.08,8.1,9.8,10.5,0.1,0.1,0.0,9820.0,8800.0,7780.0,0.4,0.4,0.4,31.9,31.9,31.9
2026-05-26 17:00:00,Pasuruan,0.08,4.5,0.1,11880.0,0.2,31.8,0.08,0.08,0.08,6.0,8.1,9.8,0.1,0.1,0.1,10860.0,9820.0,8800.0,0.4,0.4,0.4,31.9,31.9,31.9
2026-05-26 18:00:00,Pasuruan,0.08,4.1,0.1,12900.0,0.2,31.8,0.08,0.08,0.08,4.5,6.0,8.1,0.1,0.1,0.1,11880.0,10860.0,9820.0,0.2,0.4,0.4,31.8,31.9,31.9
2026-05-26 19:00:00,Pasuruan,0.08,4.5,0.1,13920.0,0.0,31.7,0.08,0.08,0.08,4.1,4.5,6.0,0.1,0.1,0.1,12900.0,11880.0,10860.0,0.2,0.2,0.4,31.8,31.8,31.9
2026-05-26 20:00:00,Pasuruan,0.08,4.9,0.0,11740.0,0.0,31.6,0.08,0.08,0.08,4.5,4.1,4.5,0.1,0.1,0.1,13920.0,12900.0,11880.0,0.0,0.2,0.2,31.7,31.8,31.8
2026-05-26 21:00:00,Pasuruan,0.08,5.0,0.0,9540.0,0.0,31.6,0.08,0.08,0.08,4.9,4.5,4.1,0.0,0.1,0.1,11740.0,13920.0,12900.0,0.0,0.0,0.2,31.6,31.7,31.8
2026-05-26 22:00:00,Pasuruan,0.08,5.4,0.0,7360.0,0.0,31.6,0.08,0.08,0.08,5.0,4.9,4.5,0.0,0.0,0.1,9540.0,11740.0,13920.0,0.0,0.0,0.0,31.6,31.6,31.7
2026-05-26 23:00:00,Pasuruan,0.08,5.7,0.0,5180.0,0.0,31.6,0.08,0.08,0.08,5.4,5.0,4.9,0.0,0.0,0.0,7360.0,9540.0,11740.0,0.0,0.0,0.0,31.6,31.6,31.6
2026-05-20 03:00:00,Popoh,1.32,3.3,0.0,300.0,0.3,28.4,1.34,1.34,1.34,3.7,3.1,1.9,0.0,0.0,0.0,300.0,300.0,320.0,0.3,0.4,0.4,28.4,28.5,28.5
2026-05-20 04:00:00,Popoh,1.32,2.7,0.0,320.0,0.2,28.4,1.32,1.34,1.34,3.3,3.7,3.1,0.0,0.0,0.0,300.0,300.0,300.0,0.3,0.3,0.4,28.4,28.4,28.5
2026-05-20 05:00:00,Popoh,1.32,2.8,0.0,340.0,0.2,28.3,1.32,1.32,1.34,2.7,3.3,3.7,0.0,0.0,0.0,320.0,300.0,300.0,0.2,0.3,0.3,28.4,28.4,28.4
2026-05-20 06:00:00,Popoh,1.3,4.3,0.0,340.0,0.2,28.3,1.32,1.32,1.32,2.8,2.7,3.3,0.0,0.0,0.0,340.0,320.0,300.0,0.2,0.2,0.3,28.3,28.4,28.4
2026-05-20 07:00:00,Popoh,1.3,4.2,0.0,900.0,0.0,28.3,1.3,1.32,1.32,4.3,2.8,2.7,0.0,0.0,0.0,340.0,340.0,320.0,0.2,0.2,0.2,28.3,28.3,28.4
2026-05-20 08:00:00,Popoh,1.3,5.6,0.0,6560.0,0.0,28.4,1.3,1.3,1.32,4.2,4.3,2.8,0.0,0.0,0.0,900.0,340.0,340.0,0.0,0.2,0.2,28.3,28.3,28.3
2026-05-20 09:00:00,Popoh,1.28,7.0,0.0,12960.0,0.0,28.5,1.3,1.3,1.3,5.6,4.2,4.3,0.0,0.0,0.0,6560.0,900.0,340.0,0.0,0.0,0.2,28.4,28.3,28.3
2026-05-20 10:00:00,Popoh,1.28,9.3,0.0,15760.0,0.2,28.6,1.28,1.3,1.3,7.0,5.6,4.2,0.0,0.0,0.0,12960.0,6560.0,900.0,0.0,0.0,0.0,28.5,28.4,28.3
2026-05-20 11:00:00,Popoh,1.28,9.5,0.1,8460.0,0.4,28.7,1.28,1.28,1.3,9.3,7.0,5.6,0.0,0.0,0.0,15760.0,12960.0,6560.0,0.2,0.0,0.0,28.6,28.5,28.4
2026-05-20 12:00:00,Popoh,1.26,5.7,0.2,6240.0,0.5,28.8,1.28,1.28,1.28,9.5,9.3,7.0,0.1,0.0,0.0,8460.0,15760.0,12960.0,0.4,0.2,0.0,28.7,28.6,28.5
2026-05-20 13:00:00,Popoh,1.26,3.6,0.2,7260.0,0.5,28.9,1.26,1.28,1.28,5.7,9.5,9.3,0.2,0.1,0.0,6240.0,8460.0,15760.0,0.5,0.4,0.2,28.8,28.7,28.6
2026-05-20 14:00:00,Popoh,1.26,4.9,0.5,4800.0,0.5,28.9,1.26,1.26,1.28,3.6,5.7,9.5,0.2,0.2,0.1,7260.0,6240.0,8460.0,0.5,0.5,0.4,28.9,28.8,28.7
2026-05-20 15:00:00,Popoh,1.24,7.0,0.9,3500.0,0.7,28.9,1.26,1.26,1.26,4.9,3.6,5.7,0.5,0.2,0.2,4800.0,7260.0,6240.0,0.5,0.5,0.5,28.9,28.9,28.8
2026-05-20 16:00:00,Popoh,1.24,6.6,0.5,6420.0,0.7,28.8,1.24,1.26,1.26,7.0,4.9,3.6,0.9,0.5,0.2,3500.0,4800.0,7260.0,0.7,0.5,0.5,28.9,28.9,28.9
2026-05-20 17:00:00,Popoh,1.24,1.9,0.4,5000.0,0.7,28.8,1.24,1.24,1.26,6.6,7.0,4.9,0.5,0.9,0.5,6420.0,3500.0,4800.0,0.7,0.7,0.5,28.8,28.9,28.9
2026-05-20 18:00:00,Popoh,1.24,0.5,0.3,460.0,0.5,28.8,1.24,1.24,1.24,1.9,6.6,7.0,0.4,0.5,0.9,5000.0,6420.0,3500.0,0.7,0.7,0.7,28.8,28.8,28.9
2026-05-20 19:00:00,Popoh,1.24,2.6,0.1,1240.0,0.6,28.7,1.24,1.24,1.24,0.5,1.9,6.6,0.3,0.4,0.5,460.0,5000.0,6420.0,0.5,0.7,0.7,28.8,28.8,28.8
2026-05-20 20:00:00,Popoh,1.22,0.6,0.0,6100.0,0.6,28.7,1.24,1.24,1.24,2.6,0.5,1.9,0.1,0.3,0.4,1240.0,460.0,5000.0,0.6,0.5,0.7,28.7,28.8,28.8
2026-05-20 21:00:00,Popoh,1.22,0.6,0.0,6340.0,0.6,28.6,1.22,1.24,1.24,0.6,2.6,0.5,0.0,0.1,0.3,6100.0,1240.0,460.0,0.6,0.6,0.5,28.7,28.7,28.8
2026-05-20 22:00:00,Popoh,1.2,1.9,0.0,7700.0,0.5,28.6,1.22,1.22,1.24,0.6,0.6,2.6,0.0,0.0,0.1,6340.0,6100.0,1240.0,0.6,0.6,0.6,28.6,28.7,28.7
2026-05-20 23:00:00,Popoh,1.18,2.3,0.0,7900.0,0.5,28.6,1.2,1.22,1.22,1.9,0.6,0.6,0.0,0.0,0.0,7700.0,6340.0,6100.0,0.5,0.6,0.6,28.6,28.6,28.7
2026-05-21 00:00:00,Popoh,1.18,2.3,0.0,3560.0,0.5,28.6,1.18,1.2,1.22,2.3,1.9,0.6,0.0,0.0,0.0,7900.0,7700.0,6340.0,0.5,0.5,0.6,28.6,28.6,28.6
2026-05-21 01:00:00,Popoh,1.16,2.4,0.0,1520.0,0.5,28.5,1.18,1.18,1.2,2.3,2.3,1.9,0.0,0.0,0.0,3560.0,7900.0,7700.0,0.5,0.5,0.5,28.6,28.6,28.6
2026-05-21 02:00:00,Popoh,1.16,2.1,0.0,960.0,0.4,28.5,1.16,1.18,1.18,2.4,2.3,2.3,0.0,0.0,0.0,1520.0,3560.0,7900.0,0.5,0.5,0.5,28.5,28.6,28.6
2026-05-21 03:00:00,Popoh,1.16,1.8,0.0,720.0,0.4,28.5,1.16,1.16,1.18,2.1,2.4,2.3,0.0,0.0,0.0,960.0,1520.0,3560.0,0.4,0.5,0.5,28.5,28.5,28.6
2026-05-21 04:00:00,Popoh,1.16,2.8,0.0,760.0,0.4,28.4,1.16,1.16,1.16,1.8,2.1,2.4,0.0,0.0,0.0,720.0,960.0,1520.0,0.4,0.4,0.5,28.5,28.5,28.5
2026-05-21 05:00:00,Popoh,1.16,3.2,0.0,460.0,0.4,28.4,1.16,1.16,1.16,2.8,1.8,2.1,0.0,0.0,0.0,760.0,720.0,960.0,0.4,0.4,0.4,28.4,28.5,28.5
2026-05-21 06:00:00,Popoh,1.14,4.7,0.0,300.0,0.2,28.4,1.16,1.16,1.16,3.2,2.8,1.8,0.0,0.0,0.0,460.0,760.0,720.0,0.4,0.4,0.4,28.4,28.4,28.5
2026-05-21 07:00:00,Popoh,1.14,6.1,0.0,400.0,0.2,28.4,1.14,1.16,1.16,4.7,3.2,2.8,0.0,0.0,0.0,300.0,460.0,760.0,0.2,0.4,0.4,28.4,28.4,28.4
2026-05-21 08:00:00,Popoh,1.14,6.9,0.0,700.0,0.3,28.5,1.14,1.14,1.16,6.1,4.7,3.2,0.0,0.0,0.0,400.0,300.0,460.0,0.2,0.2,0.4,28.4,28.4,28.4
2026-05-21 09:00:00,Popoh,1.14,7.5,0.0,3400.0,0.3,28.6,1.14,1.14,1.14,6.9,6.1,4.7,0.0,0.0,0.0,700.0,400.0,300.0,0.3,0.2,0.2,28.5,28.4,28.4
2026-05-21 10:00:00,Popoh,1.14,8.8,0.0,6540.0,0.3,28.8,1.14,1.14,1.14,7.5,6.9,6.1,0.0,0.0,0.0,3400.0,700.0,400.0,0.3,0.3,0.2,28.6,28.5,28.4
2026-05-21 11:00:00,Popoh,1.14,9.2,0.0,12500.0,0.3,29.0,1.14,1.14,1.14,8.8,7.5,6.9,0.0,0.0,0.0,6540.0,3400.0,700.0,0.3,0.3,0.3,28.8,28.6,28.5
2026-05-21 12:00:00,Popoh,1.12,8.7,0.4,3900.0,0.3,29.1,1.14,1.14,1.14,9.2,8.8,7.5,0.0,0.0,0.0,12500.0,6540.0,3400.0,0.3,0.3,0.3,29.0,28.8,28.6
2026-05-21 13:00:00,Popoh,1.12,2.7,0.7,5440.0,0.4,29.2,1.12,1.14,1.14,8.7,9.2,8.8,0.4,0.0,0.0,3900.0,12500.0,6540.0,0.3,0.3,0.3,29.1,29.0,28.8
2026-05-21 14:00:00,Popoh,1.12,5.6,0.4,5400.0,0.4,29.2,1.12,1.12,1.14,2.7,8.7,9.2,0.7,0.4,0.0,5440.0,3900.0,12500.0,0.4,0.3,0.3,29.2,29.1,29.0
2026-05-21 15:00:00,Popoh,1.12,7.8,3.1,2880.0,0.4,29.2,1.12,1.12,1.12,5.6,2.7,8.7,0.4,0.7,0.4,5400.0,5440.0,3900.0,0.4,0.4,0.3,29.2,29.2,29.1
2026-05-21 16:00:00,Popoh,1.12,3.1,1.7,3360.0,0.4,29.2,1.12,1.12,1.12,7.8,5.6,2.7,3.1,0.4,0.7,2880.0,5400.0,5440.0,0.4,0.4,0.4,29.2,29.2,29.2
2026-05-21 17:00:00,Popoh,1.12,4.4,0.5,4400.0,0.4,29.1,1.12,1.12,1.12,3.1,7.8,5.6,1.7,3.1,0.4,3360.0,2880.0,5400.0,0.4,0.4,0.4,29.2,29.2,29.2
2026-05-21 18:00:00,Popoh,1.12,2.6,0.1,5940.0,0.4,29.1,1.12,1.12,1.12,4.4,3.1,7.8,0.5,1.7,3.1,4400.0,3360.0,2880.0,0.4,0.4,0.4,29.1,29.2,29.2
2026-05-21 19:00:00,Popoh,1.12,1.3,0.0,6900.0,0.3,29.0,1.12,1.12,1.12,2.6,4.4,3.1,0.1,0.5,1.7,5940.0,4400.0,3360.0,0.4,0.4,0.4,29.1,29.1,29.2
2026-05-21 20:00:00,Popoh,1.12,0.3,0.0,7800.0,0.3,29.0,1.12,1.12,1.12,1.3,2.6,4.4,0.0,0.1,0.5,6900.0,5940.0,4400.0,0.3,0.4,0.4,29.0,29.1,29.1
2026-05-21 21:00:00,Popoh,1.12,1.9,0.0,4060.0,0.3,29.0,1.12,1.12,1.12,0.3,1.3,2.6,0.0,0.0,0.1,7800.0,6900.0,5940.0,0.3,0.3,0.4,29.0,29.0,29.1
2026-05-21 22:00:00,Popoh,1.12,1.7,0.0,8100.0,0.3,28.9,1.12,1.12,1.12,1.9,0.3,1.3,0.0,0.0,0.0,4060.0,7800.0,6900.0,0.3,0.3,0.3,29.0,29.0,29.0
2026-05-21 23:00:00,Popoh,1.12,0.5,0.0,4800.0,0.2,28.8,1.12,1.12,1.12,1.7,1.9,0.3,0.0,0.0,0.0,8100.0,4060.0,7800.0,0.3,0.3,0.3,28.9,29.0,29.0
2026-05-22 00:00:00,Popoh,1.12,0.8,0.0,1480.0,0.2,28.7,1.12,1.12,1.12,0.5,1.7,1.9,0.0,0.0,0.0,4800.0,8100.0,4060.0,0.2,0.3,0.3,28.8,28.9,29.0
2026-05-22 01:00:00,Popoh,1.12,2.6,0.0,2260.0,0.2,28.6,1.12,1.12,1.12,0.8,0.5,1.7,0.0,0.0,0.0,1480.0,4800.0,8100.0,0.2,0.2,0.3,28.7,28.8,28.9
2026-05-22 02:00:00,Popoh,1.12,4.3,0.0,8120.0,0.2,28.6,1.12,1.12,1.12,2.6,0.8,0.5,0.0,0.0,0.0,2260.0,1480.0,4800.0,0.2,0.2,0.2,28.6,28.7,28.8
2026-05-22 03:00:00,Popoh,1.1,6.4,0.0,7900.0,0.4,28.5,1.12,1.12,1.12,4.3,2.6,0.8,0.0,0.0,0.0,8120.0,2260.0,1480.0,0.2,0.2,0.2,28.6,28.6,28.7
2026-05-22 04:00:00,Popoh,1.1,5.5,0.0,8180.0,0.4,28.5,1.1,1.12,1.12,6.4,4.3,2.6,0.0,0.0,0.0,7900.0,8120.0,2260.0,0.4,0.2,0.2,28.5,28.6,28.6
2026-05-22 05:00:00,Popoh,1.1,2.1,0.0,8100.0,0.4,28.4,1.1,1.1,1.12,5.5,6.4,4.3,0.0,0.0,0.0,8180.0,7900.0,8120.0,0.4,0.4,0.2,28.5,28.5,28.6
2026-05-22 06:00:00,Popoh,1.1,3.4,0.0,7560.0,0.4,28.4,1.1,1.1,1.1,2.1,5.5,6.4,0.0,0.0,0.0,8100.0,8180.0,7900.0,0.4,0.4,0.4,28.4,28.5,28.5
2026-05-22 07:00:00,Popoh,1.1,5.5,0.0,5200.0,0.4,28.4,1.1,1.1,1.1,3.4,2.1,5.5,0.0,0.0,0.0,7560.0,8100.0,8180.0,0.4,0.4,0.4,28.4,28.4,28.5
2026-05-22 08:00:00,Popoh,1.1,7.6,0.3,5060.0,0.4,28.5,1.1,1.1,1.1,5.5,3.4,2.1,0.0,0.0,0.0,5200.0,7560.0,8100.0,0.4,0.4,0.4,28.4,28.4,28.4
2026-05-22 09:00:00,Popoh,1.08,9.0,0.6,4260.0,0.4,28.6,1.1,1.1,1.1,7.6,5.5,3.4,0.3,0.0,0.0,5060.0,5200.0,7560.0,0.4,0.4,0.4,28.5,28.4,28.4
2026-05-22 10:00:00,Popoh,1.08,9.2,0.3,7500.0,0.4,28.8,1.08,1.1,1.1,9.0,7.6,5.5,0.6,0.3,0.0,4260.0,5060.0,5200.0,0.4,0.4,0.4,28.6,28.5,28.4
2026-05-22 11:00:00,Popoh,1.08,11.0,0.1,8740.0,0.4,29.0,1.08,1.08,1.1,9.2,9.0,7.6,0.3,0.6,0.3,7500.0,4260.0,5060.0,0.4,0.4,0.4,28.8,28.6,28.5
2026-05-22 12:00:00,Popoh,1.06,12.8,0.1,8920.0,0.4,29.1,1.08,1.08,1.08,11.0,9.2,9.0,0.1,0.3,0.6,8740.0,7500.0,4260.0,0.4,0.4,0.4,29.0,28.8,28.6
2026-05-22 13:00:00,Popoh,1.06,13.1,0.1,10860.0,0.4,29.2,1.06,1.08,1.08,12.8,11.0,9.2,0.1,0.1,0.3,8920.0,8740.0,7500.0,0.4,0.4,0.4,29.1,29.0,28.8
2026-05-22 14:00:00,Popoh,1.06,12.9,0.0,13640.0,0.5,29.2,1.06,1.06,1.08,13.1,12.8,11.0,0.1,0.1,0.1,10860.0,8920.0,8740.0,0.4,0.4,0.4,29.2,29.1,29.0
2026-05-22 15:00:00,Popoh,1.04,13.9,0.0,15780.0,0.5,29.2,1.06,1.06,1.06,12.9,13.1,12.8,0.0,0.1,0.1,13640.0,10860.0,8920.0,0.5,0.4,0.4,29.2,29.2,29.1
2026-05-22 16:00:00,Popoh,1.04,13.3,0.0,15140.0,0.6,29.2,1.04,1.06,1.06,13.9,12.9,13.1,0.0,0.0,0.1,15780.0,13640.0,10860.0,0.5,0.5,0.4,29.2,29.2,29.2
2026-05-22 17:00:00,Popoh,1.04,9.2,0.0,13720.0,0.6,29.1,1.04,1.04,1.06,13.3,13.9,12.9,0.0,0.0,0.0,15140.0,15780.0,13640.0,0.6,0.5,0.5,29.2,29.2,29.2
2026-05-22 18:00:00,Popoh,1.04,5.5,0.0,10100.0,0.4,29.1,1.04,1.04,1.04,9.2,13.3,13.9,0.0,0.0,0.0,13720.0,15140.0,15780.0,0.6,0.6,0.5,29.1,29.2,29.2
2026-05-22 19:00:00,Popoh,1.04,3.7,0.1,5940.0,0.4,29.0,1.04,1.04,1.04,5.5,9.2,13.3,0.0,0.0,0.0,10100.0,13720.0,15140.0,0.4,0.6,0.6,29.1,29.1,29.2
2026-05-22 20:00:00,Popoh,1.04,1.0,0.1,8620.0,0.4,29.0,1.04,1.04,1.04,3.7,5.5,9.2,0.1,0.0,0.0,5940.0,10100.0,13720.0,0.4,0.4,0.6,29.0,29.1,29.1
2026-05-22 21:00:00,Popoh,1.02,0.4,0.0,11120.0,0.4,29.0,1.04,1.04,1.04,1.0,3.7,5.5,0.1,0.1,0.0,8620.0,5940.0,10100.0,0.4,0.4,0.4,29.0,29.0,29.1
2026-05-22 22:00:00,Popoh,1.02,0.8,0.0,7820.0,0.2,28.9,1.02,1.04,1.04,0.4,1.0,3.7,0.0,0.1,0.1,11120.0,8620.0,5940.0,0.4,0.4,0.4,29.0,29.0,29.0
2026-05-22 23:00:00,Popoh,1.02,0.9,0.0,7780.0,0.3,28.9,1.02,1.02,1.04,0.8,0.4,1.0,0.0,0.0,0.1,7820.0,11120.0,8620.0,0.2,0.4,0.4,28.9,29.0,29.0
2026-05-23 00:00:00,Popoh,1.0,0.4,0.0,1240.0,0.3,28.8,1.02,1.02,1.02,0.9,0.8,0.4,0.0,0.0,0.0,7780.0,7820.0,11120.0,0.3,0.2,0.4,28.9,28.9,29.0
2026-05-23 01:00:00,Popoh,1.0,0.5,0.0,240.0,0.4,28.8,1.0,1.02,1.02,0.4,0.9,0.8,0.0,0.0,0.0,1240.0,7780.0,7820.0,0.3,0.3,0.2,28.8,28.9,28.9
2026-05-23 02:00:00,Popoh,1.0,0.6,0.0,120.0,0.4,28.7,1.0,1.0,1.02,0.5,0.4,0.9,0.0,0.0,0.0,240.0,1240.0,7780.0,0.4,0.3,0.3,28.8,28.8,28.9
2026-05-23 03:00:00,Popoh,0.98,0.7,0.0,100.0,0.5,28.6,1.0,1.0,1.0,0.6,0.5,0.4,0.0,0.0,0.0,120.0,240.0,1240.0,0.4,0.4,0.3,28.7,28.8,28.8
2026-05-23 04:00:00,Popoh,0.98,0.7,0.0,120.0,0.5,28.5,0.98,1.0,1.0,0.7,0.6,0.5,0.0,0.0,0.0,100.0,120.0,240.0,0.5,0.4,0.4,28.6,28.7,28.8
2026-05-23 05:00:00,Popoh,0.98,0.8,0.0,120.0,0.5,28.5,0.98,0.98,1.0,0.7,0.7,0.6,0.0,0.0,0.0,120.0,100.0,120.0,0.5,0.5,0.4,28.5,28.6,28.7
2026-05-23 06:00:00,Popoh,0.98,0.9,0.0,120.0,0.7,28.5,0.98,0.98,0.98,0.8,0.7,0.7,0.0,0.0,0.0,120.0,120.0,100.0,0.5,0.5,0.5,28.5,28.5,28.6
2026-05-23 07:00:00,Popoh,0.98,0.9,0.0,260.0,0.7,28.5,0.98,0.98,0.98,0.9,0.8,0.7,0.0,0.0,0.0,120.0,120.0,120.0,0.7,0.5,0.5,28.5,28.5,28.5
2026-05-23 08:00:00,Popoh,0.98,3.8,0.0,440.0,0.7,28.6,0.98,0.98,0.98,0.9,0.9,0.8,0.0,0.0,0.0,260.0,120.0,120.0,0.7,0.7,0.5,28.5,28.5,28.5
2026-05-23 09:00:00,Popoh,0.98,7.5,0.2,1440.0,0.6,28.8,0.98,0.98,0.98,3.8,0.9,0.9,0.0,0.0,0.0,440.0,260.0,120.0,0.7,0.7,0.7,28.6,28.5,28.5
2026-05-23 10:00:00,Popoh,0.98,9.8,0.1,3680.0,0.6,28.9,0.98,0.98,0.98,7.5,3.8,0.9,0.2,0.0,0.0,1440.0,440.0,260.0,0.6,0.7,0.7,28.8,28.6,28.5
2026-05-23 11:00:00,Popoh,0.98,10.9,0.2,5080.0,0.4,29.0,0.98,0.98,0.98,9.8,7.5,3.8,0.1,0.2,0.0,3680.0,1440.0,440.0,0.6,0.6,0.7,28.9,28.8,28.6
2026-05-23 12:00:00,Popoh,0.96,13.1,0.5,4880.0,0.4,29.2,0.98,0.98,0.98,10.9,9.8,7.5,0.2,0.1,0.2,5080.0,3680.0,1440.0,0.4,0.6,0.6,29.0,28.9,28.8
2026-05-23 13:00:00,Popoh,0.96,13.9,0.6,8740.0,0.3,29.3,0.96,0.98,0.98,13.1,10.9,9.8,0.5,0.2,0.1,4880.0,5080.0,3680.0,0.4,0.4,0.6,29.2,29.0,28.9
2026-05-23 14:00:00,Popoh,0.96,11.6,0.6,4300.0,0.0,29.3,0.96,0.96,0.98,13.9,13.1,10.9,0.6,0.5,0.2,8740.0,4880.0,5080.0,0.3,0.4,0.4,29.3,29.2,29.0
2026-05-23 15:00:00,Popoh,0.96,12.0,0.5,6180.0,0.0,29.3,0.96,0.96,0.96,11.6,13.9,13.1,0.6,0.6,0.5,4300.0,8740.0,4880.0,0.0,0.3,0.4,29.3,29.3,29.2
2026-05-23 16:00:00,Popoh,0.96,10.1,0.4,7420.0,0.0,29.2,0.96,0.96,0.96,12.0,11.6,13.9,0.5,0.6,0.6,6180.0,4300.0,8740.0,0.0,0.0,0.3,29.3,29.3,29.3
2026-05-23 17:00:00,Popoh,0.96,3.1,0.0,11820.0,0.0,29.2,0.96,0.96,0.96,10.1,12.0,11.6,0.4,0.5,0.6,7420.0,6180.0,4300.0,0.0,0.0,0.0,29.2,29.3,29.3
2026-05-23 18:00:00,Popoh,0.96,4.0,0.1,6940.0,0.0,29.1,0.96,0.96,0.96,3.1,10.1,12.0,0.0,0.4,0.5,11820.0,7420.0,6180.0,0.0,0.0,0.0,29.2,29.2,29.3
2026-05-23 19:00:00,Popoh,0.96,5.2,0.1,6980.0,0.0,29.0,0.96,0.96,0.96,4.0,3.1,10.1,0.1,0.0,0.4,6940.0,11820.0,7420.0,0.0,0.0,0.0,29.1,29.2,29.2
2026-05-23 20:00:00,Popoh,0.96,4.9,0.2,6520.0,0.0,29.0,0.96,0.96,0.96,5.2,4.0,3.1,0.1,0.1,0.0,6980.0,6940.0,11820.0,0.0,0.0,0.0,29.0,29.1,29.2
2026-05-23 21:00:00,Popoh,0.94,5.0,0.2,6060.0,0.0,29.0,0.96,0.96,0.96,4.9,5.2,4.0,0.2,0.1,0.1,6520.0,6980.0,6940.0,0.0,0.0,0.0,29.0,29.0,29.1
2026-05-23 22:00:00,Popoh,0.94,4.7,0.2,5600.0,0.2,28.9,0.94,0.96,0.96,5.0,4.9,5.2,0.2,0.2,0.1,6060.0,6520.0,6980.0,0.0,0.0,0.0,29.0,29.0,29.0
2026-05-23 23:00:00,Popoh,0.94,3.6,0.0,6200.0,0.2,28.9,0.94,0.94,0.96,4.7,5.0,4.9,0.2,0.2,0.2,5600.0,6060.0,6520.0,0.2,0.0,0.0,28.9,29.0,29.0
2026-05-24 00:00:00,Popoh,0.94,2.4,0.0,6780.0,0.3,28.8,0.94,0.94,0.94,3.6,4.7,5.0,0.0,0.2,0.2,6200.0,5600.0,6060.0,0.2,0.2,0.0,28.9,28.9,29.0
2026-05-24 01:00:00,Popoh,0.94,2.0,0.0,7380.0,0.3,28.8,0.94,0.94,0.94,2.4,3.6,4.7,0.0,0.0,0.2,6780.0,6200.0,5600.0,0.3,0.2,0.2,28.8,28.9,28.9
2026-05-24 02:00:00,Popoh,0.94,1.6,0.0,7440.0,0.3,28.7,0.94,0.94,0.94,2.0,2.4,3.6,0.0,0.0,0.0,7380.0,6780.0,6200.0,0.3,0.3,0.2,28.8,28.8,28.9
2026-05-24 03:00:00,Popoh,0.96,0.9,0.0,7500.0,0.4,28.6,0.94,0.94,0.94,1.6,2.0,2.4,0.0,0.0,0.0,7440.0,7380.0,6780.0,0.3,0.3,0.3,28.7,28.8,28.8
2026-05-24 04:00:00,Popoh,0.96,0.5,0.0,7560.0,0.4,28.5,0.96,0.94,0.94,0.9,1.6,2.0,0.0,0.0,0.0,7500.0,7440.0,7380.0,0.4,0.3,0.3,28.6,28.7,28.8
2026-05-24 05:00:00,Popoh,0.96,1.0,0.0,7560.0,0.4,28.5,0.96,0.96,0.94,0.5,0.9,1.6,0.0,0.0,0.0,7560.0,7500.0,7440.0,0.4,0.4,0.3,28.5,28.6,28.7
2026-05-24 06:00:00,Popoh,0.96,2.1,0.0,7560.0,0.4,28.5,0.96,0.96,0.96,1.0,0.5,0.9,0.0,0.0,0.0,7560.0,7560.0,7500.0,0.4,0.4,0.4,28.5,28.5,28.6
2026-05-24 07:00:00,Popoh,0.96,2.0,0.0,7560.0,0.4,28.5,0.96,0.96,0.96,2.1,1.0,0.5,0.0,0.0,0.0,7560.0,7560.0,7560.0,0.4,0.4,0.4,28.5,28.5,28.5
2026-05-24 08:00:00,Popoh,0.96,1.0,0.0,8220.0,0.4,28.5,0.96,0.96,0.96,2.0,2.1,1.0,0.0,0.0,0.0,7560.0,7560.0,7560.0,0.4,0.4,0.4,28.5,28.5,28.5
2026-05-24 09:00:00,Popoh,0.96,3.8,0.0,8900.0,0.4,28.7,0.96,0.96,0.96,1.0,2.0,2.1,0.0,0.0,0.0,8220.0,7560.0,7560.0,0.4,0.4,0.4,28.5,28.5,28.5
2026-05-24 10:00:00,Popoh,0.96,6.6,0.0,9560.0,0.4,28.9,0.96,0.96,0.96,3.8,1.0,2.0,0.0,0.0,0.0,8900.0,8220.0,7560.0,0.4,0.4,0.4,28.7,28.5,28.5
2026-05-24 11:00:00,Popoh,0.96,9.0,0.9,8780.0,0.4,29.0,0.96,0.96,0.96,6.6,3.8,1.0,0.0,0.0,0.0,9560.0,8900.0,8220.0,0.4,0.4,0.4,28.9,28.7,28.5
2026-05-24 12:00:00,Popoh,0.98,11.0,0.9,8020.0,0.3,29.1,0.96,0.96,0.96,9.0,6.6,3.8,0.9,0.0,0.0,8780.0,9560.0,8900.0,0.4,0.4,0.4,29.0,28.9,28.7
2026-05-24 13:00:00,Popoh,0.98,11.8,0.9,7240.0,0.4,29.2,0.98,0.96,0.96,11.0,9.0,6.6,0.9,0.9,0.0,8020.0,8780.0,9560.0,0.3,0.4,0.4,29.1,29.0,28.9
2026-05-24 14:00:00,Popoh,0.98,10.4,1.1,5660.0,0.4,29.2,0.98,0.98,0.96,11.8,11.0,9.0,0.9,0.9,0.9,7240.0,8020.0,8780.0,0.4,0.3,0.4,29.2,29.1,29.0
2026-05-24 15:00:00,Popoh,0.98,7.9,1.1,4100.0,0.4,29.2,0.98,0.98,0.98,10.4,11.8,11.0,1.1,0.9,0.9,5660.0,7240.0,8020.0,0.4,0.4,0.3,29.2,29.2,29.1
2026-05-24 16:00:00,Popoh,0.98,5.8,1.1,2520.0,0.4,29.1,0.98,0.98,0.98,7.9,10.4,11.8,1.1,1.1,0.9,4100.0,5660.0,7240.0,0.4,0.4,0.4,29.2,29.2,29.2
2026-05-24 17:00:00,Popoh,0.98,4.9,0.5,3460.0,0.4,29.0,0.98,0.98,0.98,5.8,7.9,10.4,1.1,1.1,1.1,2520.0,4100.0,5660.0,0.4,0.4,0.4,29.1,29.2,29.2
2026-05-24 18:00:00,Popoh,0.98,4.4,0.5,4420.0,0.4,29.0,0.98,0.98,0.98,4.9,5.8,7.9,0.5,1.1,1.1,3460.0,2520.0,4100.0,0.4,0.4,0.4,29.0,29.1,29.2
2026-05-24 19:00:00,Popoh,0.98,3.8,0.5,5360.0,0.4,29.0,0.98,0.98,0.98,4.4,4.9,5.8,0.5,0.5,1.1,4420.0,3460.0,2520.0,0.4,0.4,0.4,29.0,29.0,29.1
2026-05-24 20:00:00,Popoh,1.0,3.0,0.1,5900.0,0.5,28.9,0.98,0.98,0.98,3.8,4.4,4.9,0.5,0.5,0.5,5360.0,4420.0,3460.0,0.4,0.4,0.4,29.0,29.0,29.0
2026-05-24 21:00:00,Popoh,1.0,2.4,0.1,6460.0,0.5,28.9,1.0,0.98,0.98,3.0,3.8,4.4,0.1,0.5,0.5,5900.0,5360.0,4420.0,0.5,0.4,0.4,28.9,29.0,29.0
2026-05-24 22:00:00,Popoh,1.02,2.3,0.1,7000.0,0.4,28.8,1.0,1.0,0.98,2.4,3.0,3.8,0.1,0.1,0.5,6460.0,5900.0,5360.0,0.5,0.5,0.4,28.9,28.9,29.0
2026-05-24 23:00:00,Popoh,1.02,2.3,0.0,6480.0,0.4,28.8,1.02,1.0,1.0,2.3,2.4,3.0,0.1,0.1,0.1,7000.0,6460.0,5900.0,0.4,0.5,0.5,28.8,28.9,28.9
2026-05-25 00:00:00,Popoh,1.02,2.4,0.0,5960.0,0.4,28.7,1.02,1.02,1.0,2.3,2.3,2.4,0.0,0.1,0.1,6480.0,7000.0,6460.0,0.4,0.4,0.5,28.8,28.8,28.9
2026-05-25 01:00:00,Popoh,1.02,2.3,0.0,5440.0,0.5,28.6,1.02,1.02,1.02,2.4,2.3,2.3,0.0,0.0,0.1,5960.0,6480.0,7000.0,0.4,0.4,0.4,28.7,28.8,28.8
2026-05-25 02:00:00,Popoh,1.02,1.7,0.0,5680.0,0.5,28.6,1.02,1.02,1.02,2.3,2.4,2.3,0.0,0.0,0.0,5440.0,5960.0,6480.0,0.5,0.4,0.4,28.6,28.7,28.8
2026-05-25 03:00:00,Popoh,1.04,1.0,0.0,5900.0,0.5,28.5,1.02,1.02,1.02,1.7,2.3,2.4,0.0,0.0,0.0,5680.0,5440.0,5960.0,0.5,0.5,0.4,28.6,28.6,28.7
2026-05-25 04:00:00,Popoh,1.04,0.6,0.0,6140.0,0.6,28.5,1.04,1.02,1.02,1.0,1.7,2.3,0.0,0.0,0.0,5900.0,5680.0,5440.0,0.5,0.5,0.5,28.5,28.6,28.6
2026-05-25 05:00:00,Popoh,1.06,0.7,0.1,6060.0,0.7,28.5,1.04,1.04,1.02,0.6,1.0,1.7,0.0,0.0,0.0,6140.0,5900.0,5680.0,0.6,0.5,0.5,28.5,28.5,28.6
2026-05-25 06:00:00,Popoh,1.08,1.7,0.1,5980.0,0.7,28.5,1.06,1.04,1.04,0.7,0.6,1.0,0.1,0.0,0.0,6060.0,6140.0,5900.0,0.7,0.6,0.5,28.5,28.5,28.5
2026-05-25 07:00:00,Popoh,1.1,3.1,0.1,5900.0,0.8,28.5,1.08,1.06,1.04,1.7,0.7,0.6,0.1,0.1,0.0,5980.0,6060.0,6140.0,0.7,0.7,0.6,28.5,28.5,28.5
2026-05-25 08:00:00,Popoh,1.12,4.9,0.1,7700.0,1.0,28.5,1.1,1.08,1.06,3.1,1.7,0.7,0.1,0.1,0.1,5900.0,5980.0,6060.0,0.8,0.7,0.7,28.5,28.5,28.5
2026-05-25 09:00:00,Popoh,1.14,6.9,0.1,9520.0,1.0,28.6,1.12,1.1,1.08,4.9,3.1,1.7,0.1,0.1,0.1,7700.0,5900.0,5980.0,1.0,0.8,0.7,28.5,28.5,28.5
2026-05-25 10:00:00,Popoh,1.16,8.8,0.1,11320.0,1.2,28.7,1.14,1.12,1.1,6.9,4.9,3.1,0.1,0.1,0.1,9520.0,7700.0,5900.0,1.0,1.0,0.8,28.6,28.5,28.5
2026-05-25 11:00:00,Popoh,1.18,10.9,0.4,13080.0,1.2,28.8,1.16,1.14,1.12,8.8,6.9,4.9,0.1,0.1,0.1,11320.0,9520.0,7700.0,1.2,1.0,1.0,28.7,28.6,28.5
2026-05-25 12:00:00,Popoh,1.18,12.9,0.4,14840.0,1.2,28.9,1.18,1.16,1.14,10.9,8.8,6.9,0.4,0.1,0.1,13080.0,11320.0,9520.0,1.2,1.2,1.0,28.8,28.7,28.6
2026-05-25 13:00:00,Popoh,1.2,14.1,0.4,16600.0,1.2,29.0,1.18,1.18,1.16,12.9,10.9,8.8,0.4,0.4,0.1,14840.0,13080.0,11320.0,1.2,1.2,1.2,28.9,28.8,28.7
2026-05-25 14:00:00,Popoh,1.22,14.3,0.0,15320.0,1.2,29.0,1.2,1.18,1.18,14.1,12.9,10.9,0.4,0.4,0.4,16600.0,14840.0,13080.0,1.2,1.2,1.2,29.0,28.9,28.8
2026-05-25 15:00:00,Popoh,1.24,13.5,0.0,14020.0,1.2,29.0,1.22,1.2,1.18,14.3,14.1,12.9,0.0,0.4,0.4,15320.0,16600.0,14840.0,1.2,1.2,1.2,29.0,29.0,28.9
2026-05-25 16:00:00,Popoh,1.26,12.3,0.0,12740.0,1.2,29.0,1.24,1.22,1.2,13.5,14.3,14.1,0.0,0.0,0.4,14020.0,15320.0,16600.0,1.2,1.2,1.2,29.0,29.0,29.0
2026-05-25 17:00:00,Popoh,1.28,10.1,0.0,11860.0,1.2,28.9,1.26,1.24,1.22,12.3,13.5,14.3,0.0,0.0,0.0,12740.0,14020.0,15320.0,1.2,1.2,1.2,29.0,29.0,29.0
2026-05-25 18:00:00,Popoh,1.28,7.1,0.0,10960.0,1.2,28.9,1.28,1.26,1.24,10.1,12.3,13.5,0.0,0.0,0.0,11860.0,12740.0,14020.0,1.2,1.2,1.2,28.9,29.0,29.0
2026-05-25 19:00:00,Popoh,1.3,4.9,0.0,10080.0,1.2,28.9,1.28,1.28,1.26,7.1,10.1,12.3,0.0,0.0,0.0,10960.0,11860.0,12740.0,1.2,1.2,1.2,28.9,28.9,29.0
2026-05-25 20:00:00,Popoh,1.32,3.4,0.1,8580.0,1.2,28.8,1.3,1.28,1.28,4.9,7.1,10.1,0.0,0.0,0.0,10080.0,10960.0,11860.0,1.2,1.2,1.2,28.9,28.9,28.9
2026-05-25 21:00:00,Popoh,1.32,2.2,0.1,7080.0,1.2,28.8,1.32,1.3,1.28,3.4,4.9,7.1,0.1,0.0,0.0,8580.0,10080.0,10960.0,1.2,1.2,1.2,28.8,28.9,28.9
2026-05-25 22:00:00,Popoh,1.34,1.5,0.1,5580.0,1.2,28.8,1.32,1.32,1.3,2.2,3.4,4.9,0.1,0.1,0.0,7080.0,8580.0,10080.0,1.2,1.2,1.2,28.8,28.8,28.9
2026-05-25 23:00:00,Popoh,1.34,1.5,0.2,3960.0,1.0,28.7,1.34,1.32,1.32,1.5,2.2,3.4,0.1,0.1,0.1,5580.0,7080.0,8580.0,1.2,1.2,1.2,28.8,28.8,28.8
2026-05-26 00:00:00,Popoh,1.36,2.2,0.2,2360.0,1.0,28.7,1.34,1.34,1.32,1.5,1.5,2.2,0.2,0.1,0.1,3960.0,5580.0,7080.0,1.0,1.2,1.2,28.7,28.8,28.8
2026-05-26 01:00:00,Popoh,1.36,2.6,0.2,740.0,0.9,28.6,1.36,1.34,1.34,2.2,1.5,1.5,0.2,0.2,0.1,2360.0,3960.0,5580.0,1.0,1.0,1.2,28.7,28.7,28.8
2026-05-26 02:00:00,Popoh,1.36,0.8,0.0,6240.0,0.9,28.6,1.36,1.36,1.34,2.6,2.2,1.5,0.2,0.2,0.2,740.0,2360.0,3960.0,0.9,1.0,1.0,28.6,28.7,28.7
2026-05-26 03:00:00,Popoh,1.36,1.4,0.0,5040.0,0.9,28.6,1.36,1.36,1.36,0.8,2.6,2.2,0.0,0.2,0.2,6240.0,740.0,2360.0,0.9,0.9,1.0,28.6,28.6,28.7
2026-05-26 04:00:00,Popoh,1.36,2.1,0.0,3860.0,0.9,28.5,1.36,1.36,1.36,1.4,0.8,2.6,0.0,0.0,0.2,5040.0,6240.0,740.0,0.9,0.9,0.9,28.6,28.6,28.6
2026-05-26 05:00:00,Popoh,1.36,2.2,0.0,2660.0,0.9,28.5,1.36,1.36,1.36,2.1,1.4,0.8,0.0,0.0,0.0,3860.0,5040.0,6240.0,0.9,0.9,0.9,28.5,28.6,28.6
2026-05-26 06:00:00,Popoh,1.38,1.9,0.0,1460.0,0.9,28.5,1.36,1.36,1.36,2.2,2.1,1.4,0.0,0.0,0.0,2660.0,3860.0,5040.0,0.9,0.9,0.9,28.5,28.5,28.6
2026-05-26 07:00:00,Popoh,1.38,1.0,0.0,260.0,0.9,28.5,1.38,1.36,1.36,1.9,2.2,2.1,0.0,0.0,0.0,1460.0,2660.0,3860.0,0.9,0.9,0.9,28.5,28.5,28.5
2026-05-26 08:00:00,Popoh,1.4,1.2,0.5,1300.0,0.9,28.5,1.38,1.38,1.36,1.0,1.9,2.2,0.0,0.0,0.0,260.0,1460.0,2660.0,0.9,0.9,0.9,28.5,28.5,28.5
2026-05-26 09:00:00,Popoh,1.4,4.2,0.5,2340.0,1.0,28.5,1.4,1.38,1.38,1.2,1.0,1.9,0.5,0.0,0.0,1300.0,260.0,1460.0,0.9,0.9,0.9,28.5,28.5,28.5
2026-05-26 10:00:00,Popoh,1.42,8.0,0.5,3380.0,1.0,28.5,1.4,1.4,1.38,4.2,1.2,1.0,0.5,0.5,0.0,2340.0,1300.0,260.0,1.0,0.9,0.9,28.5,28.5,28.5
2026-05-26 11:00:00,Popoh,1.44,11.6,0.5,4400.0,1.0,28.6,1.42,1.4,1.4,8.0,4.2,1.2,0.5,0.5,0.5,3380.0,2340.0,1300.0,1.0,1.0,0.9,28.5,28.5,28.5
2026-05-26 12:00:00,Popoh,1.44,14.2,0.5,5440.0,0.8,28.6,1.44,1.42,1.4,11.6,8.0,4.2,0.5,0.5,0.5,4400.0,3380.0,2340.0,1.0,1.0,1.0,28.6,28.5,28.5
2026-05-26 13:00:00,Popoh,1.46,15.6,0.5,6480.0,0.8,28.6,1.44,1.44,1.42,14.2,11.6,8.0,0.5,0.5,0.5,5440.0,4400.0,3380.0,0.8,1.0,1.0,28.6,28.6,28.5
2026-05-26 14:00:00,Popoh,1.48,15.2,0.2,7080.0,0.8,28.6,1.46,1.44,1.44,15.6,14.2,11.6,0.5,0.5,0.5,6480.0,5440.0,4400.0,0.8,0.8,1.0,28.6,28.6,28.6
2026-05-26 15:00:00,Popoh,1.5,13.4,0.2,7680.0,0.8,28.6,1.48,1.46,1.44,15.2,15.6,14.2,0.2,0.5,0.5,7080.0,6480.0,5440.0,0.8,0.8,0.8,28.6,28.6,28.6
2026-05-26 16:00:00,Popoh,1.52,10.7,0.2,8300.0,0.8,28.6,1.5,1.48,1.46,13.4,15.2,15.6,0.2,0.2,0.5,7680.0,7080.0,6480.0,0.8,0.8,0.8,28.6,28.6,28.6
2026-05-26 17:00:00,Popoh,1.52,7.9,0.2,8900.0,0.8,28.6,1.52,1.5,1.48,10.7,13.4,15.2,0.2,0.2,0.2,8300.0,7680.0,7080.0,0.8,0.8,0.8,28.6,28.6,28.6
2026-05-26 18:00:00,Popoh,1.54,5.4,0.2,9500.0,0.8,28.6,1.52,1.52,1.5,7.9,10.7,13.4,0.2,0.2,0.2,8900.0,8300.0,7680.0,0.8,0.8,0.8,28.6,28.6,28.6
2026-05-26 19:00:00,Popoh,1.54,3.8,0.2,10100.0,0.8,28.6,1.54,1.52,1.52,5.4,7.9,10.7,0.2,0.2,0.2,9500.0,8900.0,8300.0,0.8,0.8,0.8,28.6,28.6,28.6
2026-05-26 20:00:00,Popoh,1.54,2.8,0.0,8460.0,0.8,28.6,1.54,1.54,1.52,3.8,5.4,7.9,0.2,0.2,0.2,10100.0,9500.0,8900.0,0.8,0.8,0.8,28.6,28.6,28.6
2026-05-26 21:00:00,Popoh,1.54,2.3,0.0,6800.0,0.8,28.5,1.54,1.54,1.54,2.8,3.8,5.4,0.0,0.2,0.2,8460.0,10100.0,9500.0,0.8,0.8,0.8,28.6,28.6,28.6
2026-05-26 22:00:00,Popoh,1.54,1.8,0.0,5160.0,0.8,28.5,1.54,1.54,1.54,2.3,2.8,3.8,0.0,0.0,0.2,6800.0,8460.0,10100.0,0.8,0.8,0.8,28.5,28.6,28.6
2026-05-26 23:00:00,Popoh,1.54,1.5,0.0,3520.0,0.6,28.5,1.54,1.54,1.54,1.8,2.3,2.8,0.0,0.0,0.0,5160.0,6800.0,8460.0,0.8,0.8,0.8,28.5,28.5,28.6
2026-05-20 03:00:00,Prigi,1.32,5.4,0.0,8480.0,0.7,28.6,1.32,1.32,1.32,5.0,4.4,6.2,0.0,0.0,0.0,8460.0,8440.0,8400.0,0.7,0.6,0.5,28.6,28.7,28.8
2026-05-20 04:00:00,Prigi,1.32,4.5,0.0,12200.0,0.6,28.6,1.32,1.32,1.32,5.4,5.0,4.4,0.0,0.0,0.0,8480.0,8460.0,8440.0,0.7,0.7,0.6,28.6,28.6,28.7
2026-05-20 05:00:00,Prigi,1.3,5.9,0.0,8460.0,0.5,28.5,1.32,1.32,1.32,4.5,5.4,5.0,0.0,0.0,0.0,12200.0,8480.0,8460.0,0.6,0.7,0.7,28.6,28.6,28.6
2026-05-20 06:00:00,Prigi,1.3,6.0,0.0,12160.0,0.4,28.5,1.3,1.32,1.32,5.9,4.5,5.4,0.0,0.0,0.0,8460.0,12200.0,8480.0,0.5,0.6,0.7,28.5,28.6,28.6
2026-05-20 07:00:00,Prigi,1.28,6.1,0.0,12100.0,0.6,28.5,1.3,1.3,1.32,6.0,5.9,4.5,0.0,0.0,0.0,12160.0,8460.0,12200.0,0.4,0.5,0.6,28.5,28.5,28.6
2026-05-20 08:00:00,Prigi,1.28,6.5,0.0,14580.0,0.6,28.6,1.28,1.3,1.3,6.1,6.0,5.9,0.0,0.0,0.0,12100.0,12160.0,8460.0,0.6,0.4,0.5,28.5,28.5,28.5
2026-05-20 09:00:00,Prigi,1.26,7.3,0.0,19140.0,0.4,28.7,1.28,1.28,1.3,6.5,6.1,6.0,0.0,0.0,0.0,14580.0,12100.0,12160.0,0.6,0.6,0.4,28.6,28.5,28.5
2026-05-20 10:00:00,Prigi,1.26,7.1,0.0,15220.0,0.4,28.8,1.26,1.28,1.28,7.3,6.5,6.1,0.0,0.0,0.0,19140.0,14580.0,12100.0,0.4,0.6,0.6,28.7,28.6,28.5
2026-05-20 11:00:00,Prigi,1.26,7.2,0.0,15120.0,0.6,28.9,1.26,1.26,1.28,7.1,7.3,6.5,0.0,0.0,0.0,15220.0,19140.0,14580.0,0.4,0.4,0.6,28.8,28.7,28.6
2026-05-20 12:00:00,Prigi,1.24,8.3,0.1,8820.0,0.9,29.0,1.26,1.26,1.26,7.2,7.1,7.3,0.0,0.0,0.0,15120.0,15220.0,19140.0,0.6,0.4,0.4,28.9,28.8,28.7
2026-05-20 13:00:00,Prigi,1.24,10.9,0.4,6700.0,1.1,29.0,1.24,1.26,1.26,8.3,7.2,7.1,0.1,0.0,0.0,8820.0,15120.0,15220.0,0.9,0.6,0.4,29.0,28.9,28.8
2026-05-20 14:00:00,Prigi,1.22,8.8,1.1,4080.0,1.3,29.0,1.24,1.24,1.26,10.9,8.3,7.2,0.4,0.1,0.0,6700.0,8820.0,15120.0,1.1,0.9,0.6,29.0,29.0,28.9
2026-05-20 15:00:00,Prigi,1.22,10.8,0.7,7040.0,1.5,29.0,1.22,1.24,1.24,8.8,10.9,8.3,1.1,0.4,0.1,4080.0,6700.0,8820.0,1.3,1.1,0.9,29.0,29.0,29.0
2026-05-20 16:00:00,Prigi,1.2,9.7,0.1,10360.0,1.3,29.0,1.22,1.22,1.24,10.8,8.8,10.9,0.7,1.1,0.4,7040.0,4080.0,6700.0,1.5,1.3,1.1,29.0,29.0,29.0
2026-05-20 17:00:00,Prigi,1.2,4.5,0.0,12240.0,0.9,29.0,1.2,1.22,1.22,9.7,10.8,8.8,0.1,0.7,1.1,10360.0,7040.0,4080.0,1.3,1.5,1.3,29.0,29.0,29.0
2026-05-20 18:00:00,Prigi,1.18,3.5,0.3,4940.0,0.5,29.0,1.2,1.2,1.22,4.5,9.7,10.8,0.0,0.1,0.7,12240.0,10360.0,7040.0,0.9,1.3,1.5,29.0,29.0,29.0
2026-05-20 19:00:00,Prigi,1.18,1.3,0.1,6980.0,0.3,28.9,1.18,1.2,1.2,3.5,4.5,9.7,0.3,0.0,0.1,4940.0,12240.0,10360.0,0.5,0.9,1.3,29.0,29.0,29.0
2026-05-20 20:00:00,Prigi,1.18,0.6,0.0,7800.0,0.2,28.9,1.18,1.18,1.2,1.3,3.5,4.5,0.1,0.3,0.0,6980.0,4940.0,12240.0,0.3,0.5,0.9,28.9,29.0,29.0
2026-05-20 21:00:00,Prigi,1.16,2.1,0.0,8160.0,0.3,28.9,1.18,1.18,1.18,0.6,1.3,3.5,0.0,0.1,0.3,7800.0,6980.0,4940.0,0.2,0.3,0.5,28.9,28.9,29.0
2026-05-20 22:00:00,Prigi,1.16,3.3,0.0,8200.0,0.2,28.9,1.16,1.18,1.18,2.1,0.6,1.3,0.0,0.0,0.1,8160.0,7800.0,6980.0,0.3,0.2,0.3,28.9,28.9,28.9
2026-05-20 23:00:00,Prigi,1.16,5.1,0.0,5940.0,0.3,28.8,1.16,1.16,1.18,3.3,2.1,0.6,0.0,0.0,0.0,8200.0,8160.0,7800.0,0.2,0.3,0.2,28.9,28.9,28.9
2026-05-21 00:00:00,Prigi,1.14,6.8,0.0,5660.0,0.3,28.8,1.16,1.16,1.16,5.1,3.3,2.1,0.0,0.0,0.0,5940.0,8200.0,8160.0,0.3,0.2,0.3,28.8,28.9,28.9
2026-05-21 01:00:00,Prigi,1.14,7.2,0.0,12100.0,0.4,28.8,1.14,1.16,1.16,6.8,5.1,3.3,0.0,0.0,0.0,5660.0,5940.0,8200.0,0.3,0.3,0.2,28.8,28.8,28.9
2026-05-21 02:00:00,Prigi,1.14,7.4,0.0,7860.0,0.5,28.7,1.14,1.14,1.16,7.2,6.8,5.1,0.0,0.0,0.0,12100.0,5660.0,5940.0,0.4,0.3,0.3,28.8,28.8,28.8
2026-05-21 03:00:00,Prigi,1.14,6.6,0.0,8000.0,0.5,28.6,1.14,1.14,1.14,7.4,7.2,6.8,0.0,0.0,0.0,7860.0,12100.0,5660.0,0.5,0.4,0.3,28.7,28.8,28.8
2026-05-21 04:00:00,Prigi,1.14,6.9,0.0,8080.0,0.5,28.6,1.14,1.14,1.14,6.6,7.4,7.2,0.0,0.0,0.0,8000.0,7860.0,12100.0,0.5,0.5,0.4,28.6,28.7,28.8
2026-05-21 05:00:00,Prigi,1.14,6.4,0.0,8120.0,0.4,28.6,1.14,1.14,1.14,6.9,6.6,7.4,0.0,0.0,0.0,8080.0,8000.0,7860.0,0.5,0.5,0.5,28.6,28.6,28.7
2026-05-21 06:00:00,Prigi,1.12,6.9,0.0,8220.0,0.3,28.5,1.14,1.14,1.14,6.4,6.9,6.6,0.0,0.0,0.0,8120.0,8080.0,8000.0,0.4,0.5,0.5,28.6,28.6,28.6
2026-05-21 07:00:00,Prigi,1.12,6.7,0.0,14200.0,0.3,28.6,1.12,1.14,1.14,6.9,6.4,6.9,0.0,0.0,0.0,8220.0,8120.0,8080.0,0.3,0.4,0.5,28.5,28.6,28.6
2026-05-21 08:00:00,Prigi,1.12,6.2,0.0,15960.0,0.5,28.7,1.12,1.12,1.14,6.7,6.9,6.4,0.0,0.0,0.0,14200.0,8220.0,8120.0,0.3,0.3,0.4,28.6,28.5,28.6
2026-05-21 09:00:00,Prigi,1.12,5.9,0.0,16540.0,0.5,28.8,1.12,1.12,1.12,6.2,6.7,6.9,0.0,0.0,0.0,15960.0,14200.0,8220.0,0.5,0.3,0.3,28.7,28.6,28.5
2026-05-21 10:00:00,Prigi,1.12,5.6,0.0,15160.0,0.5,29.0,1.12,1.12,1.12,5.9,6.2,6.7,0.0,0.0,0.0,16540.0,15960.0,14200.0,0.5,0.5,0.3,28.8,28.7,28.6
2026-05-21 11:00:00,Prigi,1.12,4.3,0.0,21400.0,0.2,29.1,1.12,1.12,1.12,5.6,5.9,6.2,0.0,0.0,0.0,15160.0,16540.0,15960.0,0.5,0.5,0.5,29.0,28.8,28.7
2026-05-21 12:00:00,Prigi,1.12,4.4,0.1,6980.0,0.3,29.2,1.12,1.12,1.12,4.3,5.6,5.9,0.0,0.0,0.0,21400.0,15160.0,16540.0,0.2,0.5,0.5,29.1,29.0,28.8
2026-05-21 13:00:00,Prigi,1.12,3.9,0.6,4180.0,0.4,29.4,1.12,1.12,1.12,4.4,4.3,5.6,0.1,0.0,0.0,6980.0,21400.0,15160.0,0.3,0.2,0.5,29.2,29.1,29.0
2026-05-21 14:00:00,Prigi,1.12,6.6,0.8,4120.0,0.4,29.4,1.12,1.12,1.12,3.9,4.4,4.3,0.6,0.1,0.0,4180.0,6980.0,21400.0,0.4,0.3,0.2,29.4,29.2,29.1
2026-05-21 15:00:00,Prigi,1.12,4.7,2.1,3040.0,0.6,29.4,1.12,1.12,1.12,6.6,3.9,4.4,0.8,0.6,0.1,4120.0,4180.0,6980.0,0.4,0.4,0.3,29.4,29.4,29.2
2026-05-21 16:00:00,Prigi,1.12,3.1,2.6,2660.0,0.7,29.3,1.12,1.12,1.12,4.7,6.6,3.9,2.1,0.8,0.6,3040.0,4120.0,4180.0,0.6,0.4,0.4,29.4,29.4,29.4
2026-05-21 17:00:00,Prigi,1.12,0.9,1.1,4500.0,0.6,29.2,1.12,1.12,1.12,3.1,4.7,6.6,2.6,2.1,0.8,2660.0,3040.0,4120.0,0.7,0.6,0.4,29.3,29.4,29.4
2026-05-21 18:00:00,Prigi,1.14,1.4,0.2,7180.0,0.4,29.1,1.12,1.12,1.12,0.9,3.1,4.7,1.1,2.6,2.1,4500.0,2660.0,3040.0,0.6,0.7,0.6,29.2,29.3,29.4
2026-05-21 19:00:00,Prigi,1.14,2.4,0.0,3200.0,0.2,29.1,1.14,1.12,1.12,1.4,0.9,3.1,0.2,1.1,2.6,7180.0,4500.0,2660.0,0.4,0.6,0.7,29.1,29.2,29.3
2026-05-21 20:00:00,Prigi,1.14,2.3,0.0,1640.0,0.4,29.0,1.14,1.14,1.12,2.4,1.4,0.9,0.0,0.2,1.1,3200.0,7180.0,4500.0,0.2,0.4,0.6,29.1,29.1,29.2
2026-05-21 21:00:00,Prigi,1.12,5.3,0.0,2360.0,0.6,29.0,1.14,1.14,1.14,2.3,2.4,1.4,0.0,0.0,0.2,1640.0,3200.0,7180.0,0.4,0.2,0.4,29.0,29.1,29.1
2026-05-21 22:00:00,Prigi,1.12,3.9,0.0,3160.0,0.8,28.9,1.12,1.14,1.14,5.3,2.3,2.4,0.0,0.0,0.0,2360.0,1640.0,3200.0,0.6,0.4,0.2,29.0,29.0,29.1
2026-05-21 23:00:00,Prigi,1.12,1.6,0.0,5560.0,0.7,28.8,1.12,1.12,1.14,3.9,5.3,2.3,0.0,0.0,0.0,3160.0,2360.0,1640.0,0.8,0.6,0.4,28.9,29.0,29.0
2026-05-22 00:00:00,Prigi,1.12,1.3,0.0,8640.0,0.6,28.7,1.12,1.12,1.12,1.6,3.9,5.3,0.0,0.0,0.0,5560.0,3160.0,2360.0,0.7,0.8,0.6,28.8,28.9,29.0
2026-05-22 01:00:00,Prigi,1.12,2.7,0.0,8240.0,0.6,28.6,1.12,1.12,1.12,1.3,1.6,3.9,0.0,0.0,0.0,8640.0,5560.0,3160.0,0.6,0.7,0.8,28.7,28.8,28.9
2026-05-22 02:00:00,Prigi,1.12,5.8,0.0,6900.0,0.4,28.6,1.12,1.12,1.12,2.7,1.3,1.6,0.0,0.0,0.0,8240.0,8640.0,5560.0,0.6,0.6,0.7,28.6,28.7,28.8
2026-05-22 03:00:00,Prigi,1.12,5.5,0.0,2900.0,0.4,28.5,1.12,1.12,1.12,5.8,2.7,1.3,0.0,0.0,0.0,6900.0,8240.0,8640.0,0.4,0.6,0.6,28.6,28.6,28.7
2026-05-22 04:00:00,Prigi,1.12,4.6,0.0,2400.0,0.2,28.5,1.12,1.12,1.12,5.5,5.8,2.7,0.0,0.0,0.0,2900.0,6900.0,8240.0,0.4,0.4,0.6,28.5,28.6,28.6
2026-05-22 05:00:00,Prigi,1.12,2.7,0.0,2140.0,0.2,28.4,1.12,1.12,1.12,4.6,5.5,5.8,0.0,0.0,0.0,2400.0,2900.0,6900.0,0.2,0.4,0.4,28.5,28.5,28.6
2026-05-22 06:00:00,Prigi,1.1,1.7,0.0,7680.0,0.2,28.4,1.12,1.12,1.12,2.7,4.6,5.5,0.0,0.0,0.0,2140.0,2400.0,2900.0,0.2,0.2,0.4,28.4,28.5,28.5
2026-05-22 07:00:00,Prigi,1.1,4.6,0.0,7380.0,0.4,28.4,1.1,1.12,1.12,1.7,2.7,4.6,0.0,0.0,0.0,7680.0,2140.0,2400.0,0.2,0.2,0.2,28.4,28.4,28.5
2026-05-22 08:00:00,Prigi,1.1,5.2,0.1,5680.0,0.7,28.5,1.1,1.1,1.12,4.6,1.7,2.7,0.0,0.0,0.0,7380.0,7680.0,2140.0,0.4,0.2,0.2,28.4,28.4,28.4
2026-05-22 09:00:00,Prigi,1.1,7.7,0.2,5640.0,0.7,28.5,1.1,1.1,1.1,5.2,4.6,1.7,0.1,0.0,0.0,5680.0,7380.0,7680.0,0.7,0.4,0.2,28.5,28.4,28.4
2026-05-22 10:00:00,Prigi,1.1,8.1,0.3,5400.0,0.7,28.6,1.1,1.1,1.1,7.7,5.2,4.6,0.2,0.1,0.0,5640.0,5680.0,7380.0,0.7,0.7,0.4,28.5,28.5,28.4
2026-05-22 11:00:00,Prigi,1.1,9.9,0.1,10760.0,0.7,28.8,1.1,1.1,1.1,8.1,7.7,5.2,0.3,0.2,0.1,5400.0,5640.0,5680.0,0.7,0.7,0.7,28.6,28.5,28.5
2026-05-22 12:00:00,Prigi,1.08,11.7,0.1,11160.0,0.6,28.9,1.1,1.1,1.1,9.9,8.1,7.7,0.1,0.3,0.2,10760.0,5400.0,5640.0,0.7,0.7,0.7,28.8,28.6,28.5
2026-05-22 13:00:00,Prigi,1.08,11.7,0.1,9220.0,0.4,28.9,1.08,1.1,1.1,11.7,9.9,8.1,0.1,0.1,0.3,11160.0,10760.0,5400.0,0.6,0.7,0.7,28.9,28.8,28.6
2026-05-22 14:00:00,Prigi,1.08,12.0,0.1,12260.0,0.4,28.9,1.08,1.08,1.1,11.7,11.7,9.9,0.1,0.1,0.1,9220.0,11160.0,10760.0,0.4,0.6,0.7,28.9,28.9,28.8
2026-05-22 15:00:00,Prigi,1.06,11.4,0.0,14800.0,0.4,28.9,1.08,1.08,1.08,12.0,11.7,11.7,0.1,0.1,0.1,12260.0,9220.0,11160.0,0.4,0.4,0.6,28.9,28.9,28.9
2026-05-22 16:00:00,Prigi,1.06,9.9,0.0,13180.0,0.5,28.8,1.06,1.08,1.08,11.4,12.0,11.7,0.0,0.1,0.1,14800.0,12260.0,9220.0,0.4,0.4,0.4,28.9,28.9,28.9
2026-05-22 17:00:00,Prigi,1.06,8.2,0.0,12060.0,0.4,28.8,1.06,1.06,1.08,9.9,11.4,12.0,0.0,0.0,0.1,13180.0,14800.0,12260.0,0.5,0.4,0.4,28.8,28.9,28.9
2026-05-22 18:00:00,Prigi,1.04,6.2,0.1,8300.0,0.2,28.6,1.06,1.06,1.06,8.2,9.9,11.4,0.0,0.0,0.0,12060.0,13180.0,14800.0,0.4,0.5,0.4,28.8,28.8,28.9
2026-05-22 19:00:00,Prigi,1.04,5.4,0.1,6800.0,0.2,28.6,1.04,1.06,1.06,6.2,8.2,9.9,0.1,0.0,0.0,8300.0,12060.0,13180.0,0.2,0.4,0.5,28.6,28.8,28.8
2026-05-22 20:00:00,Prigi,1.04,1.8,0.1,8620.0,0.6,28.5,1.04,1.04,1.06,5.4,6.2,8.2,0.1,0.1,0.0,6800.0,8300.0,12060.0,0.2,0.2,0.4,28.6,28.6,28.8
2026-05-22 21:00:00,Prigi,1.04,1.0,0.0,10380.0,0.7,28.5,1.04,1.04,1.04,1.8,5.4,6.2,0.1,0.1,0.1,8620.0,6800.0,8300.0,0.6,0.2,0.2,28.5,28.6,28.6
2026-05-22 22:00:00,Prigi,1.04,1.5,0.0,8080.0,1.0,28.5,1.04,1.04,1.04,1.0,1.8,5.4,0.0,0.1,0.1,10380.0,8620.0,6800.0,0.7,0.6,0.2,28.5,28.5,28.6
2026-05-22 23:00:00,Prigi,1.04,1.3,0.0,2340.0,1.0,28.5,1.04,1.04,1.04,1.5,1.0,1.8,0.0,0.0,0.1,8080.0,10380.0,8620.0,1.0,0.7,0.6,28.5,28.5,28.5
2026-05-23 00:00:00,Prigi,1.04,2.3,0.0,2020.0,0.8,28.4,1.04,1.04,1.04,1.3,1.5,1.0,0.0,0.0,0.0,2340.0,8080.0,10380.0,1.0,1.0,0.7,28.5,28.5,28.5
2026-05-23 01:00:00,Prigi,1.04,2.4,0.0,1880.0,0.9,28.4,1.04,1.04,1.04,2.3,1.3,1.5,0.0,0.0,0.0,2020.0,2340.0,8080.0,0.8,1.0,1.0,28.4,28.5,28.5
2026-05-23 02:00:00,Prigi,1.04,2.2,0.0,1320.0,0.9,28.3,1.04,1.04,1.04,2.4,2.3,1.3,0.0,0.0,0.0,1880.0,2020.0,2340.0,0.9,0.8,1.0,28.4,28.4,28.5
2026-05-23 03:00:00,Prigi,1.02,3.2,0.0,1580.0,0.8,28.2,1.04,1.04,1.04,2.2,2.4,2.3,0.0,0.0,0.0,1320.0,1880.0,2020.0,0.9,0.9,0.8,28.3,28.4,28.4
2026-05-23 04:00:00,Prigi,1.02,3.3,0.0,1380.0,0.8,28.2,1.02,1.04,1.04,3.2,2.2,2.4,0.0,0.0,0.0,1580.0,1320.0,1880.0,0.8,0.9,0.9,28.2,28.3,28.4
2026-05-23 05:00:00,Prigi,1.02,4.2,0.0,1180.0,0.6,28.1,1.02,1.02,1.04,3.3,3.2,2.2,0.0,0.0,0.0,1380.0,1580.0,1320.0,0.8,0.8,0.9,28.2,28.2,28.3
2026-05-23 06:00:00,Prigi,1.02,3.6,0.0,940.0,0.6,28.1,1.02,1.02,1.02,4.2,3.3,3.2,0.0,0.0,0.0,1180.0,1380.0,1580.0,0.6,0.8,0.8,28.1,28.2,28.2
2026-05-23 07:00:00,Prigi,1.02,3.6,0.0,14260.0,0.8,28.1,1.02,1.02,1.02,3.6,4.2,3.3,0.0,0.0,0.0,940.0,1180.0,1380.0,0.6,0.6,0.8,28.1,28.1,28.2
2026-05-23 08:00:00,Prigi,1.02,3.6,0.0,15620.0,1.0,28.1,1.02,1.02,1.02,3.6,3.6,4.2,0.0,0.0,0.0,14260.0,940.0,1180.0,0.8,0.6,0.6,28.1,28.1,28.1
2026-05-23 09:00:00,Prigi,1.0,7.3,0.2,4280.0,1.2,28.2,1.02,1.02,1.02,3.6,3.6,3.6,0.0,0.0,0.0,15620.0,14260.0,940.0,1.0,0.8,0.6,28.1,28.1,28.1
2026-05-23 10:00:00,Prigi,1.0,10.1,0.1,2380.0,1.2,28.4,1.0,1.02,1.02,7.3,3.6,3.6,0.2,0.0,0.0,4280.0,15620.0,14260.0,1.2,1.0,0.8,28.2,28.1,28.1
2026-05-23 11:00:00,Prigi,1.0,10.9,0.0,2260.0,1.2,28.5,1.0,1.0,1.02,10.1,7.3,3.6,0.1,0.2,0.0,2380.0,4280.0,15620.0,1.2,1.2,1.0,28.4,28.2,28.1
2026-05-23 12:00:00,Prigi,0.98,11.6,0.0,3360.0,1.1,28.6,1.0,1.0,1.0,10.9,10.1,7.3,0.0,0.1,0.2,2260.0,2380.0,4280.0,1.2,1.2,1.2,28.5,28.4,28.2
2026-05-23 13:00:00,Prigi,0.98,12.4,0.1,4600.0,1.1,28.6,0.98,1.0,1.0,11.6,10.9,10.1,0.0,0.0,0.1,3360.0,2260.0,2380.0,1.1,1.2,1.2,28.6,28.5,28.4
2026-05-23 14:00:00,Prigi,0.98,12.7,0.3,4640.0,1.1,28.6,0.98,0.98,1.0,12.4,11.6,10.9,0.1,0.0,0.0,4600.0,3360.0,2260.0,1.1,1.1,1.2,28.6,28.6,28.5
2026-05-23 15:00:00,Prigi,0.98,11.2,0.9,4260.0,0.9,28.6,0.98,0.98,0.98,12.7,12.4,11.6,0.3,0.1,0.0,4640.0,4600.0,3360.0,1.1,1.1,1.1,28.6,28.6,28.6
2026-05-23 16:00:00,Prigi,0.98,9.9,0.9,4280.0,0.7,28.6,0.98,0.98,0.98,11.2,12.7,12.4,0.9,0.3,0.1,4260.0,4640.0,4600.0,0.9,1.1,1.1,28.6,28.6,28.6
2026-05-23 17:00:00,Prigi,0.98,6.7,0.3,4540.0,0.7,28.5,0.98,0.98,0.98,9.9,11.2,12.7,0.9,0.9,0.3,4280.0,4260.0,4640.0,0.7,0.9,1.1,28.6,28.6,28.6
2026-05-23 18:00:00,Prigi,0.98,3.8,0.3,6880.0,0.7,28.5,0.98,0.98,0.98,6.7,9.9,11.2,0.3,0.9,0.9,4540.0,4280.0,4260.0,0.7,0.7,0.9,28.5,28.6,28.6
2026-05-23 19:00:00,Prigi,0.98,7.8,0.1,7060.0,0.7,28.5,0.98,0.98,0.98,3.8,6.7,9.9,0.3,0.3,0.9,6880.0,4540.0,4280.0,0.7,0.7,0.7,28.5,28.5,28.6
2026-05-23 20:00:00,Prigi,0.98,6.8,0.1,6700.0,0.9,28.5,0.98,0.98,0.98,7.8,3.8,6.7,0.1,0.3,0.3,7060.0,6880.0,4540.0,0.7,0.7,0.7,28.5,28.5,28.5
2026-05-23 21:00:00,Prigi,0.96,5.6,0.1,6320.0,1.1,28.5,0.98,0.98,0.98,6.8,7.8,3.8,0.1,0.1,0.3,6700.0,7060.0,6880.0,0.9,0.7,0.7,28.5,28.5,28.5
2026-05-23 22:00:00,Prigi,0.96,4.2,0.1,5960.0,1.3,28.5,0.96,0.98,0.98,5.6,6.8,7.8,0.1,0.1,0.1,6320.0,6700.0,7060.0,1.1,0.9,0.7,28.5,28.5,28.5
2026-05-23 23:00:00,Prigi,0.96,2.2,0.0,4360.0,1.5,28.5,0.96,0.96,0.98,4.2,5.6,6.8,0.1,0.1,0.1,5960.0,6320.0,6700.0,1.3,1.1,0.9,28.5,28.5,28.5
2026-05-24 00:00:00,Prigi,0.96,0.4,0.0,2780.0,1.5,28.4,0.96,0.96,0.96,2.2,4.2,5.6,0.0,0.1,0.1,4360.0,5960.0,6320.0,1.5,1.3,1.1,28.5,28.5,28.5
2026-05-24 01:00:00,Prigi,0.96,1.9,0.0,1180.0,1.5,28.4,0.96,0.96,0.96,0.4,2.2,4.2,0.0,0.0,0.1,2780.0,4360.0,5960.0,1.5,1.5,1.3,28.4,28.5,28.5
2026-05-24 02:00:00,Prigi,0.96,1.9,0.1,1060.0,1.3,28.4,0.96,0.96,0.96,1.9,0.4,2.2,0.0,0.0,0.0,1180.0,2780.0,4360.0,1.5,1.5,1.5,28.4,28.4,28.5
2026-05-24 03:00:00,Prigi,0.96,1.5,0.1,940.0,1.3,28.4,0.96,0.96,0.96,1.9,1.9,0.4,0.1,0.0,0.0,1060.0,1180.0,2780.0,1.3,1.5,1.5,28.4,28.4,28.4
2026-05-24 04:00:00,Prigi,0.96,1.5,0.1,820.0,1.1,28.4,0.96,0.96,0.96,1.5,1.9,1.9,0.1,0.1,0.0,940.0,1060.0,1180.0,1.3,1.3,1.5,28.4,28.4,28.4
2026-05-24 05:00:00,Prigi,0.96,2.3,0.1,2400.0,1.1,28.4,0.96,0.96,0.96,1.5,1.5,1.9,0.1,0.1,0.1,820.0,940.0,1060.0,1.1,1.3,1.3,28.4,28.4,28.4
2026-05-24 06:00:00,Prigi,0.96,3.5,0.1,3960.0,0.9,28.4,0.96,0.96,0.96,2.3,1.5,1.5,0.1,0.1,0.1,2400.0,820.0,940.0,1.1,1.1,1.3,28.4,28.4,28.4
2026-05-24 07:00:00,Prigi,0.96,3.4,0.1,5540.0,0.9,28.4,0.96,0.96,0.96,3.5,2.3,1.5,0.1,0.1,0.1,3960.0,2400.0,820.0,0.9,1.1,1.1,28.4,28.4,28.4
2026-05-24 08:00:00,Prigi,0.96,1.9,0.2,7520.0,0.9,28.4,0.96,0.96,0.96,3.4,3.5,2.3,0.1,0.1,0.1,5540.0,3960.0,2400.0,0.9,0.9,1.1,28.4,28.4,28.4
2026-05-24 09:00:00,Prigi,0.98,2.8,0.2,9480.0,1.1,28.5,0.96,0.96,0.96,1.9,3.4,3.5,0.2,0.1,0.1,7520.0,5540.0,3960.0,0.9,0.9,0.9,28.4,28.4,28.4
2026-05-24 10:00:00,Prigi,0.98,5.6,0.2,11460.0,1.3,28.6,0.98,0.96,0.96,2.8,1.9,3.4,0.2,0.2,0.1,9480.0,7520.0,5540.0,1.1,0.9,0.9,28.5,28.4,28.4
2026-05-24 11:00:00,Prigi,0.98,8.0,0.1,12200.0,1.5,28.7,0.98,0.98,0.96,5.6,2.8,1.9,0.2,0.2,0.2,11460.0,9480.0,7520.0,1.3,1.1,0.9,28.6,28.5,28.4
2026-05-24 12:00:00,Prigi,0.98,10.1,0.1,12960.0,1.5,28.8,0.98,0.98,0.98,8.0,5.6,2.8,0.1,0.2,0.2,12200.0,11460.0,9480.0,1.5,1.3,1.1,28.7,28.6,28.5
2026-05-24 13:00:00,Prigi,0.98,10.9,0.1,13700.0,1.5,28.8,0.98,0.98,0.98,10.1,8.0,5.6,0.1,0.1,0.2,12960.0,12200.0,11460.0,1.5,1.5,1.3,28.8,28.7,28.6
2026-05-24 14:00:00,Prigi,0.98,9.3,0.9,9940.0,1.3,28.8,0.98,0.98,0.98,10.9,10.1,8.0,0.1,0.1,0.1,13700.0,12960.0,12200.0,1.5,1.5,1.5,28.8,28.8,28.7
2026-05-24 15:00:00,Prigi,0.98,6.1,0.9,6180.0,1.1,28.8,0.98,0.98,0.98,9.3,10.9,10.1,0.9,0.1,0.1,9940.0,13700.0,12960.0,1.3,1.5,1.5,28.8,28.8,28.8
2026-05-24 16:00:00,Prigi,0.98,3.7,0.9,2420.0,1.1,28.8,0.98,0.98,0.98,6.1,9.3,10.9,0.9,0.9,0.1,6180.0,9940.0,13700.0,1.1,1.3,1.5,28.8,28.8,28.8
2026-05-24 17:00:00,Prigi,0.98,2.7,0.5,3440.0,1.0,28.8,0.98,0.98,0.98,3.7,6.1,9.3,0.9,0.9,0.9,2420.0,6180.0,9940.0,1.1,1.1,1.3,28.8,28.8,28.8
2026-05-24 18:00:00,Prigi,0.98,2.6,0.5,4440.0,0.6,28.7,0.98,0.98,0.98,2.7,3.7,6.1,0.5,0.9,0.9,3440.0,2420.0,6180.0,1.0,1.1,1.1,28.8,28.8,28.8
2026-05-24 19:00:00,Prigi,0.98,2.4,0.5,5460.0,0.6,28.6,0.98,0.98,0.98,2.6,2.7,3.7,0.5,0.5,0.9,4440.0,3440.0,2420.0,0.6,1.0,1.1,28.7,28.8,28.8
2026-05-24 20:00:00,Prigi,0.98,1.8,0.0,6080.0,0.6,28.6,0.98,0.98,0.98,2.4,2.6,2.7,0.5,0.5,0.5,5460.0,4440.0,3440.0,0.6,0.6,1.0,28.6,28.7,28.8
2026-05-24 21:00:00,Prigi,1.0,1.3,0.0,6680.0,0.8,28.6,0.98,0.98,0.98,1.8,2.4,2.6,0.0,0.5,0.5,6080.0,5460.0,4440.0,0.6,0.6,0.6,28.6,28.6,28.7
2026-05-24 22:00:00,Prigi,1.0,1.2,0.0,7300.0,0.9,28.5,1.0,0.98,0.98,1.3,1.8,2.4,0.0,0.0,0.5,6680.0,6080.0,5460.0,0.8,0.6,0.6,28.6,28.6,28.6
2026-05-24 23:00:00,Prigi,1.0,1.1,0.1,5640.0,1.0,28.5,1.0,1.0,0.98,1.2,1.3,1.8,0.0,0.0,0.0,7300.0,6680.0,6080.0,0.9,0.8,0.6,28.5,28.6,28.6
2026-05-25 00:00:00,Prigi,1.0,1.5,0.1,3960.0,1.2,28.5,1.0,1.0,1.0,1.1,1.2,1.3,0.1,0.0,0.0,5640.0,7300.0,6680.0,1.0,0.9,0.8,28.5,28.5,28.6
2026-05-25 01:00:00,Prigi,1.0,1.5,0.1,2300.0,1.2,28.5,1.0,1.0,1.0,1.5,1.1,1.2,0.1,0.1,0.0,3960.0,5640.0,7300.0,1.2,1.0,0.9,28.5,28.5,28.5
2026-05-25 02:00:00,Prigi,1.0,0.9,0.1,2160.0,1.3,28.4,1.0,1.0,1.0,1.5,1.5,1.1,0.1,0.1,0.1,2300.0,3960.0,5640.0,1.2,1.2,1.0,28.5,28.5,28.5
2026-05-25 03:00:00,Prigi,1.02,1.4,0.1,2020.0,1.2,28.4,1.0,1.0,1.0,0.9,1.5,1.5,0.1,0.1,0.1,2160.0,2300.0,3960.0,1.3,1.2,1.2,28.4,28.5,28.5
2026-05-25 04:00:00,Prigi,1.02,1.8,0.1,1880.0,1.0,28.4,1.02,1.0,1.0,1.4,0.9,1.5,0.1,0.1,0.1,2020.0,2160.0,2300.0,1.2,1.3,1.2,28.4,28.4,28.5
2026-05-25 05:00:00,Prigi,1.02,1.7,0.2,3220.0,1.0,28.3,1.02,1.02,1.0,1.8,1.4,0.9,0.1,0.1,0.1,1880.0,2020.0,2160.0,1.0,1.2,1.3,28.4,28.4,28.4
2026-05-25 06:00:00,Prigi,1.04,3.2,0.2,4540.0,0.9,28.3,1.02,1.02,1.02,1.7,1.8,1.4,0.2,0.1,0.1,3220.0,1880.0,2020.0,1.0,1.0,1.2,28.3,28.4,28.4
2026-05-25 07:00:00,Prigi,1.04,5.1,0.2,5880.0,0.6,28.3,1.04,1.02,1.02,3.2,1.7,1.8,0.2,0.2,0.1,4540.0,3220.0,1880.0,0.9,1.0,1.0,28.3,28.3,28.4
2026-05-25 08:00:00,Prigi,1.06,6.4,0.1,7020.0,0.6,28.4,1.04,1.04,1.02,5.1,3.2,1.7,0.2,0.2,0.2,5880.0,4540.0,3220.0,0.6,0.9,1.0,28.3,28.3,28.3
2026-05-25 09:00:00,Prigi,1.06,7.6,0.1,8160.0,0.6,28.4,1.06,1.04,1.04,6.4,5.1,3.2,0.1,0.2,0.2,7020.0,5880.0,4540.0,0.6,0.6,0.9,28.4,28.3,28.3
2026-05-25 10:00:00,Prigi,1.08,8.7,0.1,9300.0,0.6,28.5,1.06,1.06,1.04,7.6,6.4,5.1,0.1,0.1,0.2,8160.0,7020.0,5880.0,0.6,0.6,0.6,28.4,28.4,28.3
2026-05-25 11:00:00,Prigi,1.1,9.7,0.0,10980.0,0.6,28.5,1.08,1.06,1.06,8.7,7.6,6.4,0.1,0.1,0.1,9300.0,8160.0,7020.0,0.6,0.6,0.6,28.5,28.4,28.4
2026-05-25 12:00:00,Prigi,1.12,10.7,0.0,12640.0,0.8,28.6,1.1,1.08,1.06,9.7,8.7,7.6,0.0,0.1,0.1,10980.0,9300.0,8160.0,0.6,0.6,0.6,28.5,28.5,28.4
2026-05-25 13:00:00,Prigi,1.14,11.3,0.0,14320.0,0.9,28.6,1.12,1.1,1.08,10.7,9.7,8.7,0.0,0.0,0.1,12640.0,10980.0,9300.0,0.8,0.6,0.6,28.6,28.5,28.5
2026-05-25 14:00:00,Prigi,1.14,11.9,0.1,12320.0,1.0,28.6,1.14,1.12,1.1,11.3,10.7,9.7,0.0,0.0,0.0,14320.0,12640.0,10980.0,0.9,0.8,0.6,28.6,28.6,28.5
2026-05-25 15:00:00,Prigi,1.16,12.0,0.1,10320.0,0.9,28.6,1.14,1.14,1.12,11.9,11.3,10.7,0.1,0.0,0.0,12320.0,14320.0,12640.0,1.0,0.9,0.8,28.6,28.6,28.6
2026-05-25 16:00:00,Prigi,1.16,11.4,0.1,8320.0,0.9,28.6,1.16,1.14,1.14,12.0,11.9,11.3,0.1,0.1,0.0,10320.0,12320.0,14320.0,0.9,1.0,0.9,28.6,28.6,28.6
2026-05-25 17:00:00,Prigi,1.16,9.0,0.2,7420.0,0.9,28.6,1.16,1.16,1.14,11.4,12.0,11.9,0.1,0.1,0.1,8320.0,10320.0,12320.0,0.9,0.9,1.0,28.6,28.6,28.6
2026-05-25 18:00:00,Prigi,1.18,5.7,0.2,6520.0,0.8,28.5,1.16,1.16,1.16,9.0,11.4,12.0,0.2,0.1,0.1,7420.0,8320.0,10320.0,0.9,0.9,0.9,28.6,28.6,28.6
2026-05-25 19:00:00,Prigi,1.18,3.1,0.2,5620.0,0.6,28.5,1.18,1.16,1.16,5.7,9.0,11.4,0.2,0.2,0.1,6520.0,7420.0,8320.0,0.8,0.9,0.9,28.5,28.6,28.6
2026-05-25 20:00:00,Prigi,1.2,2.1,0.2,6220.0,0.5,28.5,1.18,1.18,1.16,3.1,5.7,9.0,0.2,0.2,0.2,5620.0,6520.0,7420.0,0.6,0.8,0.9,28.5,28.5,28.6
2026-05-25 21:00:00,Prigi,1.2,2.1,0.2,6820.0,0.5,28.5,1.2,1.18,1.18,2.1,3.1,5.7,0.2,0.2,0.2,6220.0,5620.0,6520.0,0.5,0.6,0.8,28.5,28.5,28.5
2026-05-25 22:00:00,Prigi,1.22,2.2,0.2,7420.0,0.8,28.5,1.2,1.2,1.18,2.1,2.1,3.1,0.2,0.2,0.2,6820.0,6220.0,5620.0,0.5,0.5,0.6,28.5,28.5,28.5
2026-05-25 23:00:00,Prigi,1.22,1.8,0.1,7220.0,0.9,28.5,1.22,1.2,1.2,2.2,2.1,2.1,0.2,0.2,0.2,7420.0,6820.0,6220.0,0.8,0.5,0.5,28.5,28.5,28.5
2026-05-26 00:00:00,Prigi,1.24,1.5,0.1,7020.0,0.9,28.5,1.22,1.22,1.2,1.8,2.2,2.1,0.1,0.2,0.2,7220.0,7420.0,6820.0,0.9,0.8,0.5,28.5,28.5,28.5
2026-05-26 01:00:00,Prigi,1.24,1.4,0.1,6820.0,1.0,28.4,1.24,1.22,1.22,1.5,1.8,2.2,0.1,0.1,0.2,7020.0,7220.0,7420.0,0.9,0.9,0.8,28.5,28.5,28.5
2026-05-26 02:00:00,Prigi,1.24,1.8,0.0,7460.0,1.2,28.4,1.24,1.24,1.22,1.4,1.5,1.8,0.1,0.1,0.1,6820.0,7020.0,7220.0,1.0,0.9,0.9,28.4,28.5,28.5
2026-05-26 03:00:00,Prigi,1.24,2.5,0.0,8040.0,1.2,28.4,1.24,1.24,1.24,1.8,1.4,1.5,0.0,0.1,0.1,7460.0,6820.0,7020.0,1.2,1.0,0.9,28.4,28.4,28.5
2026-05-26 04:00:00,Prigi,1.24,3.4,0.0,8640.0,1.0,28.3,1.24,1.24,1.24,2.5,1.8,1.4,0.0,0.0,0.1,8040.0,7460.0,6820.0,1.2,1.2,1.0,28.4,28.4,28.4
2026-05-26 05:00:00,Prigi,1.24,3.6,0.0,9240.0,1.0,28.2,1.24,1.24,1.24,3.4,2.5,1.8,0.0,0.0,0.0,8640.0,8040.0,7460.0,1.0,1.2,1.2,28.3,28.4,28.4
2026-05-26 06:00:00,Prigi,1.26,3.5,0.0,9820.0,0.8,28.2,1.24,1.24,1.24,3.6,3.4,2.5,0.0,0.0,0.0,9240.0,8640.0,8040.0,1.0,1.0,1.2,28.2,28.3,28.4
2026-05-26 07:00:00,Prigi,1.26,2.7,0.0,10420.0,0.6,28.2,1.26,1.24,1.24,3.5,3.6,3.4,0.0,0.0,0.0,9820.0,9240.0,8640.0,0.8,1.0,1.0,28.2,28.2,28.3
2026-05-26 08:00:00,Prigi,1.26,0.7,0.2,9340.0,0.4,28.2,1.26,1.26,1.24,2.7,3.5,3.6,0.0,0.0,0.0,10420.0,9820.0,9240.0,0.6,0.8,1.0,28.2,28.2,28.2
2026-05-26 09:00:00,Prigi,1.28,2.9,0.2,8260.0,0.4,28.3,1.26,1.26,1.26,0.7,2.7,3.5,0.2,0.0,0.0,9340.0,10420.0,9820.0,0.4,0.6,0.8,28.2,28.2,28.2
2026-05-26 10:00:00,Prigi,1.28,6.9,0.2,7180.0,0.4,28.4,1.28,1.26,1.26,2.9,0.7,2.7,0.2,0.2,0.0,8260.0,9340.0,10420.0,0.4,0.4,0.6,28.3,28.2,28.2
2026-05-26 11:00:00,Prigi,1.3,10.8,0.2,6100.0,0.4,28.4,1.28,1.28,1.26,6.9,2.9,0.7,0.2,0.2,0.2,7180.0,8260.0,9340.0,0.4,0.4,0.4,28.4,28.3,28.2
2026-05-26 12:00:00,Prigi,1.3,14.0,0.2,5020.0,0.5,28.4,1.3,1.28,1.28,10.8,6.9,2.9,0.2,0.2,0.2,6100.0,7180.0,8260.0,0.4,0.4,0.4,28.4,28.4,28.3
2026-05-26 13:00:00,Prigi,1.32,15.9,0.2,3940.0,0.5,28.5,1.3,1.3,1.28,14.0,10.8,6.9,0.2,0.2,0.2,5020.0,6100.0,7180.0,0.5,0.4,0.4,28.4,28.4,28.4
2026-05-26 14:00:00,Prigi,1.34,16.4,0.3,4880.0,0.8,28.5,1.32,1.3,1.3,15.9,14.0,10.8,0.2,0.2,0.2,3940.0,5020.0,6100.0,0.5,0.5,0.4,28.5,28.4,28.4
2026-05-26 15:00:00,Prigi,1.34,15.8,0.3,5840.0,0.8,28.5,1.34,1.32,1.3,16.4,15.9,14.0,0.3,0.2,0.2,4880.0,3940.0,5020.0,0.8,0.5,0.5,28.5,28.5,28.4
2026-05-26 16:00:00,Prigi,1.36,14.7,0.3,6780.0,0.8,28.5,1.34,1.34,1.32,15.8,16.4,15.9,0.3,0.3,0.2,5840.0,4880.0,3940.0,0.8,0.8,0.5,28.5,28.5,28.5
2026-05-26 17:00:00,Prigi,1.36,13.2,0.3,7720.0,0.8,28.5,1.36,1.34,1.34,14.7,15.8,16.4,0.3,0.3,0.3,6780.0,5840.0,4880.0,0.8,0.8,0.8,28.5,28.5,28.5
2026-05-26 18:00:00,Prigi,1.38,11.9,0.3,8680.0,0.6,28.5,1.36,1.36,1.34,13.2,14.7,15.8,0.3,0.3,0.3,7720.0,6780.0,5840.0,0.8,0.8,0.8,28.5,28.5,28.5
2026-05-26 19:00:00,Prigi,1.38,10.8,0.3,9620.0,0.4,28.5,1.38,1.36,1.36,11.9,13.2,14.7,0.3,0.3,0.3,8680.0,7720.0,6780.0,0.6,0.8,0.8,28.5,28.5,28.5
2026-05-26 20:00:00,Prigi,1.38,9.6,0.1,8880.0,0.4,28.5,1.38,1.38,1.36,10.8,11.9,13.2,0.3,0.3,0.3,9620.0,8680.0,7720.0,0.4,0.6,0.8,28.5,28.5,28.5
2026-05-26 21:00:00,Prigi,1.4,8.3,0.1,8140.0,0.4,28.4,1.38,1.38,1.38,9.6,10.8,11.9,0.1,0.3,0.3,8880.0,9620.0,8680.0,0.4,0.4,0.6,28.5,28.5,28.5
2026-05-26 22:00:00,Prigi,1.4,6.7,0.1,7400.0,0.4,28.4,1.4,1.38,1.38,8.3,9.6,10.8,0.1,0.1,0.3,8140.0,8880.0,9620.0,0.4,0.4,0.4,28.4,28.5,28.5
2026-05-26 23:00:00,Prigi,1.4,5.1,0.1,6660.0,0.4,28.4,1.4,1.4,1.38,6.7,8.3,9.6,0.1,0.1,0.1,7400.0,8140.0,8880.0,0.4,0.4,0.4,28.4,28.4,28.5
2026-05-20 03:00:00,Probolinggo,0.04,4.4,0.0,4600.0,0.0,31.0,0.04,0.04,0.04,4.9,5.2,5.8,0.0,0.0,0.0,9240.0,15760.0,15680.0,0.0,0.0,0.0,31.1,31.1,31.1
2026-05-20 04:00:00,Probolinggo,0.04,4.7,0.0,2460.0,0.0,31.0,0.04,0.04,0.04,4.4,4.9,5.2,0.0,0.0,0.0,4600.0,9240.0,15760.0,0.0,0.0,0.0,31.0,31.1,31.1
2026-05-20 05:00:00,Probolinggo,0.04,4.5,0.0,1680.0,0.0,31.0,0.04,0.04,0.04,4.7,4.4,4.9,0.0,0.0,0.0,2460.0,4600.0,9240.0,0.0,0.0,0.0,31.0,31.0,31.1
2026-05-20 06:00:00,Probolinggo,0.04,4.4,0.0,18020.0,0.0,31.0,0.04,0.04,0.04,4.5,4.7,4.4,0.0,0.0,0.0,1680.0,2460.0,4600.0,0.0,0.0,0.0,31.0,31.0,31.0
2026-05-20 07:00:00,Probolinggo,0.04,3.5,0.0,20320.0,0.0,31.0,0.04,0.04,0.04,4.4,4.5,4.7,0.0,0.0,0.0,18020.0,1680.0,2460.0,0.0,0.0,0.0,31.0,31.0,31.0
2026-05-20 08:00:00,Probolinggo,0.04,2.7,0.0,22920.0,0.0,31.0,0.04,0.04,0.04,3.5,4.4,4.5,0.0,0.0,0.0,20320.0,18020.0,1680.0,0.0,0.0,0.0,31.0,31.0,31.0
2026-05-20 09:00:00,Probolinggo,0.04,5.2,0.2,6280.0,0.0,31.1,0.04,0.04,0.04,2.7,3.5,4.4,0.0,0.0,0.0,22920.0,20320.0,18020.0,0.0,0.0,0.0,31.0,31.0,31.0
2026-05-20 10:00:00,Probolinggo,0.04,5.4,0.1,13560.0,0.0,31.2,0.04,0.04,0.04,5.2,2.7,3.5,0.2,0.0,0.0,6280.0,22920.0,20320.0,0.0,0.0,0.0,31.1,31.0,31.0
2026-05-20 11:00:00,Probolinggo,0.04,6.4,0.1,12500.0,0.2,31.3,0.04,0.04,0.04,5.4,5.2,2.7,0.1,0.2,0.0,13560.0,6280.0,22920.0,0.0,0.0,0.0,31.2,31.1,31.0
2026-05-20 12:00:00,Probolinggo,0.04,6.1,0.0,19020.0,0.3,31.4,0.04,0.04,0.04,6.4,5.4,5.2,0.1,0.1,0.2,12500.0,13560.0,6280.0,0.2,0.0,0.0,31.3,31.2,31.1
2026-05-20 13:00:00,Probolinggo,0.04,8.9,0.0,25200.0,0.3,31.4,0.04,0.04,0.04,6.1,6.4,5.4,0.0,0.1,0.1,19020.0,12500.0,13560.0,0.3,0.2,0.0,31.4,31.3,31.2
2026-05-20 14:00:00,Probolinggo,0.06,11.5,0.0,22920.0,0.3,31.4,0.04,0.04,0.04,8.9,6.1,6.4,0.0,0.0,0.1,25200.0,19020.0,12500.0,0.3,0.3,0.2,31.4,31.4,31.3
2026-05-20 15:00:00,Probolinggo,0.06,11.1,0.1,9100.0,0.3,31.4,0.06,0.04,0.04,11.5,8.9,6.1,0.0,0.0,0.0,22920.0,25200.0,19020.0,0.3,0.3,0.3,31.4,31.4,31.4
2026-05-20 16:00:00,Probolinggo,0.08,8.5,0.4,4620.0,0.3,31.4,0.06,0.06,0.04,11.1,11.5,8.9,0.1,0.0,0.0,9100.0,22920.0,25200.0,0.3,0.3,0.3,31.4,31.4,31.4
2026-05-20 17:00:00,Probolinggo,0.12,3.4,0.6,3640.0,0.2,31.3,0.08,0.06,0.06,8.5,11.1,11.5,0.4,0.1,0.0,4620.0,9100.0,22920.0,0.3,0.3,0.3,31.4,31.4,31.4
2026-05-20 18:00:00,Probolinggo,0.14,3.1,0.4,7220.0,0.0,31.3,0.12,0.08,0.06,3.4,8.5,11.1,0.6,0.4,0.1,3640.0,4620.0,9100.0,0.2,0.3,0.3,31.3,31.4,31.4
2026-05-20 19:00:00,Probolinggo,0.18,0.7,0.0,5500.0,0.0,31.2,0.14,0.12,0.08,3.1,3.4,8.5,0.4,0.6,0.4,7220.0,3640.0,4620.0,0.0,0.2,0.3,31.3,31.3,31.4
2026-05-20 20:00:00,Probolinggo,0.18,1.7,0.5,5440.0,0.0,31.2,0.18,0.14,0.12,0.7,3.1,3.4,0.0,0.4,0.6,5500.0,7220.0,3640.0,0.0,0.0,0.2,31.2,31.3,31.3
2026-05-20 21:00:00,Probolinggo,0.18,1.9,0.4,5460.0,0.0,31.2,0.18,0.18,0.14,1.7,0.7,3.1,0.5,0.0,0.4,5440.0,5500.0,7220.0,0.0,0.0,0.0,31.2,31.2,31.3
2026-05-20 22:00:00,Probolinggo,0.18,4.4,0.0,7820.0,0.0,31.2,0.18,0.18,0.18,1.9,1.7,0.7,0.4,0.5,0.0,5460.0,5440.0,5500.0,0.0,0.0,0.0,31.2,31.2,31.2
2026-05-20 23:00:00,Probolinggo,0.18,3.3,0.0,6940.0,0.0,31.2,0.18,0.18,0.18,4.4,1.9,1.7,0.0,0.4,0.5,7820.0,5460.0,5440.0,0.0,0.0,0.0,31.2,31.2,31.2
2026-05-21 00:00:00,Probolinggo,0.18,3.8,0.0,4440.0,0.0,31.1,0.18,0.18,0.18,3.3,4.4,1.9,0.0,0.0,0.4,6940.0,7820.0,5460.0,0.0,0.0,0.0,31.2,31.2,31.2
2026-05-21 01:00:00,Probolinggo,0.18,4.2,0.2,6240.0,0.0,31.1,0.18,0.18,0.18,3.8,3.3,4.4,0.0,0.0,0.0,4440.0,6940.0,7820.0,0.0,0.0,0.0,31.1,31.2,31.2
2026-05-21 02:00:00,Probolinggo,0.16,3.3,0.1,8640.0,0.0,31.1,0.18,0.18,0.18,4.2,3.8,3.3,0.2,0.0,0.0,6240.0,4440.0,6940.0,0.0,0.0,0.0,31.1,31.1,31.2
2026-05-21 03:00:00,Probolinggo,0.16,2.7,0.0,9600.0,0.0,31.1,0.16,0.18,0.18,3.3,4.2,3.8,0.1,0.2,0.0,8640.0,6240.0,4440.0,0.0,0.0,0.0,31.1,31.1,31.1
2026-05-21 04:00:00,Probolinggo,0.14,2.6,0.0,5660.0,0.0,31.0,0.16,0.16,0.18,2.7,3.3,4.2,0.0,0.1,0.2,9600.0,8640.0,6240.0,0.0,0.0,0.0,31.1,31.1,31.1
2026-05-21 05:00:00,Probolinggo,0.14,5.3,0.0,11280.0,0.0,31.0,0.14,0.16,0.16,2.6,2.7,3.3,0.0,0.0,0.1,5660.0,9600.0,8640.0,0.0,0.0,0.0,31.0,31.1,31.1
2026-05-21 06:00:00,Probolinggo,0.14,7.4,0.0,12380.0,0.0,31.0,0.14,0.14,0.16,5.3,2.6,2.7,0.0,0.0,0.0,11280.0,5660.0,9600.0,0.0,0.0,0.0,31.0,31.0,31.1
2026-05-21 07:00:00,Probolinggo,0.14,6.4,0.0,17700.0,0.0,31.0,0.14,0.14,0.14,7.4,5.3,2.6,0.0,0.0,0.0,12380.0,11280.0,5660.0,0.0,0.0,0.0,31.0,31.0,31.0
2026-05-21 08:00:00,Probolinggo,0.14,4.1,0.0,19300.0,0.0,31.1,0.14,0.14,0.14,6.4,7.4,5.3,0.0,0.0,0.0,17700.0,12380.0,11280.0,0.0,0.0,0.0,31.0,31.0,31.0
2026-05-21 09:00:00,Probolinggo,0.14,3.7,0.0,7180.0,0.0,31.1,0.14,0.14,0.14,4.1,6.4,7.4,0.0,0.0,0.0,19300.0,17700.0,12380.0,0.0,0.0,0.0,31.1,31.0,31.0
2026-05-21 10:00:00,Probolinggo,0.14,8.5,0.2,8520.0,0.2,31.2,0.14,0.14,0.14,3.7,4.1,6.4,0.0,0.0,0.0,7180.0,19300.0,17700.0,0.0,0.0,0.0,31.1,31.1,31.0
2026-05-21 11:00:00,Probolinggo,0.14,7.7,0.1,7420.0,0.3,31.4,0.14,0.14,0.14,8.5,3.7,4.1,0.2,0.0,0.0,8520.0,7180.0,19300.0,0.2,0.0,0.0,31.2,31.1,31.1
2026-05-21 12:00:00,Probolinggo,0.14,8.7,0.6,4920.0,0.3,31.4,0.14,0.14,0.14,7.7,8.5,3.7,0.1,0.2,0.0,7420.0,8520.0,7180.0,0.3,0.2,0.0,31.4,31.2,31.1
2026-05-21 13:00:00,Probolinggo,0.14,5.6,0.4,6340.0,0.3,31.5,0.14,0.14,0.14,8.7,7.7,8.5,0.6,0.1,0.2,4920.0,7420.0,8520.0,0.3,0.3,0.2,31.4,31.4,31.2
2026-05-21 14:00:00,Probolinggo,0.14,4.4,0.2,7480.0,0.3,31.5,0.14,0.14,0.14,5.6,8.7,7.7,0.4,0.6,0.1,6340.0,4920.0,7420.0,0.3,0.3,0.3,31.5,31.4,31.4
2026-05-21 15:00:00,Probolinggo,0.12,6.4,0.2,9800.0,0.3,31.4,0.14,0.14,0.14,4.4,5.6,8.7,0.2,0.4,0.6,7480.0,6340.0,4920.0,0.3,0.3,0.3,31.5,31.5,31.4
2026-05-21 16:00:00,Probolinggo,0.12,3.4,0.1,12880.0,0.3,31.4,0.12,0.14,0.14,6.4,4.4,5.6,0.2,0.2,0.4,9800.0,7480.0,6340.0,0.3,0.3,0.3,31.4,31.5,31.5
2026-05-21 17:00:00,Probolinggo,0.12,1.1,0.0,17040.0,0.2,31.4,0.12,0.12,0.14,3.4,6.4,4.4,0.1,0.2,0.2,12880.0,9800.0,7480.0,0.3,0.3,0.3,31.4,31.4,31.5
2026-05-21 18:00:00,Probolinggo,0.12,2.9,0.0,19340.0,0.2,31.3,0.12,0.12,0.12,1.1,3.4,6.4,0.0,0.1,0.2,17040.0,12880.0,9800.0,0.2,0.3,0.3,31.4,31.4,31.4
2026-05-21 19:00:00,Probolinggo,0.12,4.0,0.0,16780.0,0.0,31.2,0.12,0.12,0.12,2.9,1.1,3.4,0.0,0.0,0.1,19340.0,17040.0,12880.0,0.2,0.2,0.3,31.3,31.4,31.4
2026-05-21 20:00:00,Probolinggo,0.12,3.8,0.0,14820.0,0.0,31.2,0.12,0.12,0.12,4.0,2.9,1.1,0.0,0.0,0.0,16780.0,19340.0,17040.0,0.0,0.2,0.2,31.2,31.3,31.4
2026-05-21 21:00:00,Probolinggo,0.1,3.7,0.0,12780.0,0.0,31.2,0.12,0.12,0.12,3.8,4.0,2.9,0.0,0.0,0.0,14820.0,16780.0,19340.0,0.0,0.0,0.2,31.2,31.2,31.3
2026-05-21 22:00:00,Probolinggo,0.1,3.3,0.0,11320.0,0.0,31.2,0.1,0.12,0.12,3.7,3.8,4.0,0.0,0.0,0.0,12780.0,14820.0,16780.0,0.0,0.0,0.0,31.2,31.2,31.2
2026-05-21 23:00:00,Probolinggo,0.1,3.5,0.0,6420.0,0.0,31.2,0.1,0.1,0.12,3.3,3.7,3.8,0.0,0.0,0.0,11320.0,12780.0,14820.0,0.0,0.0,0.0,31.2,31.2,31.2
2026-05-22 00:00:00,Probolinggo,0.1,5.7,0.0,5880.0,0.0,31.2,0.1,0.1,0.1,3.5,3.3,3.7,0.0,0.0,0.0,6420.0,11320.0,12780.0,0.0,0.0,0.0,31.2,31.2,31.2
2026-05-22 01:00:00,Probolinggo,0.1,3.1,0.0,14820.0,0.0,31.2,0.1,0.1,0.1,5.7,3.5,3.3,0.0,0.0,0.0,5880.0,6420.0,11320.0,0.0,0.0,0.0,31.2,31.2,31.2
2026-05-22 02:00:00,Probolinggo,0.1,4.7,0.0,5540.0,0.0,31.2,0.1,0.1,0.1,3.1,5.7,3.5,0.0,0.0,0.0,14820.0,5880.0,6420.0,0.0,0.0,0.0,31.2,31.2,31.2
2026-05-22 03:00:00,Probolinggo,0.1,5.0,0.0,1540.0,0.0,31.1,0.1,0.1,0.1,4.7,3.1,5.7,0.0,0.0,0.0,5540.0,14820.0,5880.0,0.0,0.0,0.0,31.2,31.2,31.2
2026-05-22 04:00:00,Probolinggo,0.1,2.4,0.0,1500.0,0.0,31.1,0.1,0.1,0.1,5.0,4.7,3.1,0.0,0.0,0.0,1540.0,5540.0,14820.0,0.0,0.0,0.0,31.1,31.2,31.2
2026-05-22 05:00:00,Probolinggo,0.1,2.5,0.0,2160.0,0.0,31.1,0.1,0.1,0.1,2.4,5.0,4.7,0.0,0.0,0.0,1500.0,1540.0,5540.0,0.0,0.0,0.0,31.1,31.1,31.2
2026-05-22 06:00:00,Probolinggo,0.08,4.7,0.0,4880.0,0.0,31.1,0.1,0.1,0.1,2.5,2.4,5.0,0.0,0.0,0.0,2160.0,1500.0,1540.0,0.0,0.0,0.0,31.1,31.1,31.1
2026-05-22 07:00:00,Probolinggo,0.08,5.2,0.0,20660.0,0.0,31.1,0.08,0.1,0.1,4.7,2.5,2.4,0.0,0.0,0.0,4880.0,2160.0,1500.0,0.0,0.0,0.0,31.1,31.1,31.1
2026-05-22 08:00:00,Probolinggo,0.08,5.6,0.0,20660.0,0.0,31.1,0.08,0.08,0.1,5.2,4.7,2.5,0.0,0.0,0.0,20660.0,4880.0,2160.0,0.0,0.0,0.0,31.1,31.1,31.1
2026-05-22 09:00:00,Probolinggo,0.08,7.0,0.0,12780.0,0.0,31.2,0.08,0.08,0.08,5.6,5.2,4.7,0.0,0.0,0.0,20660.0,20660.0,4880.0,0.0,0.0,0.0,31.1,31.1,31.1
2026-05-22 10:00:00,Probolinggo,0.08,6.5,0.4,6660.0,0.0,31.4,0.08,0.08,0.08,7.0,5.6,5.2,0.0,0.0,0.0,12780.0,20660.0,20660.0,0.0,0.0,0.0,31.2,31.1,31.1
2026-05-22 11:00:00,Probolinggo,0.08,7.1,0.1,17980.0,0.2,31.5,0.08,0.08,0.08,6.5,7.0,5.6,0.4,0.0,0.0,6660.0,12780.0,20660.0,0.0,0.0,0.0,31.4,31.2,31.1
2026-05-22 12:00:00,Probolinggo,0.08,7.5,0.2,4540.0,0.2,31.6,0.08,0.08,0.08,7.1,6.5,7.0,0.1,0.4,0.0,17980.0,6660.0,12780.0,0.2,0.0,0.0,31.5,31.4,31.2
2026-05-22 13:00:00,Probolinggo,0.08,7.5,0.7,6460.0,0.2,31.6,0.08,0.08,0.08,7.5,7.1,6.5,0.2,0.1,0.4,4540.0,17980.0,6660.0,0.2,0.2,0.0,31.6,31.5,31.4
2026-05-22 14:00:00,Probolinggo,0.08,4.4,0.6,4340.0,0.2,31.6,0.08,0.08,0.08,7.5,7.5,7.1,0.7,0.2,0.1,6460.0,4540.0,17980.0,0.2,0.2,0.2,31.6,31.6,31.5
2026-05-22 15:00:00,Probolinggo,0.1,6.2,0.8,4760.0,0.2,31.6,0.08,0.08,0.08,4.4,7.5,7.5,0.6,0.7,0.2,4340.0,6460.0,4540.0,0.2,0.2,0.2,31.6,31.6,31.6
2026-05-22 16:00:00,Probolinggo,0.1,6.4,0.5,7200.0,0.0,31.5,0.1,0.08,0.08,6.2,4.4,7.5,0.8,0.6,0.7,4760.0,4340.0,6460.0,0.2,0.2,0.2,31.6,31.6,31.6
2026-05-22 17:00:00,Probolinggo,0.1,10.3,0.1,16400.0,0.0,31.5,0.1,0.1,0.08,6.4,6.2,4.4,0.5,0.8,0.6,7200.0,4760.0,4340.0,0.0,0.2,0.2,31.5,31.6,31.6
2026-05-22 18:00:00,Probolinggo,0.1,13.9,0.0,16280.0,0.0,31.4,0.1,0.1,0.1,10.3,6.4,6.2,0.1,0.5,0.8,16400.0,7200.0,4760.0,0.0,0.0,0.2,31.5,31.5,31.6
2026-05-22 19:00:00,Probolinggo,0.1,12.2,0.0,17260.0,0.0,31.3,0.1,0.1,0.1,13.9,10.3,6.4,0.0,0.1,0.5,16280.0,16400.0,7200.0,0.0,0.0,0.0,31.4,31.5,31.5
2026-05-22 20:00:00,Probolinggo,0.1,10.7,0.0,18120.0,0.0,31.2,0.1,0.1,0.1,12.2,13.9,10.3,0.0,0.0,0.1,17260.0,16280.0,16400.0,0.0,0.0,0.0,31.3,31.4,31.5
2026-05-22 21:00:00,Probolinggo,0.12,8.4,0.0,8460.0,0.0,31.2,0.1,0.1,0.1,10.7,12.2,13.9,0.0,0.0,0.0,18120.0,17260.0,16280.0,0.0,0.0,0.0,31.2,31.3,31.4
2026-05-22 22:00:00,Probolinggo,0.12,4.8,0.0,10340.0,0.0,31.2,0.12,0.1,0.1,8.4,10.7,12.2,0.0,0.0,0.0,8460.0,18120.0,17260.0,0.0,0.0,0.0,31.2,31.2,31.3
2026-05-22 23:00:00,Probolinggo,0.12,3.9,0.0,3000.0,0.0,31.2,0.12,0.12,0.1,4.8,8.4,10.7,0.0,0.0,0.0,10340.0,8460.0,18120.0,0.0,0.0,0.0,31.2,31.2,31.2
2026-05-23 00:00:00,Probolinggo,0.12,2.3,0.0,1360.0,0.0,31.2,0.12,0.12,0.12,3.9,4.8,8.4,0.0,0.0,0.0,3000.0,10340.0,8460.0,0.0,0.0,0.0,31.2,31.2,31.2
2026-05-23 01:00:00,Probolinggo,0.12,3.6,0.0,880.0,0.0,31.2,0.12,0.12,0.12,2.3,3.9,4.8,0.0,0.0,0.0,1360.0,3000.0,10340.0,0.0,0.0,0.0,31.2,31.2,31.2
2026-05-23 02:00:00,Probolinggo,0.12,3.1,0.0,800.0,0.0,31.2,0.12,0.12,0.12,3.6,2.3,3.9,0.0,0.0,0.0,880.0,1360.0,3000.0,0.0,0.0,0.0,31.2,31.2,31.2
2026-05-23 03:00:00,Probolinggo,0.1,2.9,0.0,860.0,0.0,31.1,0.12,0.12,0.12,3.1,3.6,2.3,0.0,0.0,0.0,800.0,880.0,1360.0,0.0,0.0,0.0,31.2,31.2,31.2
2026-05-23 04:00:00,Probolinggo,0.1,2.7,0.0,1100.0,0.0,31.1,0.1,0.12,0.12,2.9,3.1,3.6,0.0,0.0,0.0,860.0,800.0,880.0,0.0,0.0,0.0,31.1,31.2,31.2
2026-05-23 05:00:00,Probolinggo,0.1,2.7,0.0,1900.0,0.0,31.1,0.1,0.1,0.12,2.7,2.9,3.1,0.0,0.0,0.0,1100.0,860.0,800.0,0.0,0.0,0.0,31.1,31.1,31.2
2026-05-23 06:00:00,Probolinggo,0.1,3.1,0.0,15880.0,0.0,31.1,0.1,0.1,0.1,2.7,2.7,2.9,0.0,0.0,0.0,1900.0,1100.0,860.0,0.0,0.0,0.0,31.1,31.1,31.1
2026-05-23 07:00:00,Probolinggo,0.1,1.4,0.0,20700.0,0.0,31.1,0.1,0.1,0.1,3.1,2.7,2.7,0.0,0.0,0.0,15880.0,1900.0,1100.0,0.0,0.0,0.0,31.1,31.1,31.1
2026-05-23 08:00:00,Probolinggo,0.1,1.5,0.0,20700.0,0.2,31.2,0.1,0.1,0.1,1.4,3.1,2.7,0.0,0.0,0.0,20700.0,15880.0,1900.0,0.0,0.0,0.0,31.1,31.1,31.1
2026-05-23 09:00:00,Probolinggo,0.1,0.6,0.0,23060.0,0.2,31.3,0.1,0.1,0.1,1.5,1.4,3.1,0.0,0.0,0.0,20700.0,20700.0,15880.0,0.2,0.0,0.0,31.2,31.1,31.1
2026-05-23 10:00:00,Probolinggo,0.1,1.1,0.0,13020.0,0.2,31.4,0.1,0.1,0.1,0.6,1.5,1.4,0.0,0.0,0.0,23060.0,20700.0,20700.0,0.2,0.2,0.0,31.3,31.2,31.1
2026-05-23 11:00:00,Probolinggo,0.1,4.6,0.0,9920.0,0.2,31.5,0.1,0.1,0.1,1.1,0.6,1.5,0.0,0.0,0.0,13020.0,23060.0,20700.0,0.2,0.2,0.2,31.4,31.3,31.2
2026-05-23 12:00:00,Probolinggo,0.1,7.7,0.4,5500.0,0.3,31.5,0.1,0.1,0.1,4.6,1.1,0.6,0.0,0.0,0.0,9920.0,13020.0,23060.0,0.2,0.2,0.2,31.5,31.4,31.3
2026-05-23 13:00:00,Probolinggo,0.1,9.7,1.7,2160.0,0.3,31.6,0.1,0.1,0.1,7.7,4.6,1.1,0.4,0.0,0.0,5500.0,9920.0,13020.0,0.3,0.2,0.2,31.5,31.5,31.4
2026-05-23 14:00:00,Probolinggo,0.1,4.4,2.1,3960.0,0.3,31.6,0.1,0.1,0.1,9.7,7.7,4.6,1.7,0.4,0.0,2160.0,5500.0,9920.0,0.3,0.3,0.2,31.6,31.5,31.5
2026-05-23 15:00:00,Probolinggo,0.08,12.2,1.1,3760.0,0.3,31.5,0.1,0.1,0.1,4.4,9.7,7.7,2.1,1.7,0.4,3960.0,2160.0,5500.0,0.3,0.3,0.3,31.6,31.6,31.5
2026-05-23 16:00:00,Probolinggo,0.08,11.5,0.3,10840.0,0.0,31.5,0.08,0.1,0.1,12.2,4.4,9.7,1.1,2.1,1.7,3760.0,3960.0,2160.0,0.3,0.3,0.3,31.5,31.6,31.6
2026-05-23 17:00:00,Probolinggo,0.08,12.1,0.0,13640.0,0.0,31.5,0.08,0.08,0.1,11.5,12.2,4.4,0.3,1.1,2.1,10840.0,3760.0,3960.0,0.0,0.3,0.3,31.5,31.5,31.6
2026-05-23 18:00:00,Probolinggo,0.08,11.3,0.1,7600.0,0.0,31.4,0.08,0.08,0.08,12.1,11.5,12.2,0.0,0.3,1.1,13640.0,10840.0,3760.0,0.0,0.0,0.3,31.5,31.5,31.5
2026-05-23 19:00:00,Probolinggo,0.08,11.8,0.0,18160.0,0.0,31.4,0.08,0.08,0.08,11.3,12.1,11.5,0.1,0.0,0.3,7600.0,13640.0,10840.0,0.0,0.0,0.0,31.4,31.5,31.5
2026-05-23 20:00:00,Probolinggo,0.08,10.4,0.0,13640.0,0.0,31.3,0.08,0.08,0.08,11.8,11.3,12.1,0.0,0.1,0.0,18160.0,7600.0,13640.0,0.0,0.0,0.0,31.4,31.4,31.5
2026-05-23 21:00:00,Probolinggo,0.08,8.3,0.0,9120.0,0.0,31.3,0.08,0.08,0.08,10.4,11.8,11.3,0.0,0.0,0.1,13640.0,18160.0,7600.0,0.0,0.0,0.0,31.3,31.4,31.4
2026-05-23 22:00:00,Probolinggo,0.08,6.2,0.0,4600.0,0.0,31.3,0.08,0.08,0.08,8.3,10.4,11.8,0.0,0.0,0.0,9120.0,13640.0,18160.0,0.0,0.0,0.0,31.3,31.3,31.4
2026-05-23 23:00:00,Probolinggo,0.08,4.3,0.0,3860.0,0.0,31.3,0.08,0.08,0.08,6.2,8.3,10.4,0.0,0.0,0.0,4600.0,9120.0,13640.0,0.0,0.0,0.0,31.3,31.3,31.3
2026-05-24 00:00:00,Probolinggo,0.06,2.5,0.0,3100.0,0.0,31.2,0.08,0.08,0.08,4.3,6.2,8.3,0.0,0.0,0.0,3860.0,4600.0,9120.0,0.0,0.0,0.0,31.3,31.3,31.3
2026-05-24 01:00:00,Probolinggo,0.06,2.2,0.0,2360.0,0.0,31.2,0.06,0.08,0.08,2.5,4.3,6.2,0.0,0.0,0.0,3100.0,3860.0,4600.0,0.0,0.0,0.0,31.2,31.3,31.3
2026-05-24 02:00:00,Probolinggo,0.06,2.4,0.0,2160.0,0.0,31.2,0.06,0.06,0.08,2.2,2.5,4.3,0.0,0.0,0.0,2360.0,3100.0,3860.0,0.0,0.0,0.0,31.2,31.2,31.3
2026-05-24 03:00:00,Probolinggo,0.06,3.2,0.0,1980.0,0.0,31.2,0.06,0.06,0.06,2.4,2.2,2.5,0.0,0.0,0.0,2160.0,2360.0,3100.0,0.0,0.0,0.0,31.2,31.2,31.2
2026-05-24 04:00:00,Probolinggo,0.06,3.6,0.0,1780.0,0.0,31.2,0.06,0.06,0.06,3.2,2.4,2.2,0.0,0.0,0.0,1980.0,2160.0,2360.0,0.0,0.0,0.0,31.2,31.2,31.2
2026-05-24 05:00:00,Probolinggo,0.06,2.7,0.0,8100.0,0.0,31.1,0.06,0.06,0.06,3.6,3.2,2.4,0.0,0.0,0.0,1780.0,1980.0,2160.0,0.0,0.0,0.0,31.2,31.2,31.2
2026-05-24 06:00:00,Probolinggo,0.04,1.3,0.0,14420.0,0.0,31.1,0.06,0.06,0.06,2.7,3.6,3.2,0.0,0.0,0.0,8100.0,1780.0,1980.0,0.0,0.0,0.0,31.1,31.2,31.2
2026-05-24 07:00:00,Probolinggo,0.04,0.7,0.0,20740.0,0.0,31.1,0.04,0.06,0.06,1.3,2.7,3.6,0.0,0.0,0.0,14420.0,8100.0,1780.0,0.0,0.0,0.0,31.1,31.1,31.2
2026-05-24 08:00:00,Probolinggo,0.04,1.2,0.0,16240.0,0.0,31.2,0.04,0.04,0.06,0.7,1.3,2.7,0.0,0.0,0.0,20740.0,14420.0,8100.0,0.0,0.0,0.0,31.1,31.1,31.1
2026-05-24 09:00:00,Probolinggo,0.04,1.5,0.0,11720.0,0.3,31.2,0.04,0.04,0.04,1.2,0.7,1.3,0.0,0.0,0.0,16240.0,20740.0,14420.0,0.0,0.0,0.0,31.2,31.1,31.1
2026-05-24 10:00:00,Probolinggo,0.04,2.3,0.0,7220.0,0.3,31.3,0.04,0.04,0.04,1.5,1.2,0.7,0.0,0.0,0.0,11720.0,16240.0,20740.0,0.3,0.0,0.0,31.2,31.2,31.1
2026-05-24 11:00:00,Probolinggo,0.04,4.7,0.1,7120.0,0.3,31.4,0.04,0.04,0.04,2.3,1.5,1.2,0.0,0.0,0.0,7220.0,11720.0,16240.0,0.3,0.3,0.0,31.3,31.2,31.2
2026-05-24 12:00:00,Probolinggo,0.04,7.8,0.1,7020.0,0.4,31.4,0.04,0.04,0.04,4.7,2.3,1.5,0.1,0.0,0.0,7120.0,7220.0,11720.0,0.3,0.3,0.3,31.4,31.3,31.2
2026-05-24 13:00:00,Probolinggo,0.04,9.0,0.1,6920.0,0.4,31.5,0.04,0.04,0.04,7.8,4.7,2.3,0.1,0.1,0.0,7020.0,7120.0,7220.0,0.4,0.3,0.3,31.4,31.4,31.3
2026-05-24 14:00:00,Probolinggo,0.04,6.5,2.1,6220.0,0.4,31.5,0.04,0.04,0.04,9.0,7.8,4.7,0.1,0.1,0.1,6920.0,7020.0,7120.0,0.4,0.4,0.3,31.5,31.4,31.4
2026-05-24 15:00:00,Probolinggo,0.04,4.6,2.1,5500.0,0.3,31.5,0.04,0.04,0.04,6.5,9.0,7.8,2.1,0.1,0.1,6220.0,6920.0,7020.0,0.4,0.4,0.4,31.5,31.5,31.4
2026-05-24 16:00:00,Probolinggo,0.04,5.3,2.1,4800.0,0.3,31.4,0.04,0.04,0.04,4.6,6.5,9.0,2.1,2.1,0.1,5500.0,6220.0,6920.0,0.3,0.4,0.4,31.5,31.5,31.5
2026-05-24 17:00:00,Probolinggo,0.04,3.9,0.1,5140.0,0.3,31.4,0.04,0.04,0.04,5.3,4.6,6.5,2.1,2.1,2.1,4800.0,5500.0,6220.0,0.3,0.3,0.4,31.4,31.5,31.5
2026-05-24 18:00:00,Probolinggo,0.04,2.6,0.1,5500.0,0.2,31.3,0.04,0.04,0.04,3.9,5.3,4.6,0.1,2.1,2.1,5140.0,4800.0,5500.0,0.3,0.3,0.3,31.4,31.4,31.5
2026-05-24 19:00:00,Probolinggo,0.04,4.0,0.1,5840.0,0.2,31.3,0.04,0.04,0.04,2.6,3.9,5.3,0.1,0.1,2.1,5500.0,5140.0,4800.0,0.2,0.3,0.3,31.3,31.4,31.4
2026-05-24 20:00:00,Probolinggo,0.04,3.7,0.1,7040.0,0.2,31.3,0.04,0.04,0.04,4.0,2.6,3.9,0.1,0.1,0.1,5840.0,5500.0,5140.0,0.2,0.2,0.3,31.3,31.3,31.4
2026-05-24 21:00:00,Probolinggo,0.04,2.7,0.1,8260.0,0.2,31.3,0.04,0.04,0.04,3.7,4.0,2.6,0.1,0.1,0.1,7040.0,5840.0,5500.0,0.2,0.2,0.2,31.3,31.3,31.3
2026-05-24 22:00:00,Probolinggo,0.04,2.7,0.1,9460.0,0.2,31.2,0.04,0.04,0.04,2.7,3.7,4.0,0.1,0.1,0.1,8260.0,7040.0,5840.0,0.2,0.2,0.2,31.3,31.3,31.3
2026-05-24 23:00:00,Probolinggo,0.04,2.3,0.0,6880.0,0.2,31.2,0.04,0.04,0.04,2.7,2.7,3.7,0.1,0.1,0.1,9460.0,8260.0,7040.0,0.2,0.2,0.2,31.2,31.3,31.3
2026-05-25 00:00:00,Probolinggo,0.04,1.7,0.0,4320.0,0.2,31.2,0.04,0.04,0.04,2.3,2.7,2.7,0.0,0.1,0.1,6880.0,9460.0,8260.0,0.2,0.2,0.2,31.2,31.2,31.3
2026-05-25 01:00:00,Probolinggo,0.04,1.6,0.0,1740.0,0.2,31.2,0.04,0.04,0.04,1.7,2.3,2.7,0.0,0.0,0.1,4320.0,6880.0,9460.0,0.2,0.2,0.2,31.2,31.2,31.2
2026-05-25 02:00:00,Probolinggo,0.04,2.2,0.0,1480.0,0.2,31.2,0.04,0.04,0.04,1.6,1.7,2.3,0.0,0.0,0.0,1740.0,4320.0,6880.0,0.2,0.2,0.2,31.2,31.2,31.2
2026-05-25 03:00:00,Probolinggo,0.04,3.1,0.0,1200.0,0.2,31.2,0.04,0.04,0.04,2.2,1.6,1.7,0.0,0.0,0.0,1480.0,1740.0,4320.0,0.2,0.2,0.2,31.2,31.2,31.2
2026-05-25 04:00:00,Probolinggo,0.04,3.8,0.0,940.0,0.2,31.1,0.04,0.04,0.04,3.1,2.2,1.6,0.0,0.0,0.0,1200.0,1480.0,1740.0,0.2,0.2,0.2,31.2,31.2,31.2
2026-05-25 05:00:00,Probolinggo,0.04,3.8,0.0,6700.0,0.0,31.1,0.04,0.04,0.04,3.8,3.1,2.2,0.0,0.0,0.0,940.0,1200.0,1480.0,0.2,0.2,0.2,31.1,31.2,31.2
2026-05-25 06:00:00,Probolinggo,0.04,3.5,0.0,12460.0,0.0,31.1,0.04,0.04,0.04,3.8,3.8,3.1,0.0,0.0,0.0,6700.0,940.0,1200.0,0.0,0.2,0.2,31.1,31.1,31.2
2026-05-25 07:00:00,Probolinggo,0.04,3.3,0.0,18220.0,0.0,31.1,0.04,0.04,0.04,3.5,3.8,3.8,0.0,0.0,0.0,12460.0,6700.0,940.0,0.0,0.0,0.2,31.1,31.1,31.1
2026-05-25 08:00:00,Probolinggo,0.04,3.7,0.0,17960.0,0.0,31.2,0.04,0.04,0.04,3.3,3.5,3.8,0.0,0.0,0.0,18220.0,12460.0,6700.0,0.0,0.0,0.0,31.1,31.1,31.1
2026-05-25 09:00:00,Probolinggo,0.04,4.1,0.0,17720.0,0.0,31.2,0.04,0.04,0.04,3.7,3.3,3.5,0.0,0.0,0.0,17960.0,18220.0,12460.0,0.0,0.0,0.0,31.2,31.1,31.1
2026-05-25 10:00:00,Probolinggo,0.04,4.4,0.0,17460.0,0.0,31.4,0.04,0.04,0.04,4.1,3.7,3.3,0.0,0.0,0.0,17720.0,17960.0,18220.0,0.0,0.0,0.0,31.2,31.2,31.1
2026-05-25 11:00:00,Probolinggo,0.04,4.5,0.2,12980.0,0.0,31.5,0.04,0.04,0.04,4.4,4.1,3.7,0.0,0.0,0.0,17460.0,17720.0,17960.0,0.0,0.0,0.0,31.4,31.2,31.2
2026-05-25 12:00:00,Probolinggo,0.04,4.8,0.2,8520.0,0.0,31.5,0.04,0.04,0.04,4.5,4.4,4.1,0.2,0.0,0.0,12980.0,17460.0,17720.0,0.0,0.0,0.0,31.5,31.4,31.2
2026-05-25 13:00:00,Probolinggo,0.04,5.2,0.2,4040.0,0.2,31.5,0.04,0.04,0.04,4.8,4.5,4.4,0.2,0.2,0.0,8520.0,12980.0,17460.0,0.0,0.0,0.0,31.5,31.5,31.4
2026-05-25 14:00:00,Probolinggo,0.06,6.1,1.7,4920.0,0.2,31.5,0.04,0.04,0.04,5.2,4.8,4.5,0.2,0.2,0.2,4040.0,8520.0,12980.0,0.2,0.0,0.0,31.5,31.5,31.5
2026-05-25 15:00:00,Probolinggo,0.06,7.1,1.7,5820.0,0.2,31.5,0.06,0.04,0.04,6.1,5.2,4.8,1.7,0.2,0.2,4920.0,4040.0,8520.0,0.2,0.2,0.0,31.5,31.5,31.5
2026-05-25 16:00:00,Probolinggo,0.08,7.6,1.7,6700.0,0.0,31.5,0.06,0.06,0.04,7.1,6.1,5.2,1.7,1.7,0.2,5820.0,4920.0,4040.0,0.2,0.2,0.2,31.5,31.5,31.5
2026-05-25 17:00:00,Probolinggo,0.1,7.2,0.0,7480.0,0.0,31.5,0.08,0.06,0.06,7.6,7.1,6.1,1.7,1.7,1.7,6700.0,5820.0,4920.0,0.0,0.2,0.2,31.5,31.5,31.5
2026-05-25 18:00:00,Probolinggo,0.1,7.0,0.0,8280.0,0.0,31.4,0.1,0.08,0.06,7.2,7.6,7.1,0.0,1.7,1.7,7480.0,6700.0,5820.0,0.0,0.0,0.2,31.5,31.5,31.5
2026-05-25 19:00:00,Probolinggo,0.12,7.2,0.0,9060.0,0.0,31.4,0.1,0.1,0.08,7.0,7.2,7.6,0.0,0.0,1.7,8280.0,7480.0,6700.0,0.0,0.0,0.0,31.4,31.5,31.5
2026-05-25 20:00:00,Probolinggo,0.1,6.9,0.0,7280.0,0.0,31.4,0.12,0.1,0.1,7.2,7.0,7.2,0.0,0.0,0.0,9060.0,8280.0,7480.0,0.0,0.0,0.0,31.4,31.4,31.5
2026-05-25 21:00:00,Probolinggo,0.1,6.1,0.0,5480.0,0.2,31.3,0.1,0.12,0.1,6.9,7.2,7.0,0.0,0.0,0.0,7280.0,9060.0,8280.0,0.0,0.0,0.0,31.4,31.4,31.4
2026-05-25 22:00:00,Probolinggo,0.08,5.2,0.0,3700.0,0.2,31.3,0.1,0.1,0.12,6.1,6.9,7.2,0.0,0.0,0.0,5480.0,7280.0,9060.0,0.2,0.0,0.0,31.3,31.4,31.4
2026-05-25 23:00:00,Probolinggo,0.06,4.0,0.0,2820.0,0.2,31.3,0.08,0.1,0.1,5.2,6.1,6.9,0.0,0.0,0.0,3700.0,5480.0,7280.0,0.2,0.2,0.0,31.3,31.3,31.4
2026-05-26 00:00:00,Probolinggo,0.06,2.5,0.0,1960.0,0.0,31.2,0.06,0.08,0.1,4.0,5.2,6.1,0.0,0.0,0.0,2820.0,3700.0,5480.0,0.2,0.2,0.2,31.3,31.3,31.3
2026-05-26 01:00:00,Probolinggo,0.04,1.8,0.0,1080.0,0.0,31.2,0.06,0.06,0.08,2.5,4.0,5.2,0.0,0.0,0.0,1960.0,2820.0,3700.0,0.0,0.2,0.2,31.2,31.3,31.3
2026-05-26 02:00:00,Probolinggo,0.04,2.1,0.0,1580.0,0.0,31.2,0.04,0.06,0.06,1.8,2.5,4.0,0.0,0.0,0.0,1080.0,1960.0,2820.0,0.0,0.0,0.2,31.2,31.2,31.3
2026-05-26 03:00:00,Probolinggo,0.06,1.9,0.0,1960.0,0.0,31.2,0.04,0.04,0.06,2.1,1.8,2.5,0.0,0.0,0.0,1580.0,1080.0,1960.0,0.0,0.0,0.0,31.2,31.2,31.2
2026-05-26 04:00:00,Probolinggo,0.06,1.8,0.0,2360.0,0.0,31.2,0.06,0.04,0.04,1.9,2.1,1.8,0.0,0.0,0.0,1960.0,1580.0,1080.0,0.0,0.0,0.0,31.2,31.2,31.2
2026-05-26 05:00:00,Probolinggo,0.06,1.7,0.0,2740.0,0.0,31.2,0.06,0.06,0.04,1.8,1.9,2.1,0.0,0.0,0.0,2360.0,1960.0,1580.0,0.0,0.0,0.0,31.2,31.2,31.2
2026-05-26 06:00:00,Probolinggo,0.06,1.5,0.0,3140.0,0.0,31.2,0.06,0.06,0.06,1.7,1.8,1.9,0.0,0.0,0.0,2740.0,2360.0,1960.0,0.0,0.0,0.0,31.2,31.2,31.2
2026-05-26 07:00:00,Probolinggo,0.06,1.0,0.0,3520.0,0.0,31.2,0.06,0.06,0.06,1.5,1.7,1.8,0.0,0.0,0.0,3140.0,2740.0,2360.0,0.0,0.0,0.0,31.2,31.2,31.2
2026-05-26 08:00:00,Probolinggo,0.06,1.3,0.1,4260.0,0.0,31.2,0.06,0.06,0.06,1.0,1.5,1.7,0.0,0.0,0.0,3520.0,3140.0,2740.0,0.0,0.0,0.0,31.2,31.2,31.2
2026-05-26 09:00:00,Probolinggo,0.06,3.1,0.1,5020.0,0.0,31.3,0.06,0.06,0.06,1.3,1.0,1.5,0.1,0.0,0.0,4260.0,3520.0,3140.0,0.0,0.0,0.0,31.2,31.2,31.2
2026-05-26 10:00:00,Probolinggo,0.06,5.4,0.1,5760.0,0.0,31.4,0.06,0.06,0.06,3.1,1.3,1.0,0.1,0.1,0.0,5020.0,4260.0,3520.0,0.0,0.0,0.0,31.3,31.2,31.2
2026-05-26 11:00:00,Probolinggo,0.06,7.7,0.1,6500.0,0.2,31.5,0.06,0.06,0.06,5.4,3.1,1.3,0.1,0.1,0.1,5760.0,5020.0,4260.0,0.0,0.0,0.0,31.4,31.3,31.2
2026-05-26 12:00:00,Probolinggo,0.06,9.8,0.1,7260.0,0.3,31.5,0.06,0.06,0.06,7.7,5.4,3.1,0.1,0.1,0.1,6500.0,5760.0,5020.0,0.2,0.0,0.0,31.5,31.4,31.3
2026-05-26 13:00:00,Probolinggo,0.06,10.7,0.1,8000.0,0.3,31.5,0.06,0.06,0.06,9.8,7.7,5.4,0.1,0.1,0.1,7260.0,6500.0,5760.0,0.3,0.2,0.0,31.5,31.5,31.4
2026-05-26 14:00:00,Probolinggo,0.06,10.9,0.6,9620.0,0.2,31.5,0.06,0.06,0.06,10.7,9.8,7.7,0.1,0.1,0.1,8000.0,7260.0,6500.0,0.3,0.3,0.2,31.5,31.5,31.5
2026-05-26 15:00:00,Probolinggo,0.06,10.4,0.6,11240.0,0.2,31.5,0.06,0.06,0.06,10.9,10.7,9.8,0.6,0.1,0.1,9620.0,8000.0,7260.0,0.2,0.3,0.3,31.5,31.5,31.5
2026-05-26 16:00:00,Probolinggo,0.06,9.9,0.6,12880.0,0.0,31.5,0.06,0.06,0.06,10.4,10.9,10.7,0.6,0.6,0.1,11240.0,9620.0,8000.0,0.2,0.2,0.3,31.5,31.5,31.5
2026-05-26 17:00:00,Probolinggo,0.06,9.4,0.6,14500.0,0.0,31.5,0.06,0.06,0.06,9.9,10.4,10.9,0.6,0.6,0.6,12880.0,11240.0,9620.0,0.0,0.2,0.2,31.5,31.5,31.5
2026-05-26 18:00:00,Probolinggo,0.06,9.0,0.6,16120.0,0.0,31.4,0.06,0.06,0.06,9.4,9.9,10.4,0.6,0.6,0.6,14500.0,12880.0,11240.0,0.0,0.0,0.2,31.5,31.5,31.5
2026-05-26 19:00:00,Probolinggo,0.06,8.6,0.6,17740.0,0.0,31.4,0.06,0.06,0.06,9.0,9.4,9.9,0.6,0.6,0.6,16120.0,14500.0,12880.0,0.0,0.0,0.0,31.4,31.5,31.5
2026-05-26 20:00:00,Probolinggo,0.06,7.6,0.0,17020.0,0.0,31.4,0.06,0.06,0.06,8.6,9.0,9.4,0.6,0.6,0.6,17740.0,16120.0,14500.0,0.0,0.0,0.0,31.4,31.4,31.5
2026-05-26 21:00:00,Probolinggo,0.08,6.1,0.0,16280.0,0.0,31.3,0.06,0.06,0.06,7.6,8.6,9.0,0.0,0.6,0.6,17020.0,17740.0,16120.0,0.0,0.0,0.0,31.4,31.4,31.4
2026-05-26 22:00:00,Probolinggo,0.08,4.5,0.0,15560.0,0.0,31.3,0.08,0.06,0.06,6.1,7.6,8.6,0.0,0.0,0.6,16280.0,17020.0,17740.0,0.0,0.0,0.0,31.3,31.4,31.4
2026-05-26 23:00:00,Probolinggo,0.08,3.3,0.0,14820.0,0.0,31.3,0.08,0.08,0.06,4.5,6.1,7.6,0.0,0.0,0.0,15560.0,16280.0,17020.0,0.0,0.0,0.0,31.3,31.3,31.4
2026-05-20 03:00:00,Puger,0.94,2.8,0.0,840.0,1.1,28.5,0.96,0.96,0.96,1.0,2.2,1.5,0.0,0.0,0.0,1280.0,6380.0,9520.0,1.1,1.1,1.3,28.5,28.5,28.5
2026-05-20 04:00:00,Puger,0.94,3.0,0.0,860.0,1.1,28.5,0.94,0.96,0.96,2.8,1.0,2.2,0.0,0.0,0.0,840.0,1280.0,6380.0,1.1,1.1,1.1,28.5,28.5,28.5
2026-05-20 05:00:00,Puger,0.94,3.1,0.0,1240.0,1.1,28.5,0.94,0.94,0.96,3.0,2.8,1.0,0.0,0.0,0.0,860.0,840.0,1280.0,1.1,1.1,1.1,28.5,28.5,28.5
2026-05-20 06:00:00,Puger,0.94,5.6,0.0,2440.0,1.1,28.5,0.94,0.94,0.94,3.1,3.0,2.8,0.0,0.0,0.0,1240.0,860.0,840.0,1.1,1.1,1.1,28.5,28.5,28.5
2026-05-20 07:00:00,Puger,0.94,4.0,0.0,16320.0,1.2,28.5,0.94,0.94,0.94,5.6,3.1,3.0,0.0,0.0,0.0,2440.0,1240.0,860.0,1.1,1.1,1.1,28.5,28.5,28.5
2026-05-20 08:00:00,Puger,0.94,3.4,0.0,21220.0,1.2,28.6,0.94,0.94,0.94,4.0,5.6,3.1,0.0,0.0,0.0,16320.0,2440.0,1240.0,1.2,1.1,1.1,28.5,28.5,28.5
2026-05-20 09:00:00,Puger,0.94,3.1,0.0,21220.0,1.4,28.8,0.94,0.94,0.94,3.4,4.0,5.6,0.0,0.0,0.0,21220.0,16320.0,2440.0,1.2,1.2,1.1,28.6,28.5,28.5
2026-05-20 10:00:00,Puger,0.94,2.4,0.0,17080.0,1.2,29.0,0.94,0.94,0.94,3.1,3.4,4.0,0.0,0.0,0.0,21220.0,21220.0,16320.0,1.4,1.2,1.2,28.8,28.6,28.5
2026-05-20 11:00:00,Puger,0.94,4.8,0.0,17000.0,1.1,29.1,0.94,0.94,0.94,2.4,3.1,3.4,0.0,0.0,0.0,17080.0,21220.0,21220.0,1.2,1.4,1.2,29.0,28.8,28.6
2026-05-20 12:00:00,Puger,0.92,7.9,0.0,12500.0,0.9,29.3,0.94,0.94,0.94,4.8,2.4,3.1,0.0,0.0,0.0,17000.0,17080.0,21220.0,1.1,1.2,1.4,29.1,29.0,28.8
2026-05-20 13:00:00,Puger,0.92,10.1,0.1,9760.0,0.7,29.4,0.92,0.94,0.94,7.9,4.8,2.4,0.0,0.0,0.0,12500.0,17000.0,17080.0,0.9,1.1,1.2,29.3,29.1,29.0
2026-05-20 14:00:00,Puger,0.92,13.7,0.1,12800.0,0.7,29.4,0.92,0.92,0.94,10.1,7.9,4.8,0.1,0.0,0.0,9760.0,12500.0,17000.0,0.7,0.9,1.1,29.4,29.3,29.1
2026-05-20 15:00:00,Puger,0.9,15.1,0.1,8380.0,0.6,29.4,0.92,0.92,0.92,13.7,10.1,7.9,0.1,0.1,0.0,12800.0,9760.0,12500.0,0.7,0.7,0.9,29.4,29.4,29.3
2026-05-20 16:00:00,Puger,0.9,6.4,0.3,5740.0,0.6,29.3,0.9,0.92,0.92,15.1,13.7,10.1,0.1,0.1,0.1,8380.0,12800.0,9760.0,0.6,0.7,0.7,29.4,29.4,29.4
2026-05-20 17:00:00,Puger,0.9,3.8,2.2,3900.0,0.7,29.2,0.9,0.9,0.92,6.4,15.1,13.7,0.3,0.1,0.1,5740.0,8380.0,12800.0,0.6,0.6,0.7,29.3,29.4,29.4
2026-05-20 18:00:00,Puger,0.9,2.2,0.3,5440.0,0.7,29.1,0.9,0.9,0.9,3.8,6.4,15.1,2.2,0.3,0.1,3900.0,5740.0,8380.0,0.7,0.6,0.6,29.2,29.3,29.4
2026-05-20 19:00:00,Puger,0.9,3.9,0.0,1240.0,0.7,29.1,0.9,0.9,0.9,2.2,3.8,6.4,0.3,2.2,0.3,5440.0,3900.0,5740.0,0.7,0.7,0.6,29.1,29.2,29.3
2026-05-20 20:00:00,Puger,0.9,5.4,0.0,900.0,0.9,29.0,0.9,0.9,0.9,3.9,2.2,3.8,0.0,0.3,2.2,1240.0,5440.0,3900.0,0.7,0.7,0.7,29.1,29.1,29.2
2026-05-20 21:00:00,Puger,0.88,4.8,0.0,980.0,0.9,29.0,0.9,0.9,0.9,5.4,3.9,2.2,0.0,0.0,0.3,900.0,1240.0,5440.0,0.9,0.7,0.7,29.0,29.1,29.1
2026-05-20 22:00:00,Puger,0.88,4.8,0.0,1340.0,1.0,29.0,0.88,0.9,0.9,4.8,5.4,3.9,0.0,0.0,0.0,980.0,900.0,1240.0,0.9,0.9,0.7,29.0,29.0,29.1
2026-05-20 23:00:00,Puger,0.88,4.5,0.0,1720.0,1.0,28.9,0.88,0.88,0.9,4.8,4.8,5.4,0.0,0.0,0.0,1340.0,980.0,900.0,1.0,0.9,0.9,29.0,29.0,29.0
2026-05-21 00:00:00,Puger,0.86,3.4,0.0,2480.0,1.0,28.9,0.88,0.88,0.88,4.5,4.8,4.8,0.0,0.0,0.0,1720.0,1340.0,980.0,1.0,1.0,0.9,28.9,29.0,29.0
2026-05-21 01:00:00,Puger,0.86,3.1,0.0,3400.0,0.9,28.9,0.86,0.88,0.88,3.4,4.5,4.8,0.0,0.0,0.0,2480.0,1720.0,1340.0,1.0,1.0,1.0,28.9,28.9,29.0
2026-05-21 02:00:00,Puger,0.86,3.9,0.0,4480.0,0.7,28.8,0.86,0.86,0.88,3.1,3.4,4.5,0.0,0.0,0.0,3400.0,2480.0,1720.0,0.9,1.0,1.0,28.9,28.9,28.9
2026-05-21 03:00:00,Puger,0.84,3.5,0.0,5740.0,0.7,28.8,0.86,0.86,0.86,3.9,3.1,3.4,0.0,0.0,0.0,4480.0,3400.0,2480.0,0.7,0.9,1.0,28.8,28.9,28.9
2026-05-21 04:00:00,Puger,0.84,4.4,0.0,5780.0,0.7,28.7,0.84,0.86,0.86,3.5,3.9,3.1,0.0,0.0,0.0,5740.0,4480.0,3400.0,0.7,0.7,0.9,28.8,28.8,28.9
2026-05-21 05:00:00,Puger,0.84,4.7,0.0,6660.0,0.7,28.6,0.84,0.84,0.86,4.4,3.5,3.9,0.0,0.0,0.0,5780.0,5740.0,4480.0,0.7,0.7,0.7,28.7,28.8,28.8
2026-05-21 06:00:00,Puger,0.82,5.3,0.0,7420.0,0.8,28.6,0.84,0.84,0.84,4.7,4.4,3.5,0.0,0.0,0.0,6660.0,5780.0,5740.0,0.7,0.7,0.7,28.6,28.7,28.8
2026-05-21 07:00:00,Puger,0.82,4.0,0.0,13740.0,1.0,28.7,0.82,0.84,0.84,5.3,4.7,4.4,0.0,0.0,0.0,7420.0,6660.0,5780.0,0.8,0.7,0.7,28.6,28.6,28.7
2026-05-21 08:00:00,Puger,0.82,3.6,0.0,18640.0,1.0,28.8,0.82,0.82,0.84,4.0,5.3,4.7,0.0,0.0,0.0,13740.0,7420.0,6660.0,1.0,0.8,0.7,28.7,28.6,28.6
2026-05-21 09:00:00,Puger,0.82,2.5,0.0,21260.0,1.0,29.0,0.82,0.82,0.82,3.6,4.0,5.3,0.0,0.0,0.0,18640.0,13740.0,7420.0,1.0,1.0,0.8,28.8,28.7,28.6
2026-05-21 10:00:00,Puger,0.82,0.8,0.0,21260.0,1.0,29.2,0.82,0.82,0.82,2.5,3.6,4.0,0.0,0.0,0.0,21260.0,18640.0,13740.0,1.0,1.0,1.0,29.0,28.8,28.7
2026-05-21 11:00:00,Puger,0.82,2.9,0.0,14360.0,0.9,29.4,0.82,0.82,0.82,0.8,2.5,3.6,0.0,0.0,0.0,21260.0,21260.0,18640.0,1.0,1.0,1.0,29.2,29.0,28.8
2026-05-21 12:00:00,Puger,0.8,6.7,0.1,9160.0,0.9,29.5,0.82,0.82,0.82,2.9,0.8,2.5,0.0,0.0,0.0,14360.0,21260.0,21260.0,0.9,1.0,1.0,29.4,29.2,29.0
2026-05-21 13:00:00,Puger,0.8,9.0,0.2,5040.0,0.6,29.6,0.8,0.82,0.82,6.7,2.9,0.8,0.1,0.0,0.0,9160.0,14360.0,21260.0,0.9,0.9,1.0,29.5,29.4,29.2
2026-05-21 14:00:00,Puger,0.8,6.8,1.2,6040.0,0.5,29.7,0.8,0.8,0.82,9.0,6.7,2.9,0.2,0.1,0.0,5040.0,9160.0,14360.0,0.6,0.9,0.9,29.6,29.5,29.4
2026-05-21 15:00:00,Puger,0.8,7.5,0.3,6280.0,0.3,29.6,0.8,0.8,0.8,6.8,9.0,6.7,1.2,0.2,0.1,6040.0,5040.0,9160.0,0.5,0.6,0.9,29.7,29.6,29.5
2026-05-21 16:00:00,Puger,0.8,3.7,0.1,8700.0,0.3,29.6,0.8,0.8,0.8,7.5,6.8,9.0,0.3,1.2,0.2,6280.0,6040.0,5040.0,0.3,0.5,0.6,29.6,29.7,29.6
2026-05-21 17:00:00,Puger,0.8,4.8,0.4,4300.0,0.3,29.5,0.8,0.8,0.8,3.7,7.5,6.8,0.1,0.3,1.2,8700.0,6280.0,6040.0,0.3,0.3,0.5,29.6,29.6,29.7
2026-05-21 18:00:00,Puger,0.8,0.8,0.5,6280.0,0.3,29.5,0.8,0.8,0.8,4.8,3.7,7.5,0.4,0.1,0.3,4300.0,8700.0,6280.0,0.3,0.3,0.3,29.5,29.6,29.6
2026-05-21 19:00:00,Puger,0.8,2.8,0.8,5660.0,0.4,29.5,0.8,0.8,0.8,0.8,4.8,3.7,0.5,0.4,0.1,6280.0,4300.0,8700.0,0.3,0.3,0.3,29.5,29.5,29.6
2026-05-21 20:00:00,Puger,0.8,2.6,0.4,5460.0,0.5,29.4,0.8,0.8,0.8,2.8,0.8,4.8,0.8,0.5,0.4,5660.0,6280.0,4300.0,0.4,0.3,0.3,29.5,29.5,29.5
2026-05-21 21:00:00,Puger,0.8,2.2,0.1,4080.0,0.8,29.4,0.8,0.8,0.8,2.6,2.8,0.8,0.4,0.8,0.5,5460.0,5660.0,6280.0,0.5,0.4,0.3,29.4,29.5,29.5
2026-05-21 22:00:00,Puger,0.8,0.6,0.0,2980.0,0.8,29.3,0.8,0.8,0.8,2.2,2.6,2.8,0.1,0.4,0.8,4080.0,5460.0,5660.0,0.8,0.5,0.4,29.4,29.4,29.5
2026-05-21 23:00:00,Puger,0.8,0.9,0.0,6520.0,0.8,29.2,0.8,0.8,0.8,0.6,2.2,2.6,0.0,0.1,0.4,2980.0,4080.0,5460.0,0.8,0.8,0.5,29.3,29.4,29.4
2026-05-22 00:00:00,Puger,0.78,2.3,0.0,9740.0,0.8,29.1,0.8,0.8,0.8,0.9,0.6,2.2,0.0,0.0,0.1,6520.0,2980.0,4080.0,0.8,0.8,0.8,29.2,29.3,29.4
2026-05-22 01:00:00,Puger,0.78,1.6,0.0,9360.0,0.8,29.1,0.78,0.8,0.8,2.3,0.9,0.6,0.0,0.0,0.0,9740.0,6520.0,2980.0,0.8,0.8,0.8,29.1,29.2,29.3
2026-05-22 02:00:00,Puger,0.78,0.2,0.0,1160.0,0.8,29.0,0.78,0.78,0.8,1.6,2.3,0.9,0.0,0.0,0.0,9360.0,9740.0,6520.0,0.8,0.8,0.8,29.1,29.1,29.2
2026-05-22 03:00:00,Puger,0.78,1.9,0.0,560.0,0.8,29.0,0.78,0.78,0.78,0.2,1.6,2.3,0.0,0.0,0.0,1160.0,9360.0,9740.0,0.8,0.8,0.8,29.0,29.1,29.1
2026-05-22 04:00:00,Puger,0.78,0.6,0.0,520.0,0.8,29.0,0.78,0.78,0.78,1.9,0.2,1.6,0.0,0.0,0.0,560.0,1160.0,9360.0,0.8,0.8,0.8,29.0,29.0,29.1
2026-05-22 05:00:00,Puger,0.78,0.4,0.0,600.0,0.6,28.9,0.78,0.78,0.78,0.6,1.9,0.2,0.0,0.0,0.0,520.0,560.0,1160.0,0.8,0.8,0.8,29.0,29.0,29.0
2026-05-22 06:00:00,Puger,0.76,2.6,0.0,1320.0,0.8,28.9,0.78,0.78,0.78,0.4,0.6,1.9,0.0,0.0,0.0,600.0,520.0,560.0,0.6,0.8,0.8,28.9,29.0,29.0
2026-05-22 07:00:00,Puger,0.76,1.2,0.0,9560.0,0.8,28.9,0.76,0.78,0.78,2.6,0.4,0.6,0.0,0.0,0.0,1320.0,600.0,520.0,0.8,0.6,0.8,28.9,28.9,29.0
2026-05-22 08:00:00,Puger,0.76,0.5,0.1,9040.0,0.8,29.0,0.76,0.76,0.78,1.2,2.6,0.4,0.0,0.0,0.0,9560.0,1320.0,600.0,0.8,0.8,0.6,28.9,28.9,28.9
2026-05-22 09:00:00,Puger,0.74,3.1,0.6,4760.0,1.0,29.1,0.76,0.76,0.76,0.5,1.2,2.6,0.1,0.0,0.0,9040.0,9560.0,1320.0,0.8,0.8,0.8,29.0,28.9,28.9
2026-05-22 10:00:00,Puger,0.74,5.6,0.4,5840.0,1.0,29.2,0.74,0.76,0.76,3.1,0.5,1.2,0.6,0.1,0.0,4760.0,9040.0,9560.0,1.0,0.8,0.8,29.1,29.0,28.9
2026-05-22 11:00:00,Puger,0.74,8.9,0.3,8300.0,0.9,29.4,0.74,0.74,0.76,5.6,3.1,0.5,0.4,0.6,0.1,5840.0,4760.0,9040.0,1.0,1.0,0.8,29.2,29.1,29.0
2026-05-22 12:00:00,Puger,0.72,10.0,0.2,8320.0,0.9,29.5,0.74,0.74,0.74,8.9,5.6,3.1,0.3,0.4,0.6,8300.0,5840.0,4760.0,0.9,1.0,1.0,29.4,29.2,29.1
2026-05-22 13:00:00,Puger,0.72,11.4,0.1,9720.0,0.7,29.6,0.72,0.74,0.74,10.0,8.9,5.6,0.2,0.3,0.4,8320.0,8300.0,5840.0,0.9,0.9,1.0,29.5,29.4,29.2
2026-05-22 14:00:00,Puger,0.72,10.1,0.4,5840.0,0.7,29.6,0.72,0.72,0.74,11.4,10.0,8.9,0.1,0.2,0.3,9720.0,8320.0,8300.0,0.7,0.9,0.9,29.6,29.5,29.4
2026-05-22 15:00:00,Puger,0.72,12.3,0.1,16100.0,0.6,29.6,0.72,0.72,0.72,10.1,11.4,10.0,0.4,0.1,0.2,5840.0,9720.0,8320.0,0.7,0.7,0.9,29.6,29.6,29.5
2026-05-22 16:00:00,Puger,0.72,13.0,0.0,18680.0,0.6,29.5,0.72,0.72,0.72,12.3,10.1,11.4,0.1,0.4,0.1,16100.0,5840.0,9720.0,0.6,0.7,0.7,29.6,29.6,29.6
2026-05-22 17:00:00,Puger,0.72,9.7,0.0,17740.0,0.5,29.5,0.72,0.72,0.72,13.0,12.3,10.1,0.0,0.1,0.4,18680.0,16100.0,5840.0,0.6,0.6,0.7,29.5,29.6,29.6
2026-05-22 18:00:00,Puger,0.7,7.0,0.0,18700.0,0.4,29.4,0.72,0.72,0.72,9.7,13.0,12.3,0.0,0.0,0.1,17740.0,18680.0,16100.0,0.5,0.6,0.6,29.5,29.5,29.6
2026-05-22 19:00:00,Puger,0.7,5.1,0.0,16400.0,0.4,29.3,0.7,0.72,0.72,7.0,9.7,13.0,0.0,0.0,0.0,18700.0,17740.0,18680.0,0.4,0.5,0.6,29.4,29.5,29.5
2026-05-22 20:00:00,Puger,0.7,2.8,0.0,16400.0,0.5,29.2,0.7,0.7,0.72,5.1,7.0,9.7,0.0,0.0,0.0,16400.0,18700.0,17740.0,0.4,0.4,0.5,29.3,29.4,29.5
2026-05-22 21:00:00,Puger,0.7,0.6,0.0,16420.0,0.6,29.2,0.7,0.7,0.7,2.8,5.1,7.0,0.0,0.0,0.0,16400.0,16400.0,18700.0,0.5,0.4,0.4,29.2,29.3,29.4
2026-05-22 22:00:00,Puger,0.7,1.5,0.0,13520.0,0.7,29.1,0.7,0.7,0.7,0.6,2.8,5.1,0.0,0.0,0.0,16420.0,16400.0,16400.0,0.6,0.5,0.4,29.2,29.2,29.3
2026-05-22 23:00:00,Puger,0.7,3.8,0.0,9800.0,0.8,29.0,0.7,0.7,0.7,1.5,0.6,2.8,0.0,0.0,0.0,13520.0,16420.0,16400.0,0.7,0.6,0.5,29.1,29.2,29.2
2026-05-23 00:00:00,Puger,0.68,4.8,0.0,7860.0,1.0,29.0,0.7,0.7,0.7,3.8,1.5,0.6,0.0,0.0,0.0,9800.0,13520.0,16420.0,0.8,0.7,0.6,29.0,29.1,29.2
2026-05-23 01:00:00,Puger,0.68,3.3,0.0,7140.0,1.0,29.0,0.68,0.7,0.7,4.8,3.8,1.5,0.0,0.0,0.0,7860.0,9800.0,13520.0,1.0,0.8,0.7,29.0,29.0,29.1
2026-05-23 02:00:00,Puger,0.68,2.3,0.0,3440.0,1.0,28.9,0.68,0.68,0.7,3.3,4.8,3.8,0.0,0.0,0.0,7140.0,7860.0,9800.0,1.0,1.0,0.8,29.0,29.0,29.0
2026-05-23 03:00:00,Puger,0.66,2.8,0.0,1060.0,1.0,28.9,0.68,0.68,0.68,2.3,3.3,4.8,0.0,0.0,0.0,3440.0,7140.0,7860.0,1.0,1.0,1.0,28.9,29.0,29.0
2026-05-23 04:00:00,Puger,0.66,3.2,0.0,840.0,0.9,28.8,0.66,0.68,0.68,2.8,2.3,3.3,0.0,0.0,0.0,1060.0,3440.0,7140.0,1.0,1.0,1.0,28.9,28.9,29.0
2026-05-23 05:00:00,Puger,0.66,1.3,0.0,820.0,0.9,28.8,0.66,0.66,0.68,3.2,2.8,2.3,0.0,0.0,0.0,840.0,1060.0,3440.0,0.9,1.0,1.0,28.8,28.9,28.9
2026-05-23 06:00:00,Puger,0.66,1.8,0.0,920.0,0.9,28.8,0.66,0.66,0.66,1.3,3.2,2.8,0.0,0.0,0.0,820.0,840.0,1060.0,0.9,0.9,1.0,28.8,28.8,28.9
2026-05-23 07:00:00,Puger,0.66,1.2,0.0,3600.0,1.0,28.8,0.66,0.66,0.66,1.8,1.3,3.2,0.0,0.0,0.0,920.0,820.0,840.0,0.9,0.9,0.9,28.8,28.8,28.8
2026-05-23 08:00:00,Puger,0.66,1.7,0.0,9240.0,1.0,28.9,0.66,0.66,0.66,1.2,1.8,1.3,0.0,0.0,0.0,3600.0,920.0,820.0,1.0,0.9,0.9,28.8,28.8,28.8
2026-05-23 09:00:00,Puger,0.66,5.0,0.1,6380.0,1.0,29.0,0.66,0.66,0.66,1.7,1.2,1.8,0.0,0.0,0.0,9240.0,3600.0,920.0,1.0,1.0,0.9,28.9,28.8,28.8
2026-05-23 10:00:00,Puger,0.66,7.6,0.6,3660.0,1.0,29.1,0.66,0.66,0.66,5.0,1.7,1.2,0.1,0.0,0.0,6380.0,9240.0,3600.0,1.0,1.0,1.0,29.0,28.9,28.8
2026-05-23 11:00:00,Puger,0.66,12.1,1.0,4280.0,1.0,29.3,0.66,0.66,0.66,7.6,5.0,1.7,0.6,0.1,0.0,3660.0,6380.0,9240.0,1.0,1.0,1.0,29.1,29.0,28.9
2026-05-23 12:00:00,Puger,0.66,15.6,1.1,5840.0,1.0,29.5,0.66,0.66,0.66,12.1,7.6,5.0,1.0,0.6,0.1,4280.0,3660.0,6380.0,1.0,1.0,1.0,29.3,29.1,29.0
2026-05-23 13:00:00,Puger,0.66,14.6,0.1,18200.0,0.9,29.5,0.66,0.66,0.66,15.6,12.1,7.6,1.1,1.0,0.6,5840.0,4280.0,3660.0,1.0,1.0,1.0,29.5,29.3,29.1
2026-05-23 14:00:00,Puger,0.66,14.0,0.2,7860.0,0.7,29.5,0.66,0.66,0.66,14.6,15.6,12.1,0.1,1.1,1.0,18200.0,5840.0,4280.0,0.9,1.0,1.0,29.5,29.5,29.3
2026-05-23 15:00:00,Puger,0.66,11.9,0.2,7500.0,0.6,29.5,0.66,0.66,0.66,14.0,14.6,15.6,0.2,0.1,1.1,7860.0,18200.0,5840.0,0.7,0.9,1.0,29.5,29.5,29.5
2026-05-23 16:00:00,Puger,0.66,8.8,0.1,8660.0,0.6,29.4,0.66,0.66,0.66,11.9,14.0,14.6,0.2,0.2,0.1,7500.0,7860.0,18200.0,0.6,0.7,0.9,29.5,29.5,29.5
2026-05-23 17:00:00,Puger,0.66,7.2,0.2,8400.0,0.6,29.2,0.66,0.66,0.66,8.8,11.9,14.0,0.1,0.2,0.2,8660.0,7500.0,7860.0,0.6,0.6,0.7,29.4,29.5,29.5
2026-05-23 18:00:00,Puger,0.66,3.6,0.1,6040.0,0.4,29.1,0.66,0.66,0.66,7.2,8.8,11.9,0.2,0.1,0.2,8400.0,8660.0,7500.0,0.6,0.6,0.6,29.2,29.4,29.5
2026-05-23 19:00:00,Puger,0.66,5.4,0.3,5280.0,0.4,29.1,0.66,0.66,0.66,3.6,7.2,8.8,0.1,0.2,0.1,6040.0,8400.0,8660.0,0.4,0.6,0.6,29.1,29.2,29.4
2026-05-23 20:00:00,Puger,0.66,5.6,0.0,6400.0,0.6,29.0,0.66,0.66,0.66,5.4,3.6,7.2,0.3,0.1,0.2,5280.0,6040.0,8400.0,0.4,0.4,0.6,29.1,29.1,29.2
2026-05-23 21:00:00,Puger,0.66,4.0,0.0,7540.0,0.6,29.0,0.66,0.66,0.66,5.6,5.4,3.6,0.0,0.3,0.1,6400.0,5280.0,6040.0,0.6,0.4,0.4,29.0,29.1,29.1
2026-05-23 22:00:00,Puger,0.66,3.1,0.0,8660.0,0.6,29.0,0.66,0.66,0.66,4.0,5.6,5.4,0.0,0.0,0.3,7540.0,6400.0,5280.0,0.6,0.6,0.4,29.0,29.0,29.1
2026-05-23 23:00:00,Puger,0.66,3.0,0.0,9080.0,0.8,29.0,0.66,0.66,0.66,3.1,4.0,5.6,0.0,0.0,0.0,8660.0,7540.0,6400.0,0.6,0.6,0.6,29.0,29.0,29.0
2026-05-24 00:00:00,Puger,0.66,3.1,0.0,9500.0,0.8,29.0,0.66,0.66,0.66,3.0,3.1,4.0,0.0,0.0,0.0,9080.0,8660.0,7540.0,0.8,0.6,0.6,29.0,29.0,29.0
2026-05-24 01:00:00,Puger,0.66,3.3,0.0,9920.0,0.8,28.9,0.66,0.66,0.66,3.1,3.0,3.1,0.0,0.0,0.0,9500.0,9080.0,8660.0,0.8,0.8,0.6,29.0,29.0,29.0
2026-05-24 02:00:00,Puger,0.66,3.1,0.0,7420.0,0.8,28.9,0.66,0.66,0.66,3.3,3.1,3.0,0.0,0.0,0.0,9920.0,9500.0,9080.0,0.8,0.8,0.8,28.9,29.0,29.0
2026-05-24 03:00:00,Puger,0.66,2.7,0.0,4940.0,0.8,28.9,0.66,0.66,0.66,3.1,3.3,3.1,0.0,0.0,0.0,7420.0,9920.0,9500.0,0.8,0.8,0.8,28.9,28.9,29.0
2026-05-24 04:00:00,Puger,0.66,2.5,0.0,2440.0,0.8,28.8,0.66,0.66,0.66,2.7,3.1,3.3,0.0,0.0,0.0,4940.0,7420.0,9920.0,0.8,0.8,0.8,28.9,28.9,28.9
2026-05-24 05:00:00,Puger,0.66,2.9,0.0,1980.0,0.8,28.8,0.66,0.66,0.66,2.5,2.7,3.1,0.0,0.0,0.0,2440.0,4940.0,7420.0,0.8,0.8,0.8,28.8,28.9,28.9
2026-05-24 06:00:00,Puger,0.68,3.4,0.0,1540.0,0.8,28.8,0.66,0.66,0.66,2.9,2.5,2.7,0.0,0.0,0.0,1980.0,2440.0,4940.0,0.8,0.8,0.8,28.8,28.8,28.9
2026-05-24 07:00:00,Puger,0.68,2.8,0.0,1080.0,0.8,28.8,0.68,0.66,0.66,3.4,2.9,2.5,0.0,0.0,0.0,1540.0,1980.0,2440.0,0.8,0.8,0.8,28.8,28.8,28.8
2026-05-24 08:00:00,Puger,0.68,0.8,0.0,4680.0,0.8,28.9,0.68,0.68,0.66,2.8,3.4,2.9,0.0,0.0,0.0,1080.0,1540.0,1980.0,0.8,0.8,0.8,28.8,28.8,28.8
2026-05-24 09:00:00,Puger,0.7,2.4,0.0,8300.0,0.8,29.0,0.68,0.68,0.68,0.8,2.8,3.4,0.0,0.0,0.0,4680.0,1080.0,1540.0,0.8,0.8,0.8,28.9,28.8,28.8
2026-05-24 10:00:00,Puger,0.7,5.7,0.0,11900.0,1.0,29.2,0.7,0.68,0.68,2.4,0.8,2.8,0.0,0.0,0.0,8300.0,4680.0,1080.0,0.8,0.8,0.8,29.0,28.9,28.8
2026-05-24 11:00:00,Puger,0.7,9.7,0.3,9300.0,1.0,29.4,0.7,0.7,0.68,5.7,2.4,0.8,0.0,0.0,0.0,11900.0,8300.0,4680.0,1.0,0.8,0.8,29.2,29.0,28.9
2026-05-24 12:00:00,Puger,0.7,13.7,0.3,6720.0,1.0,29.5,0.7,0.7,0.7,9.7,5.7,2.4,0.3,0.0,0.0,9300.0,11900.0,8300.0,1.0,1.0,0.8,29.4,29.2,29.0
2026-05-24 13:00:00,Puger,0.7,16.0,0.3,4120.0,0.9,29.6,0.7,0.7,0.7,13.7,9.7,5.7,0.3,0.3,0.0,6720.0,9300.0,11900.0,1.0,1.0,1.0,29.5,29.4,29.2
2026-05-24 14:00:00,Puger,0.7,15.5,0.8,4080.0,0.7,29.6,0.7,0.7,0.7,16.0,13.7,9.7,0.3,0.3,0.3,4120.0,6720.0,9300.0,0.9,1.0,1.0,29.6,29.5,29.4
2026-05-24 15:00:00,Puger,0.72,13.6,0.8,4020.0,0.7,29.5,0.7,0.7,0.7,15.5,16.0,13.7,0.8,0.3,0.3,4080.0,4120.0,6720.0,0.7,0.9,1.0,29.6,29.6,29.5
2026-05-24 16:00:00,Puger,0.72,10.6,0.8,3980.0,0.6,29.5,0.72,0.7,0.7,13.6,15.5,16.0,0.8,0.8,0.3,4020.0,4080.0,4120.0,0.7,0.7,0.9,29.5,29.6,29.6
2026-05-24 17:00:00,Puger,0.74,4.9,0.6,4440.0,0.6,29.4,0.72,0.72,0.7,10.6,13.6,15.5,0.8,0.8,0.8,3980.0,4020.0,4080.0,0.6,0.7,0.7,29.5,29.5,29.6
2026-05-24 18:00:00,Puger,0.74,2.9,0.6,4880.0,0.6,29.2,0.74,0.72,0.72,4.9,10.6,13.6,0.6,0.8,0.8,4440.0,3980.0,4020.0,0.6,0.6,0.7,29.4,29.5,29.5
2026-05-24 19:00:00,Puger,0.76,7.7,0.6,5340.0,0.6,29.2,0.74,0.74,0.72,2.9,4.9,10.6,0.6,0.6,0.8,4880.0,4440.0,3980.0,0.6,0.6,0.6,29.2,29.4,29.5
2026-05-24 20:00:00,Puger,0.76,8.4,0.0,6700.0,0.6,29.1,0.76,0.74,0.74,7.7,2.9,4.9,0.6,0.6,0.6,5340.0,4880.0,4440.0,0.6,0.6,0.6,29.2,29.2,29.4
2026-05-24 21:00:00,Puger,0.78,6.9,0.0,8060.0,0.6,29.1,0.76,0.76,0.74,8.4,7.7,2.9,0.0,0.6,0.6,6700.0,5340.0,4880.0,0.6,0.6,0.6,29.1,29.2,29.2
2026-05-24 22:00:00,Puger,0.78,5.6,0.0,9420.0,0.6,29.1,0.78,0.76,0.76,6.9,8.4,7.7,0.0,0.0,0.6,8060.0,6700.0,5340.0,0.6,0.6,0.6,29.1,29.1,29.2
2026-05-24 23:00:00,Puger,0.8,4.9,0.0,8620.0,0.7,29.0,0.78,0.78,0.76,5.6,6.9,8.4,0.0,0.0,0.0,9420.0,8060.0,6700.0,0.6,0.6,0.6,29.1,29.1,29.1
2026-05-25 00:00:00,Puger,0.8,4.1,0.0,7840.0,0.7,29.0,0.8,0.78,0.78,4.9,5.6,6.9,0.0,0.0,0.0,8620.0,9420.0,8060.0,0.7,0.6,0.6,29.0,29.1,29.1
2026-05-25 01:00:00,Puger,0.82,3.4,0.0,7040.0,0.9,29.0,0.8,0.8,0.78,4.1,4.9,5.6,0.0,0.0,0.0,7840.0,8620.0,9420.0,0.7,0.7,0.6,29.0,29.0,29.1
2026-05-25 02:00:00,Puger,0.82,3.1,0.0,5760.0,0.9,29.0,0.82,0.8,0.8,3.4,4.1,4.9,0.0,0.0,0.0,7040.0,7840.0,8620.0,0.9,0.7,0.7,29.0,29.0,29.0
2026-05-25 03:00:00,Puger,0.84,3.2,0.0,4500.0,0.9,29.0,0.82,0.82,0.8,3.1,3.4,4.1,0.0,0.0,0.0,5760.0,7040.0,7840.0,0.9,0.9,0.7,29.0,29.0,29.0
2026-05-25 04:00:00,Puger,0.84,3.5,0.0,3220.0,0.9,29.0,0.84,0.82,0.82,3.2,3.1,3.4,0.0,0.0,0.0,4500.0,5760.0,7040.0,0.9,0.9,0.9,29.0,29.0,29.0
2026-05-25 05:00:00,Puger,0.86,4.4,0.4,4440.0,0.9,29.0,0.84,0.84,0.82,3.5,3.2,3.1,0.0,0.0,0.0,3220.0,4500.0,5760.0,0.9,0.9,0.9,29.0,29.0,29.0
2026-05-25 06:00:00,Puger,0.86,5.6,0.4,5640.0,0.7,29.0,0.86,0.84,0.84,4.4,3.5,3.2,0.4,0.0,0.0,4440.0,3220.0,4500.0,0.9,0.9,0.9,29.0,29.0,29.0
2026-05-25 07:00:00,Puger,0.88,5.6,0.4,6860.0,0.9,29.0,0.86,0.86,0.84,5.6,4.4,3.5,0.4,0.4,0.0,5640.0,4440.0,3220.0,0.7,0.9,0.9,29.0,29.0,29.0
2026-05-25 08:00:00,Puger,0.88,3.0,0.0,10420.0,0.9,29.0,0.88,0.86,0.86,5.6,5.6,4.4,0.4,0.4,0.4,6860.0,5640.0,4440.0,0.9,0.7,0.9,29.0,29.0,29.0
2026-05-25 09:00:00,Puger,0.9,0.7,0.0,13960.0,0.9,29.0,0.88,0.88,0.86,3.0,5.6,5.6,0.0,0.4,0.4,10420.0,6860.0,5640.0,0.9,0.9,0.7,29.0,29.0,29.0
2026-05-25 10:00:00,Puger,0.9,4.4,0.0,17520.0,0.9,29.1,0.9,0.88,0.88,0.7,3.0,5.6,0.0,0.0,0.4,13960.0,10420.0,6860.0,0.9,0.9,0.9,29.0,29.0,29.0
2026-05-25 11:00:00,Puger,0.9,7.7,0.4,13560.0,1.0,29.2,0.9,0.9,0.88,4.4,0.7,3.0,0.0,0.0,0.0,17520.0,13960.0,10420.0,0.9,0.9,0.9,29.1,29.0,29.0
2026-05-25 12:00:00,Puger,0.92,10.6,0.4,9600.0,1.0,29.3,0.9,0.9,0.9,7.7,4.4,0.7,0.4,0.0,0.0,13560.0,17520.0,13960.0,1.0,0.9,0.9,29.2,29.1,29.0
2026-05-25 13:00:00,Puger,0.92,12.0,0.4,5640.0,1.0,29.4,0.92,0.9,0.9,10.6,7.7,4.4,0.4,0.4,0.0,9600.0,13560.0,17520.0,1.0,1.0,0.9,29.3,29.2,29.1
2026-05-25 14:00:00,Puger,0.94,10.8,0.2,9400.0,1.1,29.4,0.92,0.92,0.9,12.0,10.6,7.7,0.4,0.4,0.4,5640.0,9600.0,13560.0,1.0,1.0,1.0,29.4,29.3,29.2
2026-05-25 15:00:00,Puger,0.96,8.7,0.2,13160.0,1.0,29.4,0.94,0.92,0.92,10.8,12.0,10.6,0.2,0.4,0.4,9400.0,5640.0,9600.0,1.1,1.0,1.0,29.4,29.4,29.3
2026-05-25 16:00:00,Puger,0.98,7.0,0.2,16920.0,1.0,29.3,0.96,0.94,0.92,8.7,10.8,12.0,0.2,0.2,0.4,13160.0,9400.0,5640.0,1.0,1.1,1.0,29.4,29.4,29.4
2026-05-25 17:00:00,Puger,0.98,5.4,0.1,13260.0,1.0,29.2,0.98,0.96,0.94,7.0,8.7,10.8,0.2,0.2,0.2,16920.0,13160.0,9400.0,1.0,1.0,1.1,29.3,29.4,29.4
2026-05-25 18:00:00,Puger,1.0,3.7,0.1,9620.0,1.0,29.2,0.98,0.98,0.96,5.4,7.0,8.7,0.1,0.2,0.2,13260.0,16920.0,13160.0,1.0,1.0,1.0,29.2,29.3,29.4
2026-05-25 19:00:00,Puger,1.0,3.1,0.1,5960.0,0.7,29.2,1.0,0.98,0.98,3.7,5.4,7.0,0.1,0.1,0.2,9620.0,13260.0,16920.0,1.0,1.0,1.0,29.2,29.2,29.3
2026-05-25 20:00:00,Puger,1.0,4.5,0.1,5460.0,0.7,29.1,1.0,1.0,0.98,3.1,3.7,5.4,0.1,0.1,0.1,5960.0,9620.0,13260.0,0.7,1.0,1.0,29.2,29.2,29.2
2026-05-25 21:00:00,Puger,0.98,8.1,0.1,4980.0,0.6,29.1,1.0,1.0,1.0,4.5,3.1,3.7,0.1,0.1,0.1,5460.0,5960.0,9620.0,0.7,0.7,1.0,29.1,29.2,29.2
2026-05-25 22:00:00,Puger,0.98,10.2,0.1,4480.0,0.6,29.1,0.98,1.0,1.0,8.1,4.5,3.1,0.1,0.1,0.1,4980.0,5460.0,5960.0,0.6,0.7,0.7,29.1,29.1,29.2
2026-05-25 23:00:00,Puger,0.98,9.3,0.0,3420.0,0.6,29.1,0.98,0.98,1.0,10.2,8.1,4.5,0.1,0.1,0.1,4480.0,4980.0,5460.0,0.6,0.6,0.7,29.1,29.1,29.1
2026-05-26 00:00:00,Puger,0.98,6.6,0.0,2360.0,0.5,29.0,0.98,0.98,0.98,9.3,10.2,8.1,0.0,0.1,0.1,3420.0,4480.0,4980.0,0.6,0.6,0.6,29.1,29.1,29.1
2026-05-26 01:00:00,Puger,0.98,4.9,0.0,1300.0,0.5,29.0,0.98,0.98,0.98,6.6,9.3,10.2,0.0,0.0,0.1,2360.0,3420.0,4480.0,0.5,0.6,0.6,29.0,29.1,29.1
2026-05-26 02:00:00,Puger,0.98,2.7,0.0,10920.0,0.5,29.0,0.98,0.98,0.98,4.9,6.6,9.3,0.0,0.0,0.0,1300.0,2360.0,3420.0,0.5,0.5,0.6,29.0,29.0,29.1
2026-05-26 03:00:00,Puger,0.98,3.3,0.0,11360.0,0.5,29.0,0.98,0.98,0.98,2.7,4.9,6.6,0.0,0.0,0.0,10920.0,1300.0,2360.0,0.5,0.5,0.5,29.0,29.0,29.0
2026-05-26 04:00:00,Puger,0.98,3.8,0.0,11820.0,0.5,29.0,0.98,0.98,0.98,3.3,2.7,4.9,0.0,0.0,0.0,11360.0,10920.0,1300.0,0.5,0.5,0.5,29.0,29.0,29.0
2026-05-26 05:00:00,Puger,0.98,4.2,0.0,12260.0,0.5,29.0,0.98,0.98,0.98,3.8,3.3,2.7,0.0,0.0,0.0,11820.0,11360.0,10920.0,0.5,0.5,0.5,29.0,29.0,29.0
2026-05-26 06:00:00,Puger,0.98,3.9,0.0,12720.0,0.4,29.0,0.98,0.98,0.98,4.2,3.8,3.3,0.0,0.0,0.0,12260.0,11820.0,11360.0,0.5,0.5,0.5,29.0,29.0,29.0
2026-05-26 07:00:00,Puger,0.98,3.1,0.0,13160.0,0.6,29.0,0.98,0.98,0.98,3.9,4.2,3.8,0.0,0.0,0.0,12720.0,12260.0,11820.0,0.4,0.5,0.5,29.0,29.0,29.0
2026-05-26 08:00:00,Puger,0.98,2.0,0.1,11720.0,0.5,29.0,0.98,0.98,0.98,3.1,3.9,4.2,0.0,0.0,0.0,13160.0,12720.0,12260.0,0.6,0.4,0.5,29.0,29.0,29.0
2026-05-26 09:00:00,Puger,0.98,4.5,0.1,10300.0,0.7,29.1,0.98,0.98,0.98,2.0,3.1,3.9,0.1,0.0,0.0,11720.0,13160.0,12720.0,0.5,0.6,0.4,29.0,29.0,29.0
2026-05-26 10:00:00,Puger,0.98,8.5,0.1,8880.0,0.7,29.1,0.98,0.98,0.98,4.5,2.0,3.1,0.1,0.1,0.0,10300.0,11720.0,13160.0,0.7,0.5,0.6,29.1,29.0,29.0
2026-05-26 11:00:00,Puger,1.0,12.5,0.1,7440.0,0.7,29.2,0.98,0.98,0.98,8.5,4.5,2.0,0.1,0.1,0.1,8880.0,10300.0,11720.0,0.7,0.7,0.5,29.1,29.1,29.0
2026-05-26 12:00:00,Puger,1.04,15.5,0.1,6020.0,0.9,29.2,1.0,0.98,0.98,12.5,8.5,4.5,0.1,0.1,0.1,7440.0,8880.0,10300.0,0.7,0.7,0.7,29.2,29.1,29.1
2026-05-26 13:00:00,Puger,1.06,16.7,0.1,4580.0,0.7,29.3,1.04,1.0,0.98,15.5,12.5,8.5,0.1,0.1,0.1,6020.0,7440.0,8880.0,0.9,0.7,0.7,29.2,29.2,29.1
2026-05-26 14:00:00,Puger,1.08,15.7,0.1,5960.0,0.7,29.3,1.06,1.04,1.0,16.7,15.5,12.5,0.1,0.1,0.1,4580.0,6020.0,7440.0,0.7,0.9,0.7,29.3,29.2,29.2
2026-05-26 15:00:00,Puger,1.1,12.8,0.1,7340.0,0.7,29.3,1.08,1.06,1.04,15.7,16.7,15.5,0.1,0.1,0.1,5960.0,4580.0,6020.0,0.7,0.7,0.9,29.3,29.3,29.2
2026-05-26 16:00:00,Puger,1.12,9.0,0.1,8720.0,0.7,29.3,1.1,1.08,1.06,12.8,15.7,16.7,0.1,0.1,0.1,7340.0,5960.0,4580.0,0.7,0.7,0.7,29.3,29.3,29.3
2026-05-26 17:00:00,Puger,1.12,5.1,0.1,10080.0,0.6,29.2,1.12,1.1,1.08,9.0,12.8,15.7,0.1,0.1,0.1,8720.0,7340.0,5960.0,0.7,0.7,0.7,29.3,29.3,29.3
2026-05-26 18:00:00,Puger,1.1,2.4,0.1,11460.0,0.6,29.2,1.12,1.12,1.1,5.1,9.0,12.8,0.1,0.1,0.1,10080.0,8720.0,7340.0,0.6,0.7,0.7,29.2,29.3,29.3
2026-05-26 19:00:00,Puger,1.1,2.7,0.1,12840.0,0.6,29.2,1.1,1.12,1.12,2.4,5.1,9.0,0.1,0.1,0.1,11460.0,10080.0,8720.0,0.6,0.6,0.7,29.2,29.2,29.3
2026-05-26 20:00:00,Puger,1.1,3.2,0.0,12740.0,0.8,29.2,1.1,1.1,1.12,2.7,2.4,5.1,0.1,0.1,0.1,12840.0,11460.0,10080.0,0.6,0.6,0.6,29.2,29.2,29.2
2026-05-26 21:00:00,Puger,1.1,3.5,0.0,12620.0,0.6,29.1,1.1,1.1,1.1,3.2,2.7,2.4,0.0,0.1,0.1,12740.0,12840.0,11460.0,0.8,0.6,0.6,29.2,29.2,29.2
2026-05-26 22:00:00,Puger,1.1,3.3,0.0,12520.0,0.5,29.1,1.1,1.1,1.1,3.5,3.2,2.7,0.0,0.0,0.1,12620.0,12740.0,12840.0,0.6,0.8,0.6,29.1,29.2,29.2
2026-05-26 23:00:00,Puger,1.1,3.0,0.0,12400.0,0.5,29.1,1.1,1.1,1.1,3.3,3.5,3.2,0.0,0.0,0.0,12520.0,12620.0,12740.0,0.5,0.6,0.8,29.1,29.1,29.2
2026-05-20 03:00:00,Sampang,0.04,2.6,0.0,9060.0,0.3,30.9,0.06,0.06,0.06,2.4,4.1,4.0,0.0,0.0,0.0,8600.0,11020.0,12200.0,0.4,0.6,0.6,31.0,31.0,31.0
2026-05-20 04:00:00,Sampang,0.04,2.8,0.0,12300.0,0.2,30.9,0.04,0.06,0.06,2.6,2.4,4.1,0.0,0.0,0.0,9060.0,8600.0,11020.0,0.3,0.4,0.6,30.9,31.0,31.0
2026-05-20 05:00:00,Sampang,0.04,5.3,0.0,12420.0,0.0,30.9,0.04,0.04,0.06,2.8,2.6,2.4,0.0,0.0,0.0,12300.0,9060.0,8600.0,0.2,0.3,0.4,30.9,30.9,31.0
2026-05-20 06:00:00,Sampang,0.04,6.7,0.0,12760.0,0.0,30.9,0.04,0.04,0.04,5.3,2.8,2.6,0.0,0.0,0.0,12420.0,12300.0,9060.0,0.0,0.2,0.3,30.9,30.9,30.9
2026-05-20 07:00:00,Sampang,0.04,4.0,0.0,17620.0,0.0,30.9,0.04,0.04,0.04,6.7,5.3,2.8,0.0,0.0,0.0,12760.0,12420.0,12300.0,0.0,0.0,0.2,30.9,30.9,30.9
2026-05-20 08:00:00,Sampang,0.04,5.0,0.0,12940.0,0.2,30.9,0.04,0.04,0.04,4.0,6.7,5.3,0.0,0.0,0.0,17620.0,12760.0,12420.0,0.0,0.0,0.0,30.9,30.9,30.9
2026-05-20 09:00:00,Sampang,0.04,6.3,0.1,9720.0,0.4,31.0,0.04,0.04,0.04,5.0,4.0,6.7,0.0,0.0,0.0,12940.0,17620.0,12760.0,0.2,0.0,0.0,30.9,30.9,30.9
2026-05-20 10:00:00,Sampang,0.04,8.6,0.1,9020.0,0.4,31.0,0.04,0.04,0.04,6.3,5.0,4.0,0.1,0.0,0.0,9720.0,12940.0,17620.0,0.4,0.2,0.0,31.0,30.9,30.9
2026-05-20 11:00:00,Sampang,0.06,9.4,0.2,6680.0,0.4,31.1,0.04,0.04,0.04,8.6,6.3,5.0,0.1,0.1,0.0,9020.0,9720.0,12940.0,0.4,0.4,0.2,31.0,31.0,30.9
2026-05-20 12:00:00,Sampang,0.06,12.1,0.3,5900.0,0.4,31.2,0.06,0.04,0.04,9.4,8.6,6.3,0.2,0.1,0.1,6680.0,9020.0,9720.0,0.4,0.4,0.4,31.1,31.0,31.0
2026-05-20 13:00:00,Sampang,0.08,11.8,0.3,8360.0,0.3,31.2,0.06,0.06,0.04,12.1,9.4,8.6,0.3,0.2,0.1,5900.0,6680.0,9020.0,0.4,0.4,0.4,31.2,31.1,31.0
2026-05-20 14:00:00,Sampang,0.1,9.8,0.1,10060.0,0.0,31.2,0.08,0.06,0.06,11.8,12.1,9.4,0.3,0.3,0.2,8360.0,5900.0,6680.0,0.3,0.4,0.4,31.2,31.2,31.1
2026-05-20 15:00:00,Sampang,0.12,10.7,1.1,3100.0,0.2,31.2,0.1,0.08,0.06,9.8,11.8,12.1,0.1,0.3,0.3,10060.0,8360.0,5900.0,0.0,0.3,0.4,31.2,31.2,31.2
2026-05-20 16:00:00,Sampang,0.14,4.9,1.1,5160.0,0.4,31.2,0.12,0.1,0.08,10.7,9.8,11.8,1.1,0.1,0.3,3100.0,10060.0,8360.0,0.2,0.0,0.3,31.2,31.2,31.2
2026-05-20 17:00:00,Sampang,0.14,1.7,0.1,12040.0,0.6,31.2,0.14,0.12,0.1,4.9,10.7,9.8,1.1,1.1,0.1,5160.0,3100.0,10060.0,0.4,0.2,0.0,31.2,31.2,31.2
2026-05-20 18:00:00,Sampang,0.12,2.5,0.5,8120.0,0.4,31.1,0.14,0.14,0.12,1.7,4.9,10.7,0.1,1.1,1.1,12040.0,5160.0,3100.0,0.6,0.4,0.2,31.2,31.2,31.2
2026-05-20 19:00:00,Sampang,0.12,2.8,0.2,2680.0,0.4,31.1,0.12,0.14,0.14,2.5,1.7,4.9,0.5,0.1,1.1,8120.0,12040.0,5160.0,0.4,0.6,0.4,31.1,31.2,31.2
2026-05-20 20:00:00,Sampang,0.12,5.6,2.1,4220.0,0.2,31.1,0.12,0.12,0.14,2.8,2.5,1.7,0.2,0.5,0.1,2680.0,8120.0,12040.0,0.4,0.4,0.6,31.1,31.1,31.2
2026-05-20 21:00:00,Sampang,0.14,3.2,0.2,8340.0,0.0,31.1,0.12,0.12,0.12,5.6,2.8,2.5,2.1,0.2,0.5,4220.0,2680.0,8120.0,0.2,0.4,0.4,31.1,31.1,31.1
2026-05-20 22:00:00,Sampang,0.14,2.4,0.0,11260.0,0.4,31.1,0.14,0.12,0.12,3.2,5.6,2.8,0.2,2.1,0.2,8340.0,4220.0,2680.0,0.0,0.2,0.4,31.1,31.1,31.1
2026-05-20 23:00:00,Sampang,0.14,2.7,0.0,8800.0,0.4,31.1,0.14,0.14,0.12,2.4,3.2,5.6,0.0,0.2,2.1,11260.0,8340.0,4220.0,0.4,0.0,0.2,31.1,31.1,31.1
2026-05-21 00:00:00,Sampang,0.14,1.8,0.0,8920.0,0.5,31.0,0.14,0.14,0.14,2.7,2.4,3.2,0.0,0.0,0.2,8800.0,11260.0,8340.0,0.4,0.4,0.0,31.1,31.1,31.1
2026-05-21 01:00:00,Sampang,0.14,0.6,0.0,12420.0,0.5,31.0,0.14,0.14,0.14,1.8,2.7,2.4,0.0,0.0,0.0,8920.0,8800.0,11260.0,0.5,0.4,0.4,31.0,31.1,31.1
2026-05-21 02:00:00,Sampang,0.14,1.3,0.0,11580.0,0.4,31.0,0.14,0.14,0.14,0.6,1.8,2.7,0.0,0.0,0.0,12420.0,8920.0,8800.0,0.5,0.5,0.4,31.0,31.0,31.1
2026-05-21 03:00:00,Sampang,0.14,2.9,0.0,13040.0,0.2,31.0,0.14,0.14,0.14,1.3,0.6,1.8,0.0,0.0,0.0,11580.0,12420.0,8920.0,0.4,0.5,0.5,31.0,31.0,31.0
2026-05-21 04:00:00,Sampang,0.14,5.3,0.0,12240.0,0.2,31.0,0.14,0.14,0.14,2.9,1.3,0.6,0.0,0.0,0.0,13040.0,11580.0,12420.0,0.2,0.4,0.5,31.0,31.0,31.0
2026-05-21 05:00:00,Sampang,0.14,6.9,0.0,12520.0,0.0,30.9,0.14,0.14,0.14,5.3,2.9,1.3,0.0,0.0,0.0,12240.0,13040.0,11580.0,0.2,0.2,0.4,31.0,31.0,31.0
2026-05-21 06:00:00,Sampang,0.14,8.2,0.0,12840.0,0.0,30.9,0.14,0.14,0.14,6.9,5.3,2.9,0.0,0.0,0.0,12520.0,12240.0,13040.0,0.0,0.2,0.2,30.9,31.0,31.0
2026-05-21 07:00:00,Sampang,0.14,8.9,0.0,15540.0,0.0,30.9,0.14,0.14,0.14,8.2,6.9,5.3,0.0,0.0,0.0,12840.0,12520.0,12240.0,0.0,0.0,0.2,30.9,30.9,31.0
2026-05-21 08:00:00,Sampang,0.14,9.3,0.0,15520.0,0.2,31.0,0.14,0.14,0.14,8.9,8.2,6.9,0.0,0.0,0.0,15540.0,12840.0,12520.0,0.0,0.0,0.0,30.9,30.9,30.9
2026-05-21 09:00:00,Sampang,0.14,8.3,0.0,12980.0,0.2,31.0,0.14,0.14,0.14,9.3,8.9,8.2,0.0,0.0,0.0,15520.0,15540.0,12840.0,0.2,0.0,0.0,31.0,30.9,30.9
2026-05-21 10:00:00,Sampang,0.14,9.7,0.0,13920.0,0.4,31.1,0.14,0.14,0.14,8.3,9.3,8.9,0.0,0.0,0.0,12980.0,15520.0,15540.0,0.2,0.2,0.0,31.0,31.0,30.9
2026-05-21 11:00:00,Sampang,0.14,11.7,0.1,7060.0,0.4,31.2,0.14,0.14,0.14,9.7,8.3,9.3,0.0,0.0,0.0,13920.0,12980.0,15520.0,0.4,0.2,0.2,31.1,31.0,31.0
2026-05-21 12:00:00,Sampang,0.14,7.9,1.5,3200.0,0.4,31.2,0.14,0.14,0.14,11.7,9.7,8.3,0.1,0.0,0.0,7060.0,13920.0,12980.0,0.4,0.4,0.2,31.2,31.1,31.0
2026-05-21 13:00:00,Sampang,0.14,6.8,3.2,2320.0,0.4,31.3,0.14,0.14,0.14,7.9,11.7,9.7,1.5,0.1,0.0,3200.0,7060.0,13920.0,0.4,0.4,0.4,31.2,31.2,31.1
2026-05-21 14:00:00,Sampang,0.14,6.5,2.9,2960.0,0.2,31.3,0.14,0.14,0.14,6.8,7.9,11.7,3.2,1.5,0.1,2320.0,3200.0,7060.0,0.4,0.4,0.4,31.3,31.2,31.2
2026-05-21 15:00:00,Sampang,0.12,6.5,0.6,3640.0,0.0,31.3,0.14,0.14,0.14,6.5,6.8,7.9,2.9,3.2,1.5,2960.0,2320.0,3200.0,0.2,0.4,0.4,31.3,31.3,31.2
2026-05-21 16:00:00,Sampang,0.12,5.0,1.9,5880.0,0.2,31.3,0.12,0.14,0.14,6.5,6.5,6.8,0.6,2.9,3.2,3640.0,2960.0,2320.0,0.0,0.2,0.4,31.3,31.3,31.3
2026-05-21 17:00:00,Sampang,0.12,3.4,0.1,9920.0,0.4,31.2,0.12,0.12,0.14,5.0,6.5,6.5,1.9,0.6,2.9,5880.0,3640.0,2960.0,0.2,0.0,0.2,31.3,31.3,31.3
2026-05-21 18:00:00,Sampang,0.12,1.9,0.0,12260.0,0.4,31.2,0.12,0.12,0.12,3.4,5.0,6.5,0.1,1.9,0.6,9920.0,5880.0,3640.0,0.4,0.2,0.0,31.2,31.3,31.3
2026-05-21 19:00:00,Sampang,0.12,1.9,0.0,11220.0,0.4,31.2,0.12,0.12,0.12,1.9,3.4,5.0,0.0,0.1,1.9,12260.0,9920.0,5880.0,0.4,0.4,0.2,31.2,31.2,31.3
2026-05-21 20:00:00,Sampang,0.12,0.8,0.1,9500.0,0.2,31.2,0.12,0.12,0.12,1.9,1.9,3.4,0.0,0.0,0.1,11220.0,12260.0,9920.0,0.4,0.4,0.4,31.2,31.2,31.2
2026-05-21 21:00:00,Sampang,0.12,3.7,0.2,5180.0,0.0,31.1,0.12,0.12,0.12,0.8,1.9,1.9,0.1,0.0,0.0,9500.0,11220.0,12260.0,0.2,0.4,0.4,31.2,31.2,31.2
2026-05-21 22:00:00,Sampang,0.12,2.7,0.1,10880.0,0.2,31.1,0.12,0.12,0.12,3.7,0.8,1.9,0.2,0.1,0.0,5180.0,9500.0,11220.0,0.0,0.2,0.4,31.1,31.2,31.2
2026-05-21 23:00:00,Sampang,0.12,4.0,0.3,6200.0,0.4,31.1,0.12,0.12,0.12,2.7,3.7,0.8,0.1,0.2,0.1,10880.0,5180.0,9500.0,0.2,0.0,0.2,31.1,31.1,31.2
2026-05-22 00:00:00,Sampang,0.12,2.3,0.4,6860.0,0.4,31.0,0.12,0.12,0.12,4.0,2.7,3.7,0.3,0.1,0.2,6200.0,10880.0,5180.0,0.4,0.2,0.0,31.1,31.1,31.1
2026-05-22 01:00:00,Sampang,0.12,3.2,0.1,8980.0,0.5,31.0,0.12,0.12,0.12,2.3,4.0,2.7,0.4,0.3,0.1,6860.0,6200.0,10880.0,0.4,0.4,0.2,31.0,31.1,31.1
2026-05-22 02:00:00,Sampang,0.12,4.7,0.0,9320.0,0.5,31.0,0.12,0.12,0.12,3.2,2.3,4.0,0.1,0.4,0.3,8980.0,6860.0,6200.0,0.5,0.4,0.4,31.0,31.0,31.1
2026-05-22 03:00:00,Sampang,0.1,5.1,0.0,11200.0,0.4,31.0,0.12,0.12,0.12,4.7,3.2,2.3,0.0,0.1,0.4,9320.0,8980.0,6860.0,0.5,0.5,0.4,31.0,31.0,31.0
2026-05-22 04:00:00,Sampang,0.1,2.4,0.0,11200.0,0.4,31.0,0.1,0.12,0.12,5.1,4.7,3.2,0.0,0.0,0.1,11200.0,9320.0,8980.0,0.4,0.5,0.5,31.0,31.0,31.0
2026-05-22 05:00:00,Sampang,0.1,2.9,0.0,10400.0,0.2,31.0,0.1,0.1,0.12,2.4,5.1,4.7,0.0,0.0,0.0,11200.0,11200.0,9320.0,0.4,0.4,0.5,31.0,31.0,31.0
2026-05-22 06:00:00,Sampang,0.1,2.8,0.1,6960.0,0.2,31.0,0.1,0.1,0.1,2.9,2.4,5.1,0.0,0.0,0.0,10400.0,11200.0,11200.0,0.2,0.4,0.4,31.0,31.0,31.0
2026-05-22 07:00:00,Sampang,0.1,5.7,0.1,9440.0,0.0,31.0,0.1,0.1,0.1,2.8,2.9,2.4,0.1,0.0,0.0,6960.0,10400.0,11200.0,0.2,0.2,0.4,31.0,31.0,31.0
2026-05-22 08:00:00,Sampang,0.1,7.7,0.2,8980.0,0.0,31.0,0.1,0.1,0.1,5.7,2.8,2.9,0.1,0.1,0.0,9440.0,6960.0,10400.0,0.0,0.2,0.2,31.0,31.0,31.0
2026-05-22 09:00:00,Sampang,0.1,8.7,0.1,12660.0,0.2,31.1,0.1,0.1,0.1,7.7,5.7,2.8,0.2,0.1,0.1,8980.0,9440.0,6960.0,0.0,0.0,0.2,31.0,31.0,31.0
2026-05-22 10:00:00,Sampang,0.1,12.8,0.0,16000.0,0.2,31.2,0.1,0.1,0.1,8.7,7.7,5.7,0.1,0.2,0.1,12660.0,8980.0,9440.0,0.2,0.0,0.0,31.1,31.0,31.0
2026-05-22 11:00:00,Sampang,0.1,10.5,0.0,16860.0,0.2,31.4,0.1,0.1,0.1,12.8,8.7,7.7,0.0,0.1,0.2,16000.0,12660.0,8980.0,0.2,0.2,0.0,31.2,31.1,31.0
2026-05-22 12:00:00,Sampang,0.1,7.9,0.0,12520.0,0.2,31.5,0.1,0.1,0.1,10.5,12.8,8.7,0.0,0.0,0.1,16860.0,16000.0,12660.0,0.2,0.2,0.2,31.4,31.2,31.1
2026-05-22 13:00:00,Sampang,0.1,6.2,0.0,16820.0,0.3,31.5,0.1,0.1,0.1,7.9,10.5,12.8,0.0,0.0,0.0,12520.0,16860.0,16000.0,0.2,0.2,0.2,31.5,31.4,31.2
2026-05-22 14:00:00,Sampang,0.12,8.9,0.1,10940.0,0.4,31.5,0.1,0.1,0.1,6.2,7.9,10.5,0.0,0.0,0.0,16820.0,12520.0,16860.0,0.3,0.2,0.2,31.5,31.5,31.4
2026-05-22 15:00:00,Sampang,0.12,12.6,0.1,17240.0,0.3,31.5,0.12,0.1,0.1,8.9,6.2,7.9,0.1,0.0,0.0,10940.0,16820.0,12520.0,0.4,0.3,0.2,31.5,31.5,31.5
2026-05-22 16:00:00,Sampang,0.14,13.7,0.0,18840.0,0.0,31.5,0.12,0.12,0.1,12.6,8.9,6.2,0.1,0.1,0.0,17240.0,10940.0,16820.0,0.3,0.4,0.3,31.5,31.5,31.5
2026-05-22 17:00:00,Sampang,0.14,12.2,0.0,14360.0,0.2,31.4,0.14,0.12,0.12,13.7,12.6,8.9,0.0,0.1,0.1,18840.0,17240.0,10940.0,0.0,0.3,0.4,31.5,31.5,31.5
2026-05-22 18:00:00,Sampang,0.14,11.6,0.0,10720.0,0.2,31.3,0.14,0.14,0.12,12.2,13.7,12.6,0.0,0.0,0.1,14360.0,18840.0,17240.0,0.2,0.0,0.3,31.4,31.5,31.5
2026-05-22 19:00:00,Sampang,0.14,10.2,0.1,7900.0,0.4,31.2,0.14,0.14,0.14,11.6,12.2,13.7,0.0,0.0,0.0,10720.0,14360.0,18840.0,0.2,0.2,0.0,31.3,31.4,31.5
2026-05-22 20:00:00,Sampang,0.14,9.0,0.1,8960.0,0.2,31.2,0.14,0.14,0.14,10.2,11.6,12.2,0.1,0.0,0.0,7900.0,10720.0,14360.0,0.4,0.2,0.2,31.2,31.3,31.4
2026-05-22 21:00:00,Sampang,0.14,8.1,0.0,15720.0,0.2,31.2,0.14,0.14,0.14,9.0,10.2,11.6,0.1,0.1,0.0,8960.0,7900.0,10720.0,0.2,0.4,0.2,31.2,31.2,31.3
2026-05-22 22:00:00,Sampang,0.14,4.7,0.3,6200.0,0.0,31.2,0.14,0.14,0.14,8.1,9.0,10.2,0.0,0.1,0.1,15720.0,8960.0,7900.0,0.2,0.2,0.4,31.2,31.2,31.2
2026-05-22 23:00:00,Sampang,0.14,4.6,0.2,8060.0,0.2,31.2,0.14,0.14,0.14,4.7,8.1,9.0,0.3,0.0,0.1,6200.0,15720.0,8960.0,0.0,0.2,0.2,31.2,31.2,31.2
2026-05-23 00:00:00,Sampang,0.14,0.9,0.0,9600.0,0.2,31.1,0.14,0.14,0.14,4.6,4.7,8.1,0.2,0.3,0.0,8060.0,6200.0,15720.0,0.2,0.0,0.2,31.2,31.2,31.2
2026-05-23 01:00:00,Sampang,0.14,2.8,0.0,10300.0,0.4,31.1,0.14,0.14,0.14,0.9,4.6,4.7,0.0,0.2,0.3,9600.0,8060.0,6200.0,0.2,0.2,0.0,31.1,31.2,31.2
2026-05-23 02:00:00,Sampang,0.14,2.7,0.0,7700.0,0.4,31.1,0.14,0.14,0.14,2.8,0.9,4.6,0.0,0.0,0.2,10300.0,9600.0,8060.0,0.4,0.2,0.2,31.1,31.1,31.2
2026-05-23 03:00:00,Sampang,0.12,5.8,0.0,8660.0,0.4,31.0,0.14,0.14,0.14,2.7,2.8,0.9,0.0,0.0,0.0,7700.0,10300.0,9600.0,0.4,0.4,0.2,31.1,31.1,31.1
2026-05-23 04:00:00,Sampang,0.12,3.5,0.0,620.0,0.4,31.0,0.12,0.14,0.14,5.8,2.7,2.8,0.0,0.0,0.0,8660.0,7700.0,10300.0,0.4,0.4,0.4,31.0,31.1,31.1
2026-05-23 05:00:00,Sampang,0.12,2.5,0.0,260.0,0.2,31.0,0.12,0.12,0.14,3.5,5.8,2.7,0.0,0.0,0.0,620.0,8660.0,7700.0,0.4,0.4,0.4,31.0,31.0,31.1
2026-05-23 06:00:00,Sampang,0.12,2.9,0.0,220.0,0.2,31.0,0.12,0.12,0.12,2.5,3.5,5.8,0.0,0.0,0.0,260.0,620.0,8660.0,0.2,0.4,0.4,31.0,31.0,31.0
2026-05-23 07:00:00,Sampang,0.12,4.0,0.0,500.0,0.0,31.0,0.12,0.12,0.12,2.9,2.5,3.5,0.0,0.0,0.0,220.0,260.0,620.0,0.2,0.2,0.4,31.0,31.0,31.0
2026-05-23 08:00:00,Sampang,0.12,1.5,0.1,7040.0,0.0,31.0,0.12,0.12,0.12,4.0,2.9,2.5,0.0,0.0,0.0,500.0,220.0,260.0,0.0,0.2,0.2,31.0,31.0,31.0
2026-05-23 09:00:00,Sampang,0.1,7.0,0.3,6820.0,0.2,31.2,0.12,0.12,0.12,1.5,4.0,2.9,0.1,0.0,0.0,7040.0,500.0,220.0,0.0,0.0,0.2,31.0,31.0,31.0
2026-05-23 10:00:00,Sampang,0.1,7.1,0.2,11320.0,0.2,31.4,0.1,0.12,0.12,7.0,1.5,4.0,0.3,0.1,0.0,6820.0,7040.0,500.0,0.2,0.0,0.0,31.2,31.0,31.0
2026-05-23 11:00:00,Sampang,0.1,6.2,0.0,13440.0,0.2,31.5,0.1,0.1,0.12,7.1,7.0,1.5,0.2,0.3,0.1,11320.0,6820.0,7040.0,0.2,0.2,0.0,31.4,31.2,31.0
2026-05-23 12:00:00,Sampang,0.1,6.1,0.0,16000.0,0.0,31.6,0.1,0.1,0.1,6.2,7.1,7.0,0.0,0.2,0.3,13440.0,11320.0,6820.0,0.2,0.2,0.2,31.5,31.4,31.2
2026-05-23 13:00:00,Sampang,0.1,6.1,0.0,21420.0,0.0,31.6,0.1,0.1,0.1,6.1,6.2,7.1,0.0,0.0,0.2,16000.0,13440.0,11320.0,0.0,0.2,0.2,31.6,31.5,31.4
2026-05-23 14:00:00,Sampang,0.1,9.9,0.0,22900.0,0.2,31.6,0.1,0.1,0.1,6.1,6.1,6.2,0.0,0.0,0.0,21420.0,16000.0,13440.0,0.0,0.0,0.2,31.6,31.6,31.5
2026-05-23 15:00:00,Sampang,0.08,9.6,0.4,8860.0,0.2,31.6,0.1,0.1,0.1,9.9,6.1,6.1,0.0,0.0,0.0,22900.0,21420.0,16000.0,0.2,0.0,0.0,31.6,31.6,31.6
2026-05-23 16:00:00,Sampang,0.08,6.9,0.1,15540.0,0.4,31.5,0.08,0.1,0.1,9.6,9.9,6.1,0.4,0.0,0.0,8860.0,22900.0,21420.0,0.2,0.2,0.0,31.6,31.6,31.6
2026-05-23 17:00:00,Sampang,0.08,3.8,0.1,7440.0,0.3,31.5,0.08,0.08,0.1,6.9,9.6,9.9,0.1,0.4,0.0,15540.0,8860.0,22900.0,0.4,0.2,0.2,31.5,31.6,31.6
2026-05-23 18:00:00,Sampang,0.08,2.3,0.1,10500.0,0.3,31.4,0.08,0.08,0.08,3.8,6.9,9.6,0.1,0.1,0.4,7440.0,15540.0,8860.0,0.3,0.4,0.2,31.5,31.5,31.6
2026-05-23 19:00:00,Sampang,0.08,5.4,0.1,8080.0,0.3,31.3,0.08,0.08,0.08,2.3,3.8,6.9,0.1,0.1,0.1,10500.0,7440.0,15540.0,0.3,0.3,0.4,31.4,31.5,31.5
2026-05-23 20:00:00,Sampang,0.08,4.3,0.1,10100.0,0.3,31.2,0.08,0.08,0.08,5.4,2.3,3.8,0.1,0.1,0.1,8080.0,10500.0,7440.0,0.3,0.3,0.3,31.3,31.4,31.5
2026-05-23 21:00:00,Sampang,0.08,3.9,0.1,12140.0,0.3,31.2,0.08,0.08,0.08,4.3,5.4,2.3,0.1,0.1,0.1,10100.0,8080.0,10500.0,0.3,0.3,0.3,31.2,31.3,31.4
2026-05-23 22:00:00,Sampang,0.08,4.5,0.1,14160.0,0.3,31.2,0.08,0.08,0.08,3.9,4.3,5.4,0.1,0.1,0.1,12140.0,10100.0,8080.0,0.3,0.3,0.3,31.2,31.2,31.3
2026-05-23 23:00:00,Sampang,0.1,4.9,0.0,13520.0,0.2,31.2,0.08,0.08,0.08,4.5,3.9,4.3,0.1,0.1,0.1,14160.0,12140.0,10100.0,0.3,0.3,0.3,31.2,31.2,31.2
2026-05-24 00:00:00,Sampang,0.1,4.9,0.0,12880.0,0.3,31.2,0.1,0.08,0.08,4.9,4.5,3.9,0.0,0.1,0.1,13520.0,14160.0,12140.0,0.2,0.3,0.3,31.2,31.2,31.2
2026-05-24 01:00:00,Sampang,0.12,4.6,0.0,12240.0,0.3,31.2,0.1,0.1,0.08,4.9,4.9,4.5,0.0,0.0,0.1,12880.0,13520.0,14160.0,0.3,0.2,0.3,31.2,31.2,31.2
2026-05-24 02:00:00,Sampang,0.12,4.4,0.0,12000.0,0.4,31.1,0.12,0.1,0.1,4.6,4.9,4.9,0.0,0.0,0.0,12240.0,12880.0,13520.0,0.3,0.3,0.2,31.2,31.2,31.2
2026-05-24 03:00:00,Sampang,0.12,4.5,0.0,11760.0,0.4,31.1,0.12,0.12,0.1,4.4,4.6,4.9,0.0,0.0,0.0,12000.0,12240.0,12880.0,0.4,0.3,0.3,31.1,31.2,31.2
2026-05-24 04:00:00,Sampang,0.12,4.5,0.0,11520.0,0.4,31.1,0.12,0.12,0.12,4.5,4.4,4.6,0.0,0.0,0.0,11760.0,12000.0,12240.0,0.4,0.4,0.3,31.1,31.1,31.2
2026-05-24 05:00:00,Sampang,0.12,3.4,0.0,12180.0,0.4,31.0,0.12,0.12,0.12,4.5,4.5,4.4,0.0,0.0,0.0,11520.0,11760.0,12000.0,0.4,0.4,0.4,31.1,31.1,31.1
2026-05-24 06:00:00,Sampang,0.1,1.8,0.0,12860.0,0.2,31.0,0.12,0.12,0.12,3.4,4.5,4.5,0.0,0.0,0.0,12180.0,11520.0,11760.0,0.4,0.4,0.4,31.0,31.1,31.1
2026-05-24 07:00:00,Sampang,0.1,1.4,0.0,13520.0,0.2,31.0,0.1,0.12,0.12,1.8,3.4,4.5,0.0,0.0,0.0,12860.0,12180.0,11520.0,0.2,0.4,0.4,31.0,31.0,31.1
2026-05-24 08:00:00,Sampang,0.1,4.5,0.0,15220.0,0.0,31.1,0.1,0.1,0.12,1.4,1.8,3.4,0.0,0.0,0.0,13520.0,12860.0,12180.0,0.2,0.2,0.4,31.0,31.0,31.0
2026-05-24 09:00:00,Sampang,0.1,8.6,0.0,16940.0,0.0,31.2,0.1,0.1,0.1,4.5,1.4,1.8,0.0,0.0,0.0,15220.0,13520.0,12860.0,0.0,0.2,0.2,31.1,31.0,31.0
2026-05-24 10:00:00,Sampang,0.1,11.0,0.0,18640.0,0.2,31.3,0.1,0.1,0.1,8.6,4.5,1.4,0.0,0.0,0.0,16940.0,15220.0,13520.0,0.0,0.0,0.2,31.2,31.1,31.0
2026-05-24 11:00:00,Sampang,0.1,10.3,0.0,20080.0,0.3,31.4,0.1,0.1,0.1,11.0,8.6,4.5,0.0,0.0,0.0,18640.0,16940.0,15220.0,0.2,0.0,0.0,31.3,31.2,31.1
2026-05-24 12:00:00,Sampang,0.08,8.0,0.0,21500.0,0.3,31.5,0.1,0.1,0.1,10.3,11.0,8.6,0.0,0.0,0.0,20080.0,18640.0,16940.0,0.3,0.2,0.0,31.4,31.3,31.2
2026-05-24 13:00:00,Sampang,0.08,5.8,0.0,22940.0,0.3,31.5,0.08,0.1,0.1,8.0,10.3,11.0,0.0,0.0,0.0,21500.0,20080.0,18640.0,0.3,0.3,0.2,31.5,31.4,31.3
2026-05-24 14:00:00,Sampang,0.08,3.7,0.2,18160.0,0.3,31.5,0.08,0.08,0.1,5.8,8.0,10.3,0.0,0.0,0.0,22940.0,21500.0,20080.0,0.3,0.3,0.3,31.5,31.5,31.4
2026-05-24 15:00:00,Sampang,0.08,2.3,0.2,13360.0,0.4,31.5,0.08,0.08,0.08,3.7,5.8,8.0,0.2,0.0,0.0,18160.0,22940.0,21500.0,0.3,0.3,0.3,31.5,31.5,31.5
2026-05-24 16:00:00,Sampang,0.08,2.8,0.2,8580.0,0.4,31.5,0.08,0.08,0.08,2.3,3.7,5.8,0.2,0.2,0.0,13360.0,18160.0,22940.0,0.4,0.3,0.3,31.5,31.5,31.5
2026-05-24 17:00:00,Sampang,0.08,3.1,0.3,10660.0,0.4,31.5,0.08,0.08,0.08,2.8,2.3,3.7,0.2,0.2,0.2,8580.0,13360.0,18160.0,0.4,0.4,0.3,31.5,31.5,31.5
2026-05-24 18:00:00,Sampang,0.08,3.0,0.3,12740.0,0.3,31.4,0.08,0.08,0.08,3.1,2.8,2.3,0.3,0.2,0.2,10660.0,8580.0,13360.0,0.4,0.4,0.4,31.5,31.5,31.5
2026-05-24 19:00:00,Sampang,0.08,2.4,0.3,14820.0,0.3,31.4,0.08,0.08,0.08,3.0,3.1,2.8,0.3,0.3,0.2,12740.0,10660.0,8580.0,0.3,0.4,0.4,31.4,31.5,31.5
2026-05-24 20:00:00,Sampang,0.08,1.9,0.0,13360.0,0.3,31.3,0.08,0.08,0.08,2.4,3.0,3.1,0.3,0.3,0.3,14820.0,12740.0,10660.0,0.3,0.3,0.4,31.4,31.4,31.5
2026-05-24 21:00:00,Sampang,0.06,4.5,0.0,11880.0,0.3,31.3,0.08,0.08,0.08,1.9,2.4,3.0,0.0,0.3,0.3,13360.0,14820.0,12740.0,0.3,0.3,0.3,31.3,31.4,31.4
2026-05-24 22:00:00,Sampang,0.06,6.4,0.0,10420.0,0.3,31.2,0.06,0.08,0.08,4.5,1.9,2.4,0.0,0.0,0.3,11880.0,13360.0,14820.0,0.3,0.3,0.3,31.3,31.3,31.4
2026-05-24 23:00:00,Sampang,0.06,6.3,0.0,7140.0,0.2,31.2,0.06,0.06,0.08,6.4,4.5,1.9,0.0,0.0,0.0,10420.0,11880.0,13360.0,0.3,0.3,0.3,31.2,31.3,31.3
2026-05-25 00:00:00,Sampang,0.06,6.1,0.0,3880.0,0.2,31.2,0.06,0.06,0.06,6.3,6.4,4.5,0.0,0.0,0.0,7140.0,10420.0,11880.0,0.2,0.3,0.3,31.2,31.2,31.3
2026-05-25 01:00:00,Sampang,0.06,6.4,0.0,600.0,0.3,31.2,0.06,0.06,0.06,6.1,6.3,6.4,0.0,0.0,0.0,3880.0,7140.0,10420.0,0.2,0.2,0.3,31.2,31.2,31.2
2026-05-25 02:00:00,Sampang,0.06,5.7,1.6,2220.0,0.3,31.1,0.06,0.06,0.06,6.4,6.1,6.3,0.0,0.0,0.0,600.0,3880.0,7140.0,0.3,0.2,0.2,31.2,31.2,31.2
2026-05-25 03:00:00,Sampang,0.06,4.9,1.6,3840.0,0.3,31.1,0.06,0.06,0.06,5.7,6.4,6.1,1.6,0.0,0.0,2220.0,600.0,3880.0,0.3,0.3,0.2,31.1,31.2,31.2
2026-05-25 04:00:00,Sampang,0.06,4.4,1.6,5460.0,0.4,31.1,0.06,0.06,0.06,4.9,5.7,6.4,1.6,1.6,0.0,3840.0,2220.0,600.0,0.3,0.3,0.3,31.1,31.1,31.2
2026-05-25 05:00:00,Sampang,0.06,4.0,0.0,7920.0,0.4,31.1,0.06,0.06,0.06,4.4,4.9,5.7,1.6,1.6,1.6,5460.0,3840.0,2220.0,0.4,0.3,0.3,31.1,31.1,31.1
2026-05-25 06:00:00,Sampang,0.06,3.3,0.0,10380.0,0.4,31.1,0.06,0.06,0.06,4.0,4.4,4.9,0.0,1.6,1.6,7920.0,5460.0,3840.0,0.4,0.4,0.3,31.1,31.1,31.1
2026-05-25 07:00:00,Sampang,0.06,2.3,0.0,12840.0,0.2,31.1,0.06,0.06,0.06,3.3,4.0,4.4,0.0,0.0,1.6,10380.0,7920.0,5460.0,0.4,0.4,0.4,31.1,31.1,31.1
2026-05-25 08:00:00,Sampang,0.06,1.6,0.0,16220.0,0.0,31.1,0.06,0.06,0.06,2.3,3.3,4.0,0.0,0.0,0.0,12840.0,10380.0,7920.0,0.2,0.4,0.4,31.1,31.1,31.1
2026-05-25 09:00:00,Sampang,0.04,3.6,0.0,19620.0,0.0,31.2,0.06,0.06,0.06,1.6,2.3,3.3,0.0,0.0,0.0,16220.0,12840.0,10380.0,0.0,0.2,0.4,31.1,31.1,31.1
2026-05-25 10:00:00,Sampang,0.04,5.6,0.0,23000.0,0.3,31.4,0.04,0.06,0.06,3.6,1.6,2.3,0.0,0.0,0.0,19620.0,16220.0,12840.0,0.0,0.0,0.2,31.2,31.1,31.1
2026-05-25 11:00:00,Sampang,0.04,7.2,0.0,22220.0,0.4,31.5,0.04,0.04,0.06,5.6,3.6,1.6,0.0,0.0,0.0,23000.0,19620.0,16220.0,0.3,0.0,0.0,31.4,31.2,31.1
2026-05-25 12:00:00,Sampang,0.06,8.2,0.0,21420.0,0.4,31.5,0.04,0.04,0.04,7.2,5.6,3.6,0.0,0.0,0.0,22220.0,23000.0,19620.0,0.4,0.3,0.0,31.5,31.4,31.2
2026-05-25 13:00:00,Sampang,0.06,7.8,0.0,20640.0,0.4,31.5,0.06,0.04,0.04,8.2,7.2,5.6,0.0,0.0,0.0,21420.0,22220.0,23000.0,0.4,0.4,0.3,31.5,31.5,31.4
2026-05-25 14:00:00,Sampang,0.06,4.8,0.2,16520.0,0.3,31.5,0.06,0.06,0.04,7.8,8.2,7.2,0.0,0.0,0.0,20640.0,21420.0,22220.0,0.4,0.4,0.4,31.5,31.5,31.5
2026-05-25 15:00:00,Sampang,0.06,2.2,0.2,12380.0,0.3,31.5,0.06,0.06,0.06,4.8,7.8,8.2,0.2,0.0,0.0,16520.0,20640.0,21420.0,0.3,0.4,0.4,31.5,31.5,31.5
2026-05-25 16:00:00,Sampang,0.06,4.3,0.2,8260.0,0.4,31.5,0.06,0.06,0.06,2.2,4.8,7.8,0.2,0.2,0.0,12380.0,16520.0,20640.0,0.3,0.3,0.4,31.5,31.5,31.5
2026-05-25 17:00:00,Sampang,0.06,4.7,0.2,7340.0,0.4,31.5,0.06,0.06,0.06,4.3,2.2,4.8,0.2,0.2,0.2,8260.0,12380.0,16520.0,0.4,0.3,0.3,31.5,31.5,31.5
2026-05-25 18:00:00,Sampang,0.06,4.2,0.2,6400.0,0.4,31.4,0.06,0.06,0.06,4.7,4.3,2.2,0.2,0.2,0.2,7340.0,8260.0,12380.0,0.4,0.4,0.3,31.5,31.5,31.5
2026-05-25 19:00:00,Sampang,0.06,4.1,0.2,5480.0,0.4,31.4,0.06,0.06,0.06,4.2,4.7,4.3,0.2,0.2,0.2,6400.0,7340.0,8260.0,0.4,0.4,0.4,31.4,31.5,31.5
2026-05-25 20:00:00,Sampang,0.08,4.4,0.5,5740.0,0.4,31.4,0.06,0.06,0.06,4.1,4.2,4.7,0.2,0.2,0.2,5480.0,6400.0,7340.0,0.4,0.4,0.4,31.4,31.4,31.5
2026-05-25 21:00:00,Sampang,0.08,4.9,0.5,5980.0,0.4,31.3,0.08,0.06,0.06,4.4,4.1,4.2,0.5,0.2,0.2,5740.0,5480.0,6400.0,0.4,0.4,0.4,31.4,31.4,31.4
2026-05-25 22:00:00,Sampang,0.1,4.5,0.5,6240.0,0.2,31.3,0.08,0.08,0.06,4.9,4.4,4.1,0.5,0.5,0.2,5980.0,5740.0,5480.0,0.4,0.4,0.4,31.3,31.4,31.4
2026-05-25 23:00:00,Sampang,0.1,2.0,0.1,5360.0,0.2,31.3,0.1,0.08,0.08,4.5,4.9,4.4,0.5,0.5,0.5,6240.0,5980.0,5740.0,0.2,0.4,0.4,31.3,31.3,31.4
2026-05-26 00:00:00,Sampang,0.12,3.2,0.1,4500.0,0.2,31.2,0.1,0.1,0.08,2.0,4.5,4.9,0.1,0.5,0.5,5360.0,6240.0,5980.0,0.2,0.2,0.4,31.3,31.3,31.3
2026-05-26 01:00:00,Sampang,0.12,6.1,0.1,3620.0,0.2,31.2,0.12,0.1,0.1,3.2,2.0,4.5,0.1,0.1,0.5,4500.0,5360.0,6240.0,0.2,0.2,0.2,31.2,31.3,31.3
2026-05-26 02:00:00,Sampang,0.12,3.1,0.2,6560.0,0.3,31.2,0.12,0.12,0.1,6.1,3.2,2.0,0.1,0.1,0.1,3620.0,4500.0,5360.0,0.2,0.2,0.2,31.2,31.2,31.3
2026-05-26 03:00:00,Sampang,0.12,4.1,0.2,5320.0,0.3,31.2,0.12,0.12,0.12,3.1,6.1,3.2,0.2,0.1,0.1,6560.0,3620.0,4500.0,0.3,0.2,0.2,31.2,31.2,31.2
2026-05-26 04:00:00,Sampang,0.12,5.4,0.2,4080.0,0.4,31.1,0.12,0.12,0.12,4.1,3.1,6.1,0.2,0.2,0.1,5320.0,6560.0,3620.0,0.3,0.3,0.2,31.2,31.2,31.2
2026-05-26 05:00:00,Sampang,0.12,6.5,0.2,2820.0,0.4,31.1,0.12,0.12,0.12,5.4,4.1,3.1,0.2,0.2,0.2,4080.0,5320.0,6560.0,0.4,0.3,0.3,31.1,31.2,31.2
2026-05-26 06:00:00,Sampang,0.1,7.2,0.2,1580.0,0.4,31.1,0.12,0.12,0.12,6.5,5.4,4.1,0.2,0.2,0.2,2820.0,4080.0,5320.0,0.4,0.4,0.3,31.1,31.1,31.2
2026-05-26 07:00:00,Sampang,0.1,7.1,0.2,340.0,0.4,31.1,0.1,0.12,0.12,7.2,6.5,5.4,0.2,0.2,0.2,1580.0,2820.0,4080.0,0.4,0.4,0.4,31.1,31.1,31.1
2026-05-26 08:00:00,Sampang,0.1,5.9,0.0,3200.0,0.4,31.2,0.1,0.1,0.12,7.1,7.2,6.5,0.2,0.2,0.2,340.0,1580.0,2820.0,0.4,0.4,0.4,31.1,31.1,31.1
2026-05-26 09:00:00,Sampang,0.1,4.2,0.0,6080.0,0.4,31.3,0.1,0.1,0.1,5.9,7.1,7.2,0.0,0.2,0.2,3200.0,340.0,1580.0,0.4,0.4,0.4,31.2,31.1,31.1
2026-05-26 10:00:00,Sampang,0.1,4.1,0.0,8940.0,0.4,31.4,0.1,0.1,0.1,4.2,5.9,7.1,0.0,0.0,0.2,6080.0,3200.0,340.0,0.4,0.4,0.4,31.3,31.2,31.1
2026-05-26 11:00:00,Sampang,0.1,6.4,0.0,11800.0,0.4,31.5,0.1,0.1,0.1,4.1,4.2,5.9,0.0,0.0,0.0,8940.0,6080.0,3200.0,0.4,0.4,0.4,31.4,31.3,31.2
2026-05-26 12:00:00,Sampang,0.08,8.6,0.0,14680.0,0.4,31.5,0.1,0.1,0.1,6.4,4.1,4.2,0.0,0.0,0.0,11800.0,8940.0,6080.0,0.4,0.4,0.4,31.5,31.4,31.3
2026-05-26 13:00:00,Sampang,0.08,10.2,0.0,17540.0,0.4,31.6,0.08,0.1,0.1,8.6,6.4,4.1,0.0,0.0,0.0,14680.0,11800.0,8940.0,0.4,0.4,0.4,31.5,31.5,31.4
2026-05-26 14:00:00,Sampang,0.08,10.4,0.2,15740.0,0.2,31.6,0.08,0.08,0.1,10.2,8.6,6.4,0.0,0.0,0.0,17540.0,14680.0,11800.0,0.4,0.4,0.4,31.6,31.5,31.5
2026-05-26 15:00:00,Sampang,0.08,10.0,0.2,13960.0,0.2,31.6,0.08,0.08,0.08,10.4,10.2,8.6,0.2,0.0,0.0,15740.0,17540.0,14680.0,0.2,0.4,0.4,31.6,31.6,31.5
2026-05-26 16:00:00,Sampang,0.08,9.1,0.2,12180.0,0.2,31.5,0.08,0.08,0.08,10.0,10.4,10.2,0.2,0.2,0.0,13960.0,15740.0,17540.0,0.2,0.2,0.4,31.6,31.6,31.6
2026-05-26 17:00:00,Sampang,0.08,7.9,0.2,10380.0,0.3,31.5,0.08,0.08,0.08,9.1,10.0,10.4,0.2,0.2,0.2,12180.0,13960.0,15740.0,0.2,0.2,0.2,31.5,31.6,31.6
2026-05-26 18:00:00,Sampang,0.08,7.0,0.2,8600.0,0.3,31.5,0.08,0.08,0.08,7.9,9.1,10.0,0.2,0.2,0.2,10380.0,12180.0,13960.0,0.3,0.2,0.2,31.5,31.5,31.6
2026-05-26 19:00:00,Sampang,0.08,6.1,0.2,6800.0,0.3,31.5,0.08,0.08,0.08,7.0,7.9,9.1,0.2,0.2,0.2,8600.0,10380.0,12180.0,0.3,0.3,0.2,31.5,31.5,31.5
2026-05-26 20:00:00,Sampang,0.1,5.2,0.2,8400.0,0.3,31.5,0.08,0.08,0.08,6.1,7.0,7.9,0.2,0.2,0.2,6800.0,8600.0,10380.0,0.3,0.3,0.3,31.5,31.5,31.5
2026-05-26 21:00:00,Sampang,0.1,4.0,0.2,10020.0,0.2,31.4,0.1,0.08,0.08,5.2,6.1,7.0,0.2,0.2,0.2,8400.0,6800.0,8600.0,0.3,0.3,0.3,31.5,31.5,31.5
2026-05-26 22:00:00,Sampang,0.12,2.6,0.2,11620.0,0.0,31.4,0.1,0.1,0.08,4.0,5.2,6.1,0.2,0.2,0.2,10020.0,8400.0,6800.0,0.2,0.3,0.3,31.4,31.5,31.5
2026-05-26 23:00:00,Sampang,0.12,1.5,0.2,13220.0,0.0,31.4,0.12,0.1,0.1,2.6,4.0,5.2,0.2,0.2,0.2,11620.0,10020.0,8400.0,0.0,0.2,0.3,31.4,31.4,31.5
2026-05-20 03:00:00,Selat Bali,0.26,7.1,0.0,3100.0,4.4,30.1,0.26,0.26,0.26,7.7,8.6,8.6,0.0,0.0,0.0,2220.0,1920.0,5780.0,2.2,1.8,2.4,30.2,30.2,30.2
2026-05-20 04:00:00,Selat Bali,0.26,8.6,0.0,10280.0,6.8,30.1,0.26,0.26,0.26,7.1,7.7,8.6,0.0,0.0,0.0,3100.0,2220.0,1920.0,4.4,2.2,1.8,30.1,30.2,30.2
2026-05-20 05:00:00,Selat Bali,0.26,8.6,0.0,14140.0,8.3,30.1,0.26,0.26,0.26,8.6,7.1,7.7,0.0,0.0,0.0,10280.0,3100.0,2220.0,6.8,4.4,2.2,30.1,30.1,30.2
2026-05-20 06:00:00,Selat Bali,0.28,8.6,0.0,3440.0,8.6,30.1,0.26,0.26,0.26,8.6,8.6,7.1,0.0,0.0,0.0,14140.0,10280.0,3100.0,8.3,6.8,4.4,30.1,30.1,30.1
2026-05-20 07:00:00,Selat Bali,0.28,6.4,0.0,23180.0,7.9,30.1,0.28,0.26,0.26,8.6,8.6,8.6,0.0,0.0,0.0,3440.0,14140.0,10280.0,8.6,8.3,6.8,30.1,30.1,30.1
2026-05-20 08:00:00,Selat Bali,0.28,2.3,0.0,26460.0,6.3,30.2,0.28,0.28,0.26,6.4,8.6,8.6,0.0,0.0,0.0,23180.0,3440.0,14140.0,7.9,8.6,8.3,30.1,30.1,30.1
2026-05-20 09:00:00,Selat Bali,0.3,2.8,0.0,26460.0,4.2,30.2,0.28,0.28,0.28,2.3,6.4,8.6,0.0,0.0,0.0,26460.0,23180.0,3440.0,6.3,7.9,8.6,30.2,30.1,30.1
2026-05-20 10:00:00,Selat Bali,0.3,7.8,0.0,29020.0,2.4,30.4,0.3,0.28,0.28,2.8,2.3,6.4,0.0,0.0,0.0,26460.0,26460.0,23180.0,4.2,6.3,7.9,30.2,30.2,30.1
2026-05-20 11:00:00,Selat Bali,0.32,13.0,0.0,26460.0,1.9,30.5,0.3,0.3,0.28,7.8,2.8,2.3,0.0,0.0,0.0,29020.0,26460.0,26460.0,2.4,4.2,6.3,30.4,30.2,30.2
2026-05-20 12:00:00,Selat Bali,0.32,14.9,0.0,26460.0,1.7,30.5,0.32,0.3,0.3,13.0,7.8,2.8,0.0,0.0,0.0,26460.0,29020.0,26460.0,1.9,2.4,4.2,30.5,30.4,30.2
2026-05-20 13:00:00,Selat Bali,0.34,17.2,0.0,26460.0,1.7,30.5,0.32,0.32,0.3,14.9,13.0,7.8,0.0,0.0,0.0,26460.0,26460.0,29020.0,1.7,1.9,2.4,30.5,30.5,30.4
2026-05-20 14:00:00,Selat Bali,0.34,16.6,0.2,5480.0,2.4,30.5,0.34,0.32,0.32,17.2,14.9,13.0,0.0,0.0,0.0,26460.0,26460.0,26460.0,1.7,1.7,1.9,30.5,30.5,30.5
2026-05-20 15:00:00,Selat Bali,0.34,14.3,0.2,8560.0,4.2,30.5,0.34,0.34,0.32,16.6,17.2,14.9,0.2,0.0,0.0,5480.0,26460.0,26460.0,2.4,1.7,1.7,30.5,30.5,30.5
2026-05-20 16:00:00,Selat Bali,0.34,14.2,0.3,6320.0,6.3,30.5,0.34,0.34,0.34,14.3,16.6,17.2,0.2,0.2,0.0,8560.0,5480.0,26460.0,4.2,2.4,1.7,30.5,30.5,30.5
2026-05-20 17:00:00,Selat Bali,0.34,10.3,0.2,8420.0,7.7,30.4,0.34,0.34,0.34,14.2,14.3,16.6,0.3,0.2,0.2,6320.0,8560.0,5480.0,6.3,4.2,2.4,30.5,30.5,30.5
2026-05-20 18:00:00,Selat Bali,0.36,4.9,0.2,10960.0,8.1,30.4,0.34,0.34,0.34,10.3,14.2,14.3,0.2,0.3,0.2,8420.0,6320.0,8560.0,7.7,6.3,4.2,30.4,30.5,30.5
2026-05-20 19:00:00,Selat Bali,0.36,4.0,0.0,13040.0,7.4,30.3,0.36,0.34,0.34,4.9,10.3,14.2,0.2,0.2,0.3,10960.0,8420.0,6320.0,8.1,7.7,6.3,30.4,30.4,30.5
2026-05-20 20:00:00,Selat Bali,0.36,8.7,0.1,9780.0,5.8,30.2,0.36,0.36,0.34,4.0,4.9,10.3,0.0,0.2,0.2,13040.0,10960.0,8420.0,7.4,8.1,7.7,30.3,30.4,30.4
2026-05-20 21:00:00,Selat Bali,0.36,8.0,0.1,10460.0,3.6,30.2,0.36,0.36,0.36,8.7,4.0,4.9,0.1,0.0,0.2,9780.0,13040.0,10960.0,5.8,7.4,8.1,30.2,30.3,30.4
2026-05-20 22:00:00,Selat Bali,0.36,8.3,0.1,10120.0,2.1,30.2,0.36,0.36,0.36,8.0,8.7,4.0,0.1,0.1,0.0,10460.0,9780.0,13040.0,3.6,5.8,7.4,30.2,30.2,30.3
2026-05-20 23:00:00,Selat Bali,0.36,9.4,0.1,9200.0,2.3,30.2,0.36,0.36,0.36,8.3,8.0,8.7,0.1,0.1,0.1,10120.0,10460.0,9780.0,2.1,3.6,5.8,30.2,30.2,30.2
2026-05-21 00:00:00,Selat Bali,0.36,10.3,0.1,8800.0,2.6,30.2,0.36,0.36,0.36,9.4,8.3,8.0,0.1,0.1,0.1,9200.0,10120.0,10460.0,2.3,2.1,3.6,30.2,30.2,30.2
2026-05-21 01:00:00,Selat Bali,0.36,11.8,0.1,7580.0,2.3,30.2,0.36,0.36,0.36,10.3,9.4,8.3,0.1,0.1,0.1,8800.0,9200.0,10120.0,2.6,2.3,2.1,30.2,30.2,30.2
2026-05-21 02:00:00,Selat Bali,0.36,11.3,0.1,10240.0,1.6,30.2,0.36,0.36,0.36,11.8,10.3,9.4,0.1,0.1,0.1,7580.0,8800.0,9200.0,2.3,2.6,2.3,30.2,30.2,30.2
2026-05-21 03:00:00,Selat Bali,0.36,9.7,0.1,11000.0,2.4,30.1,0.36,0.36,0.36,11.3,11.8,10.3,0.1,0.1,0.1,10240.0,7580.0,8800.0,1.6,2.3,2.6,30.2,30.2,30.2
2026-05-21 04:00:00,Selat Bali,0.36,8.4,0.1,9100.0,4.7,30.1,0.36,0.36,0.36,9.7,11.3,11.8,0.1,0.1,0.1,11000.0,10240.0,7580.0,2.4,1.6,2.3,30.1,30.2,30.2
2026-05-21 05:00:00,Selat Bali,0.36,9.4,0.1,8900.0,6.8,30.1,0.36,0.36,0.36,8.4,9.7,11.3,0.1,0.1,0.1,9100.0,11000.0,10240.0,4.7,2.4,1.6,30.1,30.1,30.2
2026-05-21 06:00:00,Selat Bali,0.36,9.5,0.1,12880.0,7.9,30.1,0.36,0.36,0.36,9.4,8.4,9.7,0.1,0.1,0.1,8900.0,9100.0,11000.0,6.8,4.7,2.4,30.1,30.1,30.1
2026-05-21 07:00:00,Selat Bali,0.36,10.4,0.0,12800.0,8.1,30.1,0.36,0.36,0.36,9.5,9.4,8.4,0.1,0.1,0.1,12880.0,8900.0,9100.0,7.9,6.8,4.7,30.1,30.1,30.1
2026-05-21 08:00:00,Selat Bali,0.36,13.8,0.1,8340.0,7.2,30.1,0.36,0.36,0.36,10.4,9.5,9.4,0.0,0.1,0.1,12800.0,12880.0,8900.0,8.1,7.9,6.8,30.1,30.1,30.1
2026-05-21 09:00:00,Selat Bali,0.34,15.7,0.1,8000.0,5.6,30.2,0.36,0.36,0.36,13.8,10.4,9.5,0.1,0.0,0.1,8340.0,12800.0,12880.0,7.2,8.1,7.9,30.1,30.1,30.1
2026-05-21 10:00:00,Selat Bali,0.34,16.6,0.2,7600.0,3.5,30.3,0.34,0.36,0.36,15.7,13.8,10.4,0.1,0.1,0.0,8000.0,8340.0,12800.0,5.6,7.2,8.1,30.2,30.1,30.1
2026-05-21 11:00:00,Selat Bali,0.34,16.4,0.1,22120.0,2.2,30.4,0.34,0.34,0.36,16.6,15.7,13.8,0.2,0.1,0.1,7600.0,8000.0,8340.0,3.5,5.6,7.2,30.3,30.2,30.1
2026-05-21 12:00:00,Selat Bali,0.34,16.3,0.0,15820.0,1.7,30.4,0.34,0.34,0.34,16.4,16.6,15.7,0.1,0.2,0.1,22120.0,7600.0,8000.0,2.2,3.5,5.6,30.4,30.3,30.2
2026-05-21 13:00:00,Selat Bali,0.34,15.9,0.1,11020.0,1.5,30.5,0.34,0.34,0.34,16.3,16.4,16.6,0.0,0.1,0.2,15820.0,22120.0,7600.0,1.7,2.2,3.5,30.4,30.4,30.3
2026-05-21 14:00:00,Selat Bali,0.34,15.3,0.1,14640.0,1.7,30.5,0.34,0.34,0.34,15.9,16.3,16.4,0.1,0.0,0.1,11020.0,15820.0,22120.0,1.5,1.7,2.2,30.5,30.4,30.4
2026-05-21 15:00:00,Selat Bali,0.34,10.9,0.0,17680.0,2.5,30.5,0.34,0.34,0.34,15.3,15.9,16.3,0.1,0.1,0.0,14640.0,11020.0,15820.0,1.7,1.5,1.7,30.5,30.5,30.4
2026-05-21 16:00:00,Selat Bali,0.34,11.0,0.0,19820.0,4.2,30.5,0.34,0.34,0.34,10.9,15.3,15.9,0.0,0.1,0.1,17680.0,14640.0,11020.0,2.5,1.7,1.5,30.5,30.5,30.5
2026-05-21 17:00:00,Selat Bali,0.34,3.6,0.0,20920.0,6.1,30.4,0.34,0.34,0.34,11.0,10.9,15.3,0.0,0.0,0.1,19820.0,17680.0,14640.0,4.2,2.5,1.7,30.5,30.5,30.5
2026-05-21 18:00:00,Selat Bali,0.32,9.2,0.4,7880.0,7.4,30.4,0.34,0.34,0.34,3.6,11.0,10.9,0.0,0.0,0.0,20920.0,19820.0,17680.0,6.1,4.2,2.5,30.4,30.5,30.5
2026-05-21 19:00:00,Selat Bali,0.32,9.8,0.0,14080.0,7.6,30.4,0.32,0.34,0.34,9.2,3.6,11.0,0.4,0.0,0.0,7880.0,20920.0,19820.0,7.4,6.1,4.2,30.4,30.4,30.5
2026-05-21 20:00:00,Selat Bali,0.32,11.3,0.0,13640.0,6.8,30.4,0.32,0.32,0.34,9.8,9.2,3.6,0.0,0.4,0.0,14080.0,7880.0,20920.0,7.6,7.4,6.1,30.4,30.4,30.4
2026-05-21 21:00:00,Selat Bali,0.32,11.3,0.0,14560.0,5.2,30.3,0.32,0.32,0.32,11.3,9.8,9.2,0.0,0.0,0.4,13640.0,14080.0,7880.0,6.8,7.6,7.4,30.4,30.4,30.4
2026-05-21 22:00:00,Selat Bali,0.32,10.3,0.0,5100.0,3.1,30.3,0.32,0.32,0.32,11.3,11.3,9.8,0.0,0.0,0.0,14560.0,13640.0,14080.0,5.2,6.8,7.6,30.3,30.4,30.4
2026-05-21 23:00:00,Selat Bali,0.32,10.4,0.0,5400.0,1.8,30.3,0.32,0.32,0.32,10.3,11.3,11.3,0.0,0.0,0.0,5100.0,14560.0,13640.0,3.1,5.2,6.8,30.3,30.3,30.4
2026-05-22 00:00:00,Selat Bali,0.3,10.2,0.0,15580.0,2.1,30.2,0.32,0.32,0.32,10.4,10.3,11.3,0.0,0.0,0.0,5400.0,5100.0,14560.0,1.8,3.1,5.2,30.3,30.3,30.3
2026-05-22 01:00:00,Selat Bali,0.3,10.5,0.0,3760.0,2.3,30.2,0.3,0.32,0.32,10.2,10.4,10.3,0.0,0.0,0.0,15580.0,5400.0,5100.0,2.1,1.8,3.1,30.2,30.3,30.3
2026-05-22 02:00:00,Selat Bali,0.3,8.6,0.0,740.0,1.8,30.2,0.3,0.3,0.32,10.5,10.2,10.4,0.0,0.0,0.0,3760.0,15580.0,5400.0,2.3,2.1,1.8,30.2,30.2,30.3
2026-05-22 03:00:00,Selat Bali,0.28,7.2,1.9,3660.0,1.4,30.2,0.3,0.3,0.3,8.6,10.5,10.2,0.0,0.0,0.0,740.0,3760.0,15580.0,1.8,2.3,2.1,30.2,30.2,30.2
2026-05-22 04:00:00,Selat Bali,0.28,9.2,0.3,5200.0,2.7,30.1,0.28,0.3,0.3,7.2,8.6,10.5,1.9,0.0,0.0,3660.0,740.0,3760.0,1.4,1.8,2.3,30.2,30.2,30.2
2026-05-22 05:00:00,Selat Bali,0.28,11.1,0.0,5180.0,4.7,30.1,0.28,0.28,0.3,9.2,7.2,8.6,0.3,1.9,0.0,5200.0,3660.0,740.0,2.7,1.4,1.8,30.1,30.2,30.2
2026-05-22 06:00:00,Selat Bali,0.26,15.8,0.0,10920.0,6.7,30.1,0.28,0.28,0.28,11.1,9.2,7.2,0.0,0.3,1.9,5180.0,5200.0,3660.0,4.7,2.7,1.4,30.1,30.1,30.2
2026-05-22 07:00:00,Selat Bali,0.26,16.2,0.0,14240.0,7.6,30.1,0.26,0.28,0.28,15.8,11.1,9.2,0.0,0.0,0.3,10920.0,5180.0,5200.0,6.7,4.7,2.7,30.1,30.1,30.1
2026-05-22 08:00:00,Selat Bali,0.26,14.8,0.0,11380.0,7.4,30.2,0.26,0.26,0.28,16.2,15.8,11.1,0.0,0.0,0.0,14240.0,10920.0,5180.0,7.6,6.7,4.7,30.1,30.1,30.1
2026-05-22 09:00:00,Selat Bali,0.26,15.6,0.0,14480.0,6.3,30.4,0.26,0.26,0.26,14.8,16.2,15.8,0.0,0.0,0.0,11380.0,14240.0,10920.0,7.4,7.6,6.7,30.2,30.1,30.1
2026-05-22 10:00:00,Selat Bali,0.26,15.7,0.0,16120.0,4.5,30.5,0.26,0.26,0.26,15.6,14.8,16.2,0.0,0.0,0.0,14480.0,11380.0,14240.0,6.3,7.4,7.6,30.4,30.2,30.1
2026-05-22 11:00:00,Selat Bali,0.26,16.5,0.0,20000.0,2.4,30.6,0.26,0.26,0.26,15.7,15.6,14.8,0.0,0.0,0.0,16120.0,14480.0,11380.0,4.5,6.3,7.4,30.5,30.4,30.2
2026-05-22 12:00:00,Selat Bali,0.26,17.3,0.0,7060.0,1.4,30.7,0.26,0.26,0.26,16.5,15.7,15.6,0.0,0.0,0.0,20000.0,16120.0,14480.0,2.4,4.5,6.3,30.6,30.5,30.4
2026-05-22 13:00:00,Selat Bali,0.26,17.6,0.2,8740.0,1.5,30.8,0.26,0.26,0.26,17.3,16.5,15.7,0.0,0.0,0.0,7060.0,20000.0,16120.0,1.4,2.4,4.5,30.7,30.6,30.5
2026-05-22 14:00:00,Selat Bali,0.26,15.7,0.1,8760.0,1.5,30.8,0.26,0.26,0.26,17.6,17.3,16.5,0.2,0.0,0.0,8740.0,7060.0,20000.0,1.5,1.4,2.4,30.8,30.7,30.6
2026-05-22 15:00:00,Selat Bali,0.26,16.5,0.1,13940.0,1.1,30.7,0.26,0.26,0.26,15.7,17.6,17.3,0.1,0.2,0.0,8760.0,8740.0,7060.0,1.5,1.5,1.4,30.8,30.8,30.7
2026-05-22 16:00:00,Selat Bali,0.26,16.5,0.0,20320.0,1.7,30.6,0.26,0.26,0.26,16.5,15.7,17.6,0.1,0.1,0.2,13940.0,8760.0,8740.0,1.1,1.5,1.5,30.7,30.8,30.8
2026-05-22 17:00:00,Selat Bali,0.26,17.1,0.0,20960.0,3.3,30.5,0.26,0.26,0.26,16.5,16.5,15.7,0.0,0.1,0.1,20320.0,13940.0,8760.0,1.7,1.1,1.5,30.6,30.7,30.8
2026-05-22 18:00:00,Selat Bali,0.26,17.4,0.0,17700.0,5.0,30.4,0.26,0.26,0.26,17.1,16.5,16.5,0.0,0.0,0.1,20960.0,20320.0,13940.0,3.3,1.7,1.1,30.5,30.6,30.7
2026-05-22 19:00:00,Selat Bali,0.26,16.8,0.0,16100.0,6.3,30.4,0.26,0.26,0.26,17.4,17.1,16.5,0.0,0.0,0.0,17700.0,20960.0,20320.0,5.0,3.3,1.7,30.4,30.5,30.6
2026-05-22 20:00:00,Selat Bali,0.26,16.0,0.0,15360.0,6.5,30.3,0.26,0.26,0.26,16.8,17.4,17.1,0.0,0.0,0.0,16100.0,17700.0,20960.0,6.3,5.0,3.3,30.4,30.4,30.5
2026-05-22 21:00:00,Selat Bali,0.24,14.5,0.0,17080.0,5.8,30.3,0.26,0.26,0.26,16.0,16.8,17.4,0.0,0.0,0.0,15360.0,16100.0,17700.0,6.5,6.3,5.0,30.3,30.4,30.4
2026-05-22 22:00:00,Selat Bali,0.24,14.1,0.0,17660.0,4.2,30.3,0.24,0.26,0.26,14.5,16.0,16.8,0.0,0.0,0.0,17080.0,15360.0,16100.0,5.8,6.5,6.3,30.3,30.3,30.4
2026-05-22 23:00:00,Selat Bali,0.24,12.4,0.0,18260.0,2.3,30.2,0.24,0.24,0.26,14.1,14.5,16.0,0.0,0.0,0.0,17660.0,17080.0,15360.0,4.2,5.8,6.5,30.3,30.3,30.3
2026-05-23 00:00:00,Selat Bali,0.24,12.7,0.0,18480.0,1.5,30.2,0.24,0.24,0.24,12.4,14.1,14.5,0.0,0.0,0.0,18260.0,17660.0,17080.0,2.3,4.2,5.8,30.2,30.3,30.3
2026-05-23 01:00:00,Selat Bali,0.24,11.6,0.0,18240.0,2.1,30.2,0.24,0.24,0.24,12.7,12.4,14.1,0.0,0.0,0.0,18480.0,18260.0,17660.0,1.5,2.3,4.2,30.2,30.2,30.3
2026-05-23 02:00:00,Selat Bali,0.24,12.2,0.0,18440.0,2.3,30.2,0.24,0.24,0.24,11.6,12.7,12.4,0.0,0.0,0.0,18240.0,18480.0,18260.0,2.1,1.5,2.3,30.2,30.2,30.2
2026-05-23 03:00:00,Selat Bali,0.22,12.7,0.0,18500.0,1.8,30.2,0.24,0.24,0.24,12.2,11.6,12.7,0.0,0.0,0.0,18440.0,18240.0,18480.0,2.3,2.1,1.5,30.2,30.2,30.2
2026-05-23 04:00:00,Selat Bali,0.22,13.0,0.0,18500.0,1.3,30.2,0.22,0.24,0.24,12.7,12.2,11.6,0.0,0.0,0.0,18500.0,18440.0,18240.0,1.8,2.3,2.1,30.2,30.2,30.2
2026-05-23 05:00:00,Selat Bali,0.22,12.8,0.0,18000.0,1.9,30.1,0.22,0.22,0.24,13.0,12.7,12.2,0.0,0.0,0.0,18500.0,18500.0,18440.0,1.3,1.8,2.3,30.2,30.2,30.2
2026-05-23 06:00:00,Selat Bali,0.22,12.9,0.0,1460.0,4.0,30.1,0.22,0.22,0.22,12.8,13.0,12.7,0.0,0.0,0.0,18000.0,18500.0,18500.0,1.9,1.3,1.8,30.1,30.2,30.2
2026-05-23 07:00:00,Selat Bali,0.22,14.8,0.0,12840.0,5.6,30.2,0.22,0.22,0.22,12.9,12.8,13.0,0.0,0.0,0.0,1460.0,18000.0,18500.0,4.0,1.9,1.3,30.1,30.1,30.2
2026-05-23 08:00:00,Selat Bali,0.22,15.2,0.0,14760.0,6.3,30.2,0.22,0.22,0.22,14.8,12.9,12.8,0.0,0.0,0.0,12840.0,1460.0,18000.0,5.6,4.0,1.9,30.2,30.1,30.1
2026-05-23 09:00:00,Selat Bali,0.22,13.8,0.0,13340.0,6.1,30.4,0.22,0.22,0.22,15.2,14.8,12.9,0.0,0.0,0.0,14760.0,12840.0,1460.0,6.3,5.6,4.0,30.2,30.2,30.1
2026-05-23 10:00:00,Selat Bali,0.22,12.4,0.1,8260.0,5.0,30.5,0.22,0.22,0.22,13.8,15.2,14.8,0.0,0.0,0.0,13340.0,14760.0,12840.0,6.1,6.3,5.6,30.4,30.2,30.2
2026-05-23 11:00:00,Selat Bali,0.22,13.1,0.4,5320.0,3.4,30.6,0.22,0.22,0.22,12.4,13.8,15.2,0.1,0.0,0.0,8260.0,13340.0,14760.0,5.0,6.1,6.3,30.5,30.4,30.2
2026-05-23 12:00:00,Selat Bali,0.22,14.6,0.5,7960.0,1.6,30.7,0.22,0.22,0.22,13.1,12.4,13.8,0.4,0.1,0.0,5320.0,8260.0,13340.0,3.4,5.0,6.1,30.6,30.5,30.4
2026-05-23 13:00:00,Selat Bali,0.22,9.8,0.1,16080.0,1.1,30.8,0.22,0.22,0.22,14.6,13.1,12.4,0.5,0.4,0.1,7960.0,5320.0,8260.0,1.6,3.4,5.0,30.7,30.6,30.5
2026-05-23 14:00:00,Selat Bali,0.24,8.4,0.1,8900.0,1.7,30.8,0.22,0.22,0.22,9.8,14.6,13.1,0.1,0.5,0.4,16080.0,7960.0,5320.0,1.1,1.6,3.4,30.8,30.7,30.6
2026-05-23 15:00:00,Selat Bali,0.24,9.4,0.1,10340.0,1.5,30.7,0.24,0.22,0.22,8.4,9.8,14.6,0.1,0.1,0.5,8900.0,16080.0,7960.0,1.7,1.1,1.6,30.8,30.8,30.7
2026-05-23 16:00:00,Selat Bali,0.26,15.1,0.2,4560.0,1.0,30.6,0.24,0.24,0.22,9.4,8.4,9.8,0.1,0.1,0.1,10340.0,8900.0,16080.0,1.5,1.7,1.1,30.7,30.8,30.8
2026-05-23 17:00:00,Selat Bali,0.26,16.3,0.2,11360.0,0.9,30.5,0.26,0.24,0.24,15.1,9.4,8.4,0.2,0.1,0.1,4560.0,10340.0,8900.0,1.0,1.5,1.7,30.6,30.7,30.8
2026-05-23 18:00:00,Selat Bali,0.24,20.1,0.0,14240.0,2.5,30.4,0.26,0.26,0.24,16.3,15.1,9.4,0.2,0.2,0.1,11360.0,4560.0,10340.0,0.9,1.0,1.5,30.5,30.6,30.7
2026-05-23 19:00:00,Selat Bali,0.24,19.7,0.0,13140.0,4.1,30.4,0.24,0.26,0.26,20.1,16.3,15.1,0.0,0.2,0.2,14240.0,11360.0,4560.0,2.5,0.9,1.0,30.4,30.5,30.6
2026-05-23 20:00:00,Selat Bali,0.24,19.9,0.0,14080.0,5.2,30.3,0.24,0.24,0.26,19.7,20.1,16.3,0.0,0.0,0.2,13140.0,14240.0,11360.0,4.1,2.5,0.9,30.4,30.4,30.5
2026-05-23 21:00:00,Selat Bali,0.22,19.4,0.0,15040.0,5.2,30.3,0.24,0.24,0.24,19.9,19.7,20.1,0.0,0.0,0.0,14080.0,13140.0,14240.0,5.2,4.1,2.5,30.3,30.4,30.4
2026-05-23 22:00:00,Selat Bali,0.22,18.9,0.0,15980.0,4.5,30.3,0.22,0.24,0.24,19.4,19.9,19.7,0.0,0.0,0.0,15040.0,14080.0,13140.0,5.2,5.2,4.1,30.3,30.3,30.4
2026-05-23 23:00:00,Selat Bali,0.22,18.7,0.0,16380.0,3.1,30.2,0.22,0.22,0.24,18.9,19.4,19.9,0.0,0.0,0.0,15980.0,15040.0,14080.0,4.5,5.2,5.2,30.3,30.3,30.3
2026-05-24 00:00:00,Selat Bali,0.22,18.4,0.0,16760.0,1.2,30.2,0.22,0.22,0.22,18.7,18.9,19.4,0.0,0.0,0.0,16380.0,15980.0,15040.0,3.1,4.5,5.2,30.2,30.3,30.3
2026-05-24 01:00:00,Selat Bali,0.22,18.1,0.0,17160.0,1.2,30.2,0.22,0.22,0.22,18.4,18.7,18.9,0.0,0.0,0.0,16760.0,16380.0,15980.0,1.2,3.1,4.5,30.2,30.2,30.3
2026-05-24 02:00:00,Selat Bali,0.22,17.9,0.0,16900.0,2.3,30.2,0.22,0.22,0.22,18.1,18.4,18.7,0.0,0.0,0.0,17160.0,16760.0,16380.0,1.2,1.2,3.1,30.2,30.2,30.2
2026-05-24 03:00:00,Selat Bali,0.22,17.5,0.0,16620.0,2.6,30.2,0.22,0.22,0.22,17.9,18.1,18.4,0.0,0.0,0.0,16900.0,17160.0,16760.0,2.3,1.2,1.2,30.2,30.2,30.2
2026-05-24 04:00:00,Selat Bali,0.22,17.0,0.0,16360.0,2.2,30.1,0.22,0.22,0.22,17.5,17.9,18.1,0.0,0.0,0.0,16620.0,16900.0,17160.0,2.6,2.3,1.2,30.2,30.2,30.2
2026-05-24 05:00:00,Selat Bali,0.22,16.6,0.0,18880.0,1.2,30.1,0.22,0.22,0.22,17.0,17.5,17.9,0.0,0.0,0.0,16360.0,16620.0,16900.0,2.2,2.6,2.3,30.1,30.2,30.2
2026-05-24 06:00:00,Selat Bali,0.22,15.9,0.0,21400.0,0.9,30.1,0.22,0.22,0.22,16.6,17.0,17.5,0.0,0.0,0.0,18880.0,16360.0,16620.0,1.2,2.2,2.6,30.1,30.1,30.2
2026-05-24 07:00:00,Selat Bali,0.22,15.6,0.0,23920.0,2.7,30.1,0.22,0.22,0.22,15.9,16.6,17.0,0.0,0.0,0.0,21400.0,18880.0,16360.0,0.9,1.2,2.2,30.1,30.1,30.1
2026-05-24 08:00:00,Selat Bali,0.22,15.2,0.0,21220.0,4.2,30.2,0.22,0.22,0.22,15.6,15.9,16.6,0.0,0.0,0.0,23920.0,21400.0,18880.0,2.7,0.9,1.2,30.1,30.1,30.1
2026-05-24 09:00:00,Selat Bali,0.22,15.0,0.0,18520.0,4.9,30.3,0.22,0.22,0.22,15.2,15.6,15.9,0.0,0.0,0.0,21220.0,23920.0,21400.0,4.2,2.7,0.9,30.2,30.1,30.1
2026-05-24 10:00:00,Selat Bali,0.22,15.1,0.0,15820.0,4.7,30.4,0.22,0.22,0.22,15.0,15.2,15.6,0.0,0.0,0.0,18520.0,21220.0,23920.0,4.9,4.2,2.7,30.3,30.2,30.1
2026-05-24 11:00:00,Selat Bali,0.22,15.5,0.3,12040.0,3.6,30.5,0.22,0.22,0.22,15.1,15.0,15.2,0.0,0.0,0.0,15820.0,18520.0,21220.0,4.7,4.9,4.2,30.4,30.3,30.2
2026-05-24 12:00:00,Selat Bali,0.24,16.2,0.3,8280.0,1.8,30.6,0.22,0.22,0.22,15.5,15.1,15.0,0.3,0.0,0.0,12040.0,15820.0,18520.0,3.6,4.7,4.9,30.5,30.4,30.3
2026-05-24 13:00:00,Selat Bali,0.24,16.7,0.3,4500.0,0.4,30.6,0.24,0.22,0.22,16.2,15.5,15.1,0.3,0.3,0.0,8280.0,12040.0,15820.0,1.8,3.6,4.7,30.6,30.5,30.4
2026-05-24 14:00:00,Selat Bali,0.26,16.9,0.5,4820.0,1.8,30.6,0.24,0.24,0.22,16.7,16.2,15.5,0.3,0.3,0.3,4500.0,8280.0,12040.0,0.4,1.8,3.6,30.6,30.6,30.5
2026-05-24 15:00:00,Selat Bali,0.3,16.9,0.5,5140.0,2.5,30.6,0.26,0.24,0.24,16.9,16.7,16.2,0.5,0.3,0.3,4820.0,4500.0,8280.0,1.8,0.4,1.8,30.6,30.6,30.6
2026-05-24 16:00:00,Selat Bali,0.32,17.0,0.5,5460.0,2.7,30.5,0.3,0.26,0.24,16.9,16.9,16.7,0.5,0.5,0.3,5140.0,4820.0,4500.0,2.5,1.8,0.4,30.6,30.6,30.6
2026-05-24 17:00:00,Selat Bali,0.34,17.6,0.0,8420.0,2.1,30.5,0.32,0.3,0.26,17.0,16.9,16.9,0.5,0.5,0.5,5460.0,5140.0,4820.0,2.7,2.5,1.8,30.5,30.6,30.6
2026-05-24 18:00:00,Selat Bali,0.36,18.9,0.0,11380.0,1.0,30.4,0.34,0.32,0.3,17.6,17.0,16.9,0.0,0.5,0.5,8420.0,5460.0,5140.0,2.1,2.7,2.5,30.5,30.5,30.6
2026-05-24 19:00:00,Selat Bali,0.38,19.8,0.0,14340.0,0.7,30.3,0.36,0.34,0.32,18.9,17.6,17.0,0.0,0.0,0.5,11380.0,8420.0,5460.0,1.0,2.1,2.7,30.4,30.5,30.5
2026-05-24 20:00:00,Selat Bali,0.38,19.0,0.0,15360.0,2.4,30.2,0.38,0.36,0.34,19.8,18.9,17.6,0.0,0.0,0.0,14340.0,11380.0,8420.0,0.7,1.0,2.1,30.3,30.4,30.5
2026-05-24 21:00:00,Selat Bali,0.36,17.8,0.0,16380.0,3.3,30.2,0.38,0.38,0.36,19.0,19.8,18.9,0.0,0.0,0.0,15360.0,14340.0,11380.0,2.4,0.7,1.0,30.2,30.3,30.4
2026-05-24 22:00:00,Selat Bali,0.36,17.1,0.0,17400.0,3.5,30.2,0.36,0.38,0.38,17.8,19.0,19.8,0.0,0.0,0.0,16380.0,15360.0,14340.0,3.3,2.4,0.7,30.2,30.2,30.3
2026-05-24 23:00:00,Selat Bali,0.36,17.9,0.0,16360.0,2.9,30.2,0.36,0.36,0.38,17.1,17.8,19.0,0.0,0.0,0.0,17400.0,16380.0,15360.0,3.5,3.3,2.4,30.2,30.2,30.2
2026-05-25 00:00:00,Selat Bali,0.36,19.1,0.0,15300.0,1.5,30.1,0.36,0.36,0.36,17.9,17.1,17.8,0.0,0.0,0.0,16360.0,17400.0,16380.0,2.9,3.5,3.3,30.2,30.2,30.2
2026-05-25 01:00:00,Selat Bali,0.36,19.9,0.0,14260.0,0.4,30.1,0.36,0.36,0.36,19.1,17.9,17.1,0.0,0.0,0.0,15300.0,16360.0,17400.0,1.5,2.9,3.5,30.1,30.2,30.2
2026-05-25 02:00:00,Selat Bali,0.38,19.7,0.0,15260.0,2.2,30.1,0.36,0.36,0.36,19.9,19.1,17.9,0.0,0.0,0.0,14260.0,15300.0,16360.0,0.4,1.5,2.9,30.1,30.1,30.2
2026-05-25 03:00:00,Selat Bali,0.38,19.0,0.0,16260.0,3.4,30.1,0.38,0.36,0.36,19.7,19.9,19.1,0.0,0.0,0.0,15260.0,14260.0,15300.0,2.2,0.4,1.5,30.1,30.1,30.1
2026-05-25 04:00:00,Selat Bali,0.4,18.3,0.0,17260.0,3.7,30.0,0.38,0.38,0.36,19.0,19.7,19.9,0.0,0.0,0.0,16260.0,15260.0,14260.0,3.4,2.2,0.4,30.1,30.1,30.1
2026-05-25 05:00:00,Selat Bali,0.4,17.6,0.0,18100.0,3.5,30.0,0.4,0.38,0.38,18.3,19.0,19.7,0.0,0.0,0.0,17260.0,16260.0,15260.0,3.7,3.4,2.2,30.0,30.1,30.1
2026-05-25 06:00:00,Selat Bali,0.42,16.9,0.0,18960.0,2.4,30.0,0.4,0.4,0.38,17.6,18.3,19.0,0.0,0.0,0.0,18100.0,17260.0,16260.0,3.5,3.7,3.4,30.0,30.0,30.1
2026-05-25 07:00:00,Selat Bali,0.42,16.5,0.0,19800.0,0.9,30.0,0.42,0.4,0.4,16.9,17.6,18.3,0.0,0.0,0.0,18960.0,18100.0,17260.0,2.4,3.5,3.7,30.0,30.0,30.0
2026-05-25 08:00:00,Selat Bali,0.44,17.2,0.0,17440.0,1.0,30.1,0.42,0.42,0.4,16.5,16.9,17.6,0.0,0.0,0.0,19800.0,18960.0,18100.0,0.9,2.4,3.5,30.0,30.0,30.0
2026-05-25 09:00:00,Selat Bali,0.44,18.2,0.0,15060.0,2.3,30.1,0.44,0.42,0.42,17.2,16.5,16.9,0.0,0.0,0.0,17440.0,19800.0,18960.0,1.0,0.9,2.4,30.1,30.0,30.0
2026-05-25 10:00:00,Selat Bali,0.46,18.3,0.0,12700.0,3.0,30.2,0.44,0.44,0.42,18.2,17.2,16.5,0.0,0.0,0.0,15060.0,17440.0,19800.0,2.3,1.0,0.9,30.1,30.1,30.0
2026-05-25 11:00:00,Selat Bali,0.46,16.6,0.3,10600.0,2.9,30.3,0.46,0.44,0.44,18.3,18.2,17.2,0.0,0.0,0.0,12700.0,15060.0,17440.0,3.0,2.3,1.0,30.2,30.1,30.1
2026-05-25 12:00:00,Selat Bali,0.48,14.3,0.3,8520.0,1.9,30.4,0.46,0.46,0.44,16.6,18.3,18.2,0.3,0.0,0.0,10600.0,12700.0,15060.0,2.9,3.0,2.3,30.3,30.2,30.1
2026-05-25 13:00:00,Selat Bali,0.48,13.0,0.3,6420.0,0.4,30.4,0.48,0.46,0.46,14.3,16.6,18.3,0.3,0.3,0.0,8520.0,10600.0,12700.0,1.9,2.9,3.0,30.4,30.3,30.2
2026-05-25 14:00:00,Selat Bali,0.5,12.4,0.7,6380.0,2.0,30.4,0.48,0.48,0.46,13.0,14.3,16.6,0.3,0.3,0.3,6420.0,8520.0,10600.0,0.4,1.9,2.9,30.4,30.4,30.3
2026-05-25 15:00:00,Selat Bali,0.5,11.9,0.7,6320.0,3.4,30.3,0.5,0.48,0.48,12.4,13.0,14.3,0.7,0.3,0.3,6380.0,6420.0,8520.0,2.0,0.4,1.9,30.4,30.4,30.4
2026-05-25 16:00:00,Selat Bali,0.52,12.1,0.7,6280.0,4.4,30.2,0.5,0.5,0.48,11.9,12.4,13.0,0.7,0.7,0.3,6320.0,6380.0,6420.0,3.4,2.0,0.4,30.3,30.4,30.4
2026-05-25 17:00:00,Selat Bali,0.54,13.7,0.1,8960.0,4.7,30.2,0.52,0.5,0.5,12.1,11.9,12.4,0.7,0.7,0.7,6280.0,6320.0,6380.0,4.4,3.4,2.0,30.2,30.3,30.4
2026-05-25 18:00:00,Selat Bali,0.54,16.4,0.1,11660.0,4.2,30.1,0.54,0.52,0.5,13.7,12.1,11.9,0.1,0.7,0.7,8960.0,6280.0,6320.0,4.7,4.4,3.4,30.2,30.2,30.3
2026-05-25 19:00:00,Selat Bali,0.56,18.5,0.1,14340.0,3.1,30.1,0.54,0.54,0.52,16.4,13.7,12.1,0.1,0.1,0.7,11660.0,8960.0,6280.0,4.2,4.7,4.4,30.1,30.2,30.2
2026-05-25 20:00:00,Selat Bali,0.56,18.5,0.0,15740.0,1.5,30.0,0.56,0.54,0.54,18.5,16.4,13.7,0.1,0.1,0.1,14340.0,11660.0,8960.0,3.1,4.2,4.7,30.1,30.1,30.2
2026-05-25 21:00:00,Selat Bali,0.58,17.4,0.0,17120.0,0.5,30.0,0.56,0.56,0.54,18.5,18.5,16.4,0.0,0.1,0.1,15740.0,14340.0,11660.0,1.5,3.1,4.2,30.0,30.1,30.1
2026-05-25 22:00:00,Selat Bali,0.58,16.3,0.0,18520.0,1.2,30.0,0.58,0.56,0.56,17.4,18.5,18.5,0.0,0.0,0.1,17120.0,15740.0,14340.0,0.5,1.5,3.1,30.0,30.0,30.1
2026-05-25 23:00:00,Selat Bali,0.58,15.8,0.0,19360.0,1.5,29.9,0.58,0.58,0.56,16.3,17.4,18.5,0.0,0.0,0.0,18520.0,17120.0,15740.0,1.2,0.5,1.5,30.0,30.0,30.0
2026-05-26 00:00:00,Selat Bali,0.58,15.5,0.0,20200.0,1.0,29.9,0.58,0.58,0.58,15.8,16.3,17.4,0.0,0.0,0.0,19360.0,18520.0,17120.0,1.5,1.2,0.5,29.9,30.0,30.0
2026-05-26 01:00:00,Selat Bali,0.58,15.3,0.0,21040.0,0.8,29.8,0.58,0.58,0.58,15.5,15.8,16.3,0.0,0.0,0.0,20200.0,19360.0,18520.0,1.0,1.5,1.2,29.9,29.9,30.0
2026-05-26 02:00:00,Selat Bali,0.58,18.4,0.0,12960.0,2.5,29.8,0.58,0.58,0.58,15.3,15.5,15.8,0.0,0.0,0.0,21040.0,20200.0,19360.0,0.8,1.0,1.5,29.8,29.9,29.9
2026-05-26 03:00:00,Selat Bali,0.58,18.2,0.0,14240.0,4.2,29.7,0.58,0.58,0.58,18.4,15.3,15.5,0.0,0.0,0.0,12960.0,21040.0,20200.0,2.5,0.8,1.0,29.8,29.8,29.9
2026-05-26 04:00:00,Selat Bali,0.58,18.0,0.0,15540.0,5.3,29.6,0.58,0.58,0.58,18.2,18.4,15.3,0.0,0.0,0.0,14240.0,12960.0,21040.0,4.2,2.5,0.8,29.7,29.8,29.8
2026-05-26 05:00:00,Selat Bali,0.58,17.6,0.0,16840.0,5.8,29.6,0.58,0.58,0.58,18.0,18.2,18.4,0.0,0.0,0.0,15540.0,14240.0,12960.0,5.3,4.2,2.5,29.6,29.7,29.8
2026-05-26 06:00:00,Selat Bali,0.6,17.3,0.0,18120.0,5.5,29.6,0.58,0.58,0.58,17.6,18.0,18.2,0.0,0.0,0.0,16840.0,15540.0,14240.0,5.8,5.3,4.2,29.6,29.6,29.7
2026-05-26 07:00:00,Selat Bali,0.6,16.8,0.0,19420.0,4.4,29.6,0.6,0.58,0.58,17.3,17.6,18.0,0.0,0.0,0.0,18120.0,16840.0,15540.0,5.5,5.8,5.3,29.6,29.6,29.6
2026-05-26 08:00:00,Selat Bali,0.6,16.1,0.1,17480.0,2.9,29.6,0.6,0.6,0.58,16.8,17.3,17.6,0.0,0.0,0.0,19420.0,18120.0,16840.0,4.4,5.5,5.8,29.6,29.6,29.6
2026-05-26 09:00:00,Selat Bali,0.62,15.4,0.1,15540.0,1.1,29.7,0.6,0.6,0.6,16.1,16.8,17.3,0.1,0.0,0.0,17480.0,19420.0,18120.0,2.9,4.4,5.5,29.6,29.6,29.6
2026-05-26 10:00:00,Selat Bali,0.62,14.4,0.1,13600.0,0.4,29.8,0.62,0.6,0.6,15.4,16.1,16.8,0.1,0.1,0.0,15540.0,17480.0,19420.0,1.1,2.9,4.4,29.7,29.6,29.6
2026-05-26 11:00:00,Selat Bali,0.64,13.8,0.1,11640.0,1.1,29.9,0.62,0.62,0.6,14.4,15.4,16.1,0.1,0.1,0.1,13600.0,15540.0,17480.0,0.4,1.1,2.9,29.8,29.7,29.6
2026-05-26 12:00:00,Selat Bali,0.66,13.1,0.1,9700.0,1.1,29.9,0.64,0.62,0.62,13.8,14.4,15.4,0.1,0.1,0.1,11640.0,13600.0,15540.0,1.1,0.4,1.1,29.9,29.8,29.7
2026-05-26 13:00:00,Selat Bali,0.68,12.7,0.1,7760.0,0.2,30.0,0.66,0.64,0.62,13.1,13.8,14.4,0.1,0.1,0.1,9700.0,11640.0,13600.0,1.1,1.1,0.4,29.9,29.9,29.8
2026-05-26 14:00:00,Selat Bali,0.7,12.8,0.1,9980.0,1.7,30.0,0.68,0.66,0.64,12.7,13.1,13.8,0.1,0.1,0.1,7760.0,9700.0,11640.0,0.2,1.1,1.1,30.0,29.9,29.9
2026-05-26 15:00:00,Selat Bali,0.74,13.2,0.1,12200.0,3.5,29.9,0.7,0.68,0.66,12.8,12.7,13.1,0.1,0.1,0.1,9980.0,7760.0,9700.0,1.7,0.2,1.1,30.0,30.0,29.9
2026-05-26 16:00:00,Selat Bali,0.76,13.6,0.1,14420.0,5.1,29.9,0.74,0.7,0.68,13.2,12.8,12.7,0.1,0.1,0.1,12200.0,9980.0,7760.0,3.5,1.7,0.2,29.9,30.0,30.0
2026-05-26 17:00:00,Selat Bali,0.76,14.3,0.1,16620.0,5.8,29.8,0.76,0.74,0.7,13.6,13.2,12.8,0.1,0.1,0.1,14420.0,12200.0,9980.0,5.1,3.5,1.7,29.9,29.9,30.0
2026-05-26 18:00:00,Selat Bali,0.78,14.9,0.1,18840.0,6.0,29.8,0.76,0.76,0.74,14.3,13.6,13.2,0.1,0.1,0.1,16620.0,14420.0,12200.0,5.8,5.1,3.5,29.8,29.9,29.9
2026-05-26 19:00:00,Selat Bali,0.78,15.5,0.1,21060.0,5.5,29.7,0.78,0.76,0.76,14.9,14.3,13.6,0.1,0.1,0.1,18840.0,16620.0,14420.0,6.0,5.8,5.1,29.8,29.8,29.9
2026-05-26 20:00:00,Selat Bali,0.78,15.9,0.0,20980.0,4.2,29.6,0.78,0.78,0.76,15.5,14.9,14.3,0.1,0.1,0.1,21060.0,18840.0,16620.0,5.5,6.0,5.8,29.7,29.8,29.8
2026-05-26 21:00:00,Selat Bali,0.8,16.6,0.0,20880.0,2.3,29.6,0.78,0.78,0.78,15.9,15.5,14.9,0.0,0.1,0.1,20980.0,21060.0,18840.0,4.2,5.5,6.0,29.6,29.7,29.8
2026-05-26 22:00:00,Selat Bali,0.8,17.2,0.0,20800.0,0.8,29.5,0.8,0.78,0.78,16.6,15.9,15.5,0.0,0.0,0.1,20880.0,20980.0,21060.0,2.3,4.2,5.5,29.6,29.6,29.7
2026-05-26 23:00:00,Selat Bali,0.78,17.7,0.0,20720.0,0.7,29.5,0.8,0.8,0.78,17.2,16.6,15.9,0.0,0.0,0.0,20800.0,20880.0,20980.0,0.8,2.3,4.2,29.5,29.6,29.6
2026-05-20 03:00:00,Selat Madura,0.06,4.5,0.0,14480.0,1.3,31.3,0.06,0.06,0.06,4.4,4.2,4.7,0.0,0.0,0.0,14660.0,14780.0,16320.0,1.3,1.3,0.8,31.4,31.4,31.4
2026-05-20 04:00:00,Selat Madura,0.06,4.4,0.0,14780.0,0.9,31.3,0.06,0.06,0.06,4.5,4.4,4.2,0.0,0.0,0.0,14480.0,14660.0,14780.0,1.3,1.3,1.3,31.3,31.4,31.4
2026-05-20 05:00:00,Selat Madura,0.06,5.2,0.0,14780.0,0.6,31.2,0.06,0.06,0.06,4.4,4.5,4.4,0.0,0.0,0.0,14780.0,14480.0,14660.0,0.9,1.3,1.3,31.3,31.3,31.4
2026-05-20 06:00:00,Selat Madura,0.04,6.0,0.0,14780.0,0.0,31.2,0.06,0.06,0.06,5.2,4.4,4.5,0.0,0.0,0.0,14780.0,14780.0,14480.0,0.6,0.9,1.3,31.2,31.3,31.3
2026-05-20 07:00:00,Selat Madura,0.04,6.9,0.0,16980.0,0.3,31.2,0.04,0.06,0.06,6.0,5.2,4.4,0.0,0.0,0.0,14780.0,14780.0,14780.0,0.0,0.6,0.9,31.2,31.2,31.3
2026-05-20 08:00:00,Selat Madura,0.04,7.1,0.0,19380.0,0.5,31.3,0.04,0.04,0.06,6.9,6.0,5.2,0.0,0.0,0.0,16980.0,14780.0,14780.0,0.3,0.0,0.6,31.2,31.2,31.2
2026-05-20 09:00:00,Selat Madura,0.04,7.1,0.0,14380.0,0.5,31.4,0.04,0.04,0.04,7.1,6.9,6.0,0.0,0.0,0.0,19380.0,16980.0,14780.0,0.5,0.3,0.0,31.3,31.2,31.2
2026-05-20 10:00:00,Selat Madura,0.04,5.5,0.0,12100.0,0.3,31.4,0.04,0.04,0.04,7.1,7.1,6.9,0.0,0.0,0.0,14380.0,19380.0,16980.0,0.5,0.5,0.3,31.4,31.3,31.2
2026-05-20 11:00:00,Selat Madura,0.04,6.2,0.0,21620.0,0.0,31.5,0.04,0.04,0.04,5.5,7.1,7.1,0.0,0.0,0.0,12100.0,14380.0,19380.0,0.3,0.5,0.5,31.4,31.4,31.3
2026-05-20 12:00:00,Selat Madura,0.04,5.1,0.2,6780.0,0.3,31.5,0.04,0.04,0.04,6.2,5.5,7.1,0.0,0.0,0.0,21620.0,12100.0,14380.0,0.0,0.3,0.5,31.5,31.4,31.4
2026-05-20 13:00:00,Selat Madura,0.04,5.2,0.2,7620.0,0.4,31.6,0.04,0.04,0.04,5.1,6.2,5.5,0.2,0.0,0.0,6780.0,21620.0,12100.0,0.3,0.0,0.3,31.5,31.5,31.4
2026-05-20 14:00:00,Selat Madura,0.06,8.9,0.2,6160.0,0.4,31.6,0.04,0.04,0.04,5.2,5.1,6.2,0.2,0.2,0.0,7620.0,6780.0,21620.0,0.4,0.3,0.0,31.6,31.5,31.5
2026-05-20 15:00:00,Selat Madura,0.1,10.1,0.3,5280.0,0.3,31.6,0.06,0.04,0.04,8.9,5.2,5.1,0.2,0.2,0.2,6160.0,7620.0,6780.0,0.4,0.4,0.3,31.6,31.6,31.5
2026-05-20 16:00:00,Selat Madura,0.12,7.8,0.7,3660.0,0.2,31.6,0.1,0.06,0.04,10.1,8.9,5.2,0.3,0.2,0.2,5280.0,6160.0,7620.0,0.3,0.4,0.4,31.6,31.6,31.6
2026-05-20 17:00:00,Selat Madura,0.12,6.1,0.3,8300.0,0.4,31.6,0.12,0.1,0.06,7.8,10.1,8.9,0.7,0.3,0.2,3660.0,5280.0,6160.0,0.2,0.3,0.4,31.6,31.6,31.6
2026-05-20 18:00:00,Selat Madura,0.12,4.0,0.0,9680.0,0.8,31.5,0.12,0.12,0.1,6.1,7.8,10.1,0.3,0.7,0.3,8300.0,3660.0,5280.0,0.4,0.2,0.3,31.6,31.6,31.6
2026-05-20 19:00:00,Selat Madura,0.12,5.4,0.0,6400.0,1.2,31.5,0.12,0.12,0.12,4.0,6.1,7.8,0.0,0.3,0.7,9680.0,8300.0,3660.0,0.8,0.4,0.2,31.5,31.6,31.6
2026-05-20 20:00:00,Selat Madura,0.12,9.0,0.5,7740.0,1.3,31.5,0.12,0.12,0.12,5.4,4.0,6.1,0.0,0.0,0.3,6400.0,9680.0,8300.0,1.2,0.8,0.4,31.5,31.5,31.6
2026-05-20 21:00:00,Selat Madura,0.12,8.9,0.0,12500.0,1.2,31.5,0.12,0.12,0.12,9.0,5.4,4.0,0.5,0.0,0.0,7740.0,6400.0,9680.0,1.3,1.2,0.8,31.5,31.5,31.5
2026-05-20 22:00:00,Selat Madura,0.12,7.1,0.0,13560.0,0.6,31.5,0.12,0.12,0.12,8.9,9.0,5.4,0.0,0.5,0.0,12500.0,7740.0,6400.0,1.2,1.3,1.2,31.5,31.5,31.5
2026-05-20 23:00:00,Selat Madura,0.12,4.6,0.0,14040.0,0.3,31.5,0.12,0.12,0.12,7.1,8.9,9.0,0.0,0.0,0.5,13560.0,12500.0,7740.0,0.6,1.2,1.3,31.5,31.5,31.5
2026-05-21 00:00:00,Selat Madura,0.14,4.0,0.0,16480.0,0.3,31.5,0.12,0.12,0.12,4.6,7.1,8.9,0.0,0.0,0.0,14040.0,13560.0,12500.0,0.3,0.6,1.2,31.5,31.5,31.5
2026-05-21 01:00:00,Selat Madura,0.14,4.2,0.0,16600.0,0.9,31.4,0.14,0.12,0.12,4.0,4.6,7.1,0.0,0.0,0.0,16480.0,14040.0,13560.0,0.3,0.3,0.6,31.5,31.5,31.5
2026-05-21 02:00:00,Selat Madura,0.14,4.4,0.0,14780.0,1.2,31.4,0.14,0.14,0.12,4.2,4.0,4.6,0.0,0.0,0.0,16600.0,16480.0,14040.0,0.9,0.3,0.3,31.4,31.5,31.5
2026-05-21 03:00:00,Selat Madura,0.14,6.0,0.0,14820.0,1.4,31.4,0.14,0.14,0.14,4.4,4.2,4.0,0.0,0.0,0.0,14780.0,16600.0,16480.0,1.2,0.9,0.3,31.4,31.4,31.5
2026-05-21 04:00:00,Selat Madura,0.14,6.2,0.0,14820.0,1.2,31.3,0.14,0.14,0.14,6.0,4.4,4.2,0.0,0.0,0.0,14820.0,14780.0,16600.0,1.4,1.2,0.9,31.4,31.4,31.4
2026-05-21 05:00:00,Selat Madura,0.14,7.4,0.0,12320.0,0.9,31.2,0.14,0.14,0.14,6.2,6.0,4.4,0.0,0.0,0.0,14820.0,14820.0,14780.0,1.2,1.4,1.2,31.3,31.4,31.4
2026-05-21 06:00:00,Selat Madura,0.16,8.0,0.0,12320.0,0.5,31.2,0.14,0.14,0.14,7.4,6.2,6.0,0.0,0.0,0.0,12320.0,14820.0,14820.0,0.9,1.2,1.4,31.2,31.3,31.4
2026-05-21 07:00:00,Selat Madura,0.16,9.2,0.0,14820.0,0.3,31.2,0.16,0.14,0.14,8.0,7.4,6.2,0.0,0.0,0.0,12320.0,12320.0,14820.0,0.5,0.9,1.2,31.2,31.2,31.3
2026-05-21 08:00:00,Selat Madura,0.16,10.7,0.0,15960.0,0.3,31.3,0.16,0.16,0.14,9.2,8.0,7.4,0.0,0.0,0.0,14820.0,12320.0,12320.0,0.3,0.5,0.9,31.2,31.2,31.2
2026-05-21 09:00:00,Selat Madura,0.16,10.4,0.0,15040.0,0.5,31.4,0.16,0.16,0.16,10.7,9.2,8.0,0.0,0.0,0.0,15960.0,14820.0,12320.0,0.3,0.3,0.5,31.3,31.2,31.2
2026-05-21 10:00:00,Selat Madura,0.16,7.3,0.0,11740.0,0.5,31.4,0.16,0.16,0.16,10.4,10.7,9.2,0.0,0.0,0.0,15040.0,15960.0,14820.0,0.5,0.3,0.3,31.4,31.3,31.2
2026-05-21 11:00:00,Selat Madura,0.16,4.0,0.1,9940.0,0.3,31.5,0.16,0.16,0.16,7.3,10.4,10.7,0.0,0.0,0.0,11740.0,15040.0,15960.0,0.5,0.5,0.3,31.4,31.4,31.3
2026-05-21 12:00:00,Selat Madura,0.14,4.0,0.4,3160.0,0.3,31.5,0.16,0.16,0.16,4.0,7.3,10.4,0.1,0.0,0.0,9940.0,11740.0,15040.0,0.3,0.5,0.5,31.5,31.4,31.4
2026-05-21 13:00:00,Selat Madura,0.14,7.1,2.8,1800.0,0.0,31.6,0.14,0.16,0.16,4.0,4.0,7.3,0.4,0.1,0.0,3160.0,9940.0,11740.0,0.3,0.3,0.5,31.5,31.5,31.4
2026-05-21 14:00:00,Selat Madura,0.14,7.2,4.1,540.0,0.3,31.6,0.14,0.14,0.16,7.1,4.0,4.0,2.8,0.4,0.1,1800.0,3160.0,9940.0,0.0,0.3,0.3,31.6,31.5,31.5
2026-05-21 15:00:00,Selat Madura,0.12,9.8,2.4,2540.0,0.3,31.6,0.14,0.14,0.14,7.2,7.1,4.0,4.1,2.8,0.4,540.0,1800.0,3160.0,0.3,0.0,0.3,31.6,31.6,31.5
2026-05-21 16:00:00,Selat Madura,0.12,9.5,0.6,6420.0,0.3,31.6,0.12,0.14,0.14,9.8,7.2,7.1,2.4,4.1,2.8,2540.0,540.0,1800.0,0.3,0.3,0.0,31.6,31.6,31.6
2026-05-21 17:00:00,Selat Madura,0.12,5.9,0.1,9700.0,0.2,31.6,0.12,0.12,0.14,9.5,9.8,7.2,0.6,2.4,4.1,6420.0,2540.0,540.0,0.3,0.3,0.3,31.6,31.6,31.6
2026-05-21 18:00:00,Selat Madura,0.12,4.8,0.0,10240.0,0.4,31.5,0.12,0.12,0.12,5.9,9.5,9.8,0.1,0.6,2.4,9700.0,6420.0,2540.0,0.2,0.3,0.3,31.6,31.6,31.6
2026-05-21 19:00:00,Selat Madura,0.12,4.4,0.0,11440.0,0.6,31.5,0.12,0.12,0.12,4.8,5.9,9.5,0.0,0.1,0.6,10240.0,9700.0,6420.0,0.4,0.2,0.3,31.5,31.6,31.6
2026-05-21 20:00:00,Selat Madura,0.12,4.5,0.0,14280.0,0.8,31.5,0.12,0.12,0.12,4.4,4.8,5.9,0.0,0.0,0.1,11440.0,10240.0,9700.0,0.6,0.4,0.2,31.5,31.5,31.6
2026-05-21 21:00:00,Selat Madura,0.12,3.8,0.0,14860.0,0.9,31.5,0.12,0.12,0.12,4.5,4.4,4.8,0.0,0.0,0.0,14280.0,11440.0,10240.0,0.8,0.6,0.4,31.5,31.5,31.5
2026-05-21 22:00:00,Selat Madura,0.12,3.4,0.0,11360.0,0.9,31.5,0.12,0.12,0.12,3.8,4.5,4.4,0.0,0.0,0.0,14860.0,14280.0,11440.0,0.9,0.8,0.6,31.5,31.5,31.5
2026-05-21 23:00:00,Selat Madura,0.12,4.4,0.0,11020.0,0.5,31.5,0.12,0.12,0.12,3.4,3.8,4.5,0.0,0.0,0.0,11360.0,14860.0,14280.0,0.9,0.9,0.8,31.5,31.5,31.5
2026-05-22 00:00:00,Selat Madura,0.1,8.5,0.3,4720.0,0.0,31.4,0.12,0.12,0.12,4.4,3.4,3.8,0.0,0.0,0.0,11020.0,11360.0,14860.0,0.5,0.9,0.9,31.5,31.5,31.5
2026-05-22 01:00:00,Selat Madura,0.1,5.5,0.2,8140.0,0.4,31.4,0.1,0.12,0.12,8.5,4.4,3.4,0.3,0.0,0.0,4720.0,11020.0,11360.0,0.0,0.5,0.9,31.4,31.5,31.5
2026-05-22 02:00:00,Selat Madura,0.1,5.8,0.0,11880.0,0.8,31.4,0.1,0.1,0.12,5.5,8.5,4.4,0.2,0.3,0.0,8140.0,4720.0,11020.0,0.4,0.0,0.5,31.4,31.4,31.5
2026-05-22 03:00:00,Selat Madura,0.1,5.6,0.0,9760.0,1.2,31.4,0.1,0.1,0.1,5.8,5.5,8.5,0.0,0.2,0.3,11880.0,8140.0,4720.0,0.8,0.4,0.0,31.4,31.4,31.4
2026-05-22 04:00:00,Selat Madura,0.1,5.9,0.0,8700.0,1.3,31.3,0.1,0.1,0.1,5.6,5.8,5.5,0.0,0.0,0.2,9760.0,11880.0,8140.0,1.2,0.8,0.4,31.4,31.4,31.4
2026-05-22 05:00:00,Selat Madura,0.1,4.5,0.0,8880.0,1.2,31.3,0.1,0.1,0.1,5.9,5.6,5.8,0.0,0.0,0.0,8700.0,9760.0,11880.0,1.3,1.2,0.8,31.3,31.4,31.4
2026-05-22 06:00:00,Selat Madura,0.1,4.2,0.1,6000.0,0.9,31.3,0.1,0.1,0.1,4.5,5.9,5.6,0.0,0.0,0.0,8880.0,8700.0,9760.0,1.2,1.3,1.2,31.3,31.3,31.4
2026-05-22 07:00:00,Selat Madura,0.1,5.9,0.2,5280.0,0.6,31.3,0.1,0.1,0.1,4.2,4.5,5.9,0.1,0.0,0.0,6000.0,8880.0,8700.0,0.9,1.2,1.3,31.3,31.3,31.3
2026-05-22 08:00:00,Selat Madura,0.1,4.2,0.4,4600.0,0.2,31.4,0.1,0.1,0.1,5.9,4.2,4.5,0.2,0.1,0.0,5280.0,6000.0,8880.0,0.6,0.9,1.2,31.3,31.3,31.3
2026-05-22 09:00:00,Selat Madura,0.1,6.5,0.5,4720.0,0.3,31.4,0.1,0.1,0.1,4.2,5.9,4.2,0.4,0.2,0.1,4600.0,5280.0,6000.0,0.2,0.6,0.9,31.4,31.3,31.3
2026-05-22 10:00:00,Selat Madura,0.1,9.6,0.3,7880.0,0.6,31.5,0.1,0.1,0.1,6.5,4.2,5.9,0.5,0.4,0.2,4720.0,4600.0,5280.0,0.3,0.2,0.6,31.4,31.4,31.3
2026-05-22 11:00:00,Selat Madura,0.1,12.0,0.1,11960.0,0.6,31.6,0.1,0.1,0.1,9.6,6.5,4.2,0.3,0.5,0.4,7880.0,4720.0,4600.0,0.6,0.3,0.2,31.5,31.4,31.4
2026-05-22 12:00:00,Selat Madura,0.1,11.5,0.0,15240.0,0.6,31.6,0.1,0.1,0.1,12.0,9.6,6.5,0.1,0.3,0.5,11960.0,7880.0,4720.0,0.6,0.6,0.3,31.6,31.5,31.4
2026-05-22 13:00:00,Selat Madura,0.1,9.7,0.0,19480.0,0.4,31.7,0.1,0.1,0.1,11.5,12.0,9.6,0.0,0.1,0.3,15240.0,11960.0,7880.0,0.6,0.6,0.6,31.6,31.6,31.5
2026-05-22 14:00:00,Selat Madura,0.1,10.3,0.0,11980.0,0.0,31.7,0.1,0.1,0.1,9.7,11.5,12.0,0.0,0.0,0.1,19480.0,15240.0,11960.0,0.4,0.6,0.6,31.7,31.6,31.6
2026-05-22 15:00:00,Selat Madura,0.1,10.5,0.0,11180.0,0.3,31.7,0.1,0.1,0.1,10.3,9.7,11.5,0.0,0.0,0.0,11980.0,19480.0,15240.0,0.0,0.4,0.6,31.7,31.7,31.6
2026-05-22 16:00:00,Selat Madura,0.1,10.8,0.1,11240.0,0.3,31.6,0.1,0.1,0.1,10.5,10.3,9.7,0.0,0.0,0.0,11180.0,11980.0,19480.0,0.3,0.0,0.4,31.7,31.7,31.7
2026-05-22 17:00:00,Selat Madura,0.1,10.9,0.0,16780.0,0.3,31.6,0.1,0.1,0.1,10.8,10.5,10.3,0.1,0.0,0.0,11240.0,11180.0,11980.0,0.3,0.3,0.0,31.6,31.7,31.7
2026-05-22 18:00:00,Selat Madura,0.12,9.7,0.0,16280.0,0.0,31.6,0.1,0.1,0.1,10.9,10.8,10.5,0.0,0.1,0.0,16780.0,11240.0,11180.0,0.3,0.3,0.3,31.6,31.6,31.7
2026-05-22 19:00:00,Selat Madura,0.12,9.4,0.0,7600.0,0.2,31.5,0.12,0.1,0.1,9.7,10.9,10.8,0.0,0.0,0.1,16280.0,16780.0,11240.0,0.0,0.3,0.3,31.6,31.6,31.6
2026-05-22 20:00:00,Selat Madura,0.12,9.2,0.1,8400.0,0.4,31.5,0.12,0.12,0.1,9.4,9.7,10.9,0.0,0.0,0.0,7600.0,16280.0,16780.0,0.2,0.0,0.3,31.5,31.6,31.6
2026-05-22 21:00:00,Selat Madura,0.14,8.0,0.1,7700.0,0.6,31.5,0.12,0.12,0.12,9.2,9.4,9.7,0.1,0.0,0.0,8400.0,7600.0,16280.0,0.4,0.2,0.0,31.5,31.5,31.6
2026-05-22 22:00:00,Selat Madura,0.14,6.4,0.3,4400.0,0.8,31.5,0.14,0.12,0.12,8.0,9.2,9.4,0.1,0.1,0.0,7700.0,8400.0,7600.0,0.6,0.4,0.2,31.5,31.5,31.5
2026-05-22 23:00:00,Selat Madura,0.14,3.3,0.2,7840.0,0.5,31.5,0.14,0.14,0.12,6.4,8.0,9.2,0.3,0.1,0.1,4400.0,7700.0,8400.0,0.8,0.6,0.4,31.5,31.5,31.5
2026-05-23 00:00:00,Selat Madura,0.14,3.1,0.1,7700.0,0.3,31.5,0.14,0.14,0.14,3.3,6.4,8.0,0.2,0.3,0.1,7840.0,4400.0,7700.0,0.5,0.8,0.6,31.5,31.5,31.5
2026-05-23 01:00:00,Selat Madura,0.14,1.7,0.0,10940.0,0.0,31.5,0.14,0.14,0.14,3.1,3.3,6.4,0.1,0.2,0.3,7700.0,7840.0,4400.0,0.3,0.5,0.8,31.5,31.5,31.5
2026-05-23 02:00:00,Selat Madura,0.14,1.7,0.0,2240.0,0.4,31.4,0.14,0.14,0.14,1.7,3.1,3.3,0.0,0.1,0.2,10940.0,7700.0,7840.0,0.0,0.3,0.5,31.5,31.5,31.5
2026-05-23 03:00:00,Selat Madura,0.12,3.9,0.0,240.0,0.8,31.4,0.14,0.14,0.14,1.7,1.7,3.1,0.0,0.0,0.1,2240.0,10940.0,7700.0,0.4,0.0,0.3,31.4,31.5,31.5
2026-05-23 04:00:00,Selat Madura,0.12,1.4,0.0,160.0,1.0,31.4,0.12,0.14,0.14,3.9,1.7,1.7,0.0,0.0,0.0,240.0,2240.0,10940.0,0.8,0.4,0.0,31.4,31.4,31.5
2026-05-23 05:00:00,Selat Madura,0.12,1.5,0.0,160.0,1.3,31.3,0.12,0.12,0.14,1.4,3.9,1.7,0.0,0.0,0.0,160.0,240.0,2240.0,1.0,0.8,0.4,31.4,31.4,31.4
2026-05-23 06:00:00,Selat Madura,0.12,3.2,0.0,260.0,1.2,31.3,0.12,0.12,0.12,1.5,1.4,3.9,0.0,0.0,0.0,160.0,160.0,240.0,1.3,1.0,0.8,31.3,31.4,31.4
2026-05-23 07:00:00,Selat Madura,0.12,0.6,0.0,300.0,0.9,31.3,0.12,0.12,0.12,3.2,1.5,1.4,0.0,0.0,0.0,260.0,160.0,160.0,1.2,1.3,1.0,31.3,31.3,31.4
2026-05-23 08:00:00,Selat Madura,0.12,4.4,0.0,2100.0,0.5,31.4,0.12,0.12,0.12,0.6,3.2,1.5,0.0,0.0,0.0,300.0,260.0,160.0,0.9,1.2,1.3,31.3,31.3,31.3
2026-05-23 09:00:00,Selat Madura,0.1,6.7,0.2,10260.0,0.0,31.5,0.12,0.12,0.12,4.4,0.6,3.2,0.0,0.0,0.0,2100.0,300.0,260.0,0.5,0.9,1.2,31.4,31.3,31.3
2026-05-23 10:00:00,Selat Madura,0.1,6.1,0.0,13800.0,0.4,31.6,0.1,0.12,0.12,6.7,4.4,0.6,0.2,0.0,0.0,10260.0,2100.0,300.0,0.0,0.5,0.9,31.5,31.4,31.3
2026-05-23 11:00:00,Selat Madura,0.1,3.5,0.0,11720.0,0.8,31.7,0.1,0.1,0.12,6.1,6.7,4.4,0.0,0.2,0.0,13800.0,10260.0,2100.0,0.4,0.0,0.5,31.6,31.5,31.4
2026-05-23 12:00:00,Selat Madura,0.1,3.8,0.0,12720.0,0.9,31.8,0.1,0.1,0.1,3.5,6.1,6.7,0.0,0.0,0.2,11720.0,13800.0,10260.0,0.8,0.4,0.0,31.7,31.6,31.5
2026-05-23 13:00:00,Selat Madura,0.1,6.8,0.0,14100.0,0.9,31.9,0.1,0.1,0.1,3.8,3.5,6.1,0.0,0.0,0.0,12720.0,11720.0,13800.0,0.9,0.8,0.4,31.8,31.7,31.6
2026-05-23 14:00:00,Selat Madura,0.1,5.0,0.0,12420.0,0.6,31.9,0.1,0.1,0.1,6.8,3.8,3.5,0.0,0.0,0.0,14100.0,12720.0,11720.0,0.9,0.9,0.8,31.9,31.8,31.7
2026-05-23 15:00:00,Selat Madura,0.1,6.7,0.2,5520.0,0.4,31.8,0.1,0.1,0.1,5.0,6.8,3.8,0.0,0.0,0.0,12420.0,14100.0,12720.0,0.6,0.9,0.9,31.9,31.9,31.8
2026-05-23 16:00:00,Selat Madura,0.1,10.2,0.7,8360.0,0.2,31.8,0.1,0.1,0.1,6.7,5.0,6.8,0.2,0.0,0.0,5520.0,12420.0,14100.0,0.4,0.6,0.9,31.8,31.9,31.9
2026-05-23 17:00:00,Selat Madura,0.1,10.5,0.0,9900.0,0.0,31.7,0.1,0.1,0.1,10.2,6.7,5.0,0.7,0.2,0.0,8360.0,5520.0,12420.0,0.2,0.4,0.6,31.8,31.8,31.9
2026-05-23 18:00:00,Selat Madura,0.08,5.1,0.0,11380.0,0.3,31.6,0.1,0.1,0.1,10.5,10.2,6.7,0.0,0.7,0.2,9900.0,8360.0,5520.0,0.0,0.2,0.4,31.7,31.8,31.8
2026-05-23 19:00:00,Selat Madura,0.08,1.8,0.0,12240.0,0.3,31.6,0.08,0.1,0.1,5.1,10.5,10.2,0.0,0.0,0.7,11380.0,9900.0,8360.0,0.3,0.0,0.2,31.6,31.7,31.8
2026-05-23 20:00:00,Selat Madura,0.08,1.3,0.0,11740.0,0.0,31.5,0.08,0.08,0.1,1.8,5.1,10.5,0.0,0.0,0.0,12240.0,11380.0,9900.0,0.3,0.3,0.0,31.6,31.6,31.7
2026-05-23 21:00:00,Selat Madura,0.08,1.5,0.0,11260.0,0.2,31.5,0.08,0.08,0.08,1.3,1.8,5.1,0.0,0.0,0.0,11740.0,12240.0,11380.0,0.0,0.3,0.3,31.5,31.6,31.6
2026-05-23 22:00:00,Selat Madura,0.08,2.0,0.0,10760.0,0.4,31.5,0.08,0.08,0.08,1.5,1.3,1.8,0.0,0.0,0.0,11260.0,11740.0,12240.0,0.2,0.0,0.3,31.5,31.5,31.6
2026-05-23 23:00:00,Selat Madura,0.08,2.4,0.0,10260.0,0.5,31.5,0.08,0.08,0.08,2.0,1.5,1.3,0.0,0.0,0.0,10760.0,11260.0,11740.0,0.4,0.2,0.0,31.5,31.5,31.5
2026-05-24 00:00:00,Selat Madura,0.08,2.9,0.0,9780.0,0.5,31.5,0.08,0.08,0.08,2.4,2.0,1.5,0.0,0.0,0.0,10260.0,10760.0,11260.0,0.5,0.4,0.2,31.5,31.5,31.5
2026-05-24 01:00:00,Selat Madura,0.08,3.8,0.0,9280.0,0.3,31.5,0.08,0.08,0.08,2.9,2.4,2.0,0.0,0.0,0.0,9780.0,10260.0,10760.0,0.5,0.5,0.4,31.5,31.5,31.5
2026-05-24 02:00:00,Selat Madura,0.08,5.2,0.0,6300.0,0.2,31.4,0.08,0.08,0.08,3.8,2.9,2.4,0.0,0.0,0.0,9280.0,9780.0,10260.0,0.3,0.5,0.5,31.5,31.5,31.5
2026-05-24 03:00:00,Selat Madura,0.08,7.0,0.0,3300.0,0.4,31.4,0.08,0.08,0.08,5.2,3.8,2.9,0.0,0.0,0.0,6300.0,9280.0,9780.0,0.2,0.3,0.5,31.4,31.5,31.5
2026-05-24 04:00:00,Selat Madura,0.08,7.7,0.0,320.0,0.8,31.4,0.08,0.08,0.08,7.0,5.2,3.8,0.0,0.0,0.0,3300.0,6300.0,9280.0,0.4,0.2,0.3,31.4,31.4,31.5
2026-05-24 05:00:00,Selat Madura,0.08,7.0,0.0,320.0,1.0,31.4,0.08,0.08,0.08,7.7,7.0,5.2,0.0,0.0,0.0,320.0,3300.0,6300.0,0.8,0.4,0.2,31.4,31.4,31.4
2026-05-24 06:00:00,Selat Madura,0.08,5.8,0.0,340.0,1.3,31.4,0.08,0.08,0.08,7.0,7.7,7.0,0.0,0.0,0.0,320.0,320.0,3300.0,1.0,0.8,0.4,31.4,31.4,31.4
2026-05-24 07:00:00,Selat Madura,0.08,4.6,0.0,340.0,1.2,31.4,0.08,0.08,0.08,5.8,7.0,7.7,0.0,0.0,0.0,340.0,320.0,320.0,1.3,1.0,0.8,31.4,31.4,31.4
2026-05-24 08:00:00,Selat Madura,0.08,2.6,0.1,4080.0,0.9,31.4,0.08,0.08,0.08,4.6,5.8,7.0,0.0,0.0,0.0,340.0,340.0,320.0,1.2,1.3,1.0,31.4,31.4,31.4
2026-05-24 09:00:00,Selat Madura,0.08,2.0,0.1,7800.0,0.4,31.5,0.08,0.08,0.08,2.6,4.6,5.8,0.1,0.0,0.0,4080.0,340.0,340.0,0.9,1.2,1.3,31.4,31.4,31.4
2026-05-24 10:00:00,Selat Madura,0.08,2.8,0.1,11540.0,0.0,31.5,0.08,0.08,0.08,2.0,2.6,4.6,0.1,0.1,0.0,7800.0,4080.0,340.0,0.4,0.9,1.2,31.5,31.4,31.4
2026-05-24 11:00:00,Selat Madura,0.08,4.2,0.2,8280.0,0.6,31.6,0.08,0.08,0.08,2.8,2.0,2.6,0.1,0.1,0.1,11540.0,7800.0,4080.0,0.0,0.4,0.9,31.5,31.5,31.4
2026-05-24 12:00:00,Selat Madura,0.06,9.6,0.2,5040.0,0.9,31.7,0.08,0.08,0.08,4.2,2.8,2.0,0.2,0.1,0.1,8280.0,11540.0,7800.0,0.6,0.0,0.4,31.6,31.5,31.5
2026-05-24 13:00:00,Selat Madura,0.06,13.0,0.2,1780.0,1.2,31.8,0.06,0.08,0.08,9.6,4.2,2.8,0.2,0.2,0.1,5040.0,8280.0,11540.0,0.9,0.6,0.0,31.7,31.6,31.5
2026-05-24 14:00:00,Selat Madura,0.06,11.2,0.5,6820.0,1.2,31.8,0.06,0.06,0.08,13.0,9.6,4.2,0.2,0.2,0.2,1780.0,5040.0,8280.0,1.2,0.9,0.6,31.8,31.7,31.6
2026-05-24 15:00:00,Selat Madura,0.06,6.9,0.5,11840.0,0.9,31.8,0.06,0.06,0.06,11.2,13.0,9.6,0.5,0.2,0.2,6820.0,1780.0,5040.0,1.2,1.2,0.9,31.8,31.8,31.7
2026-05-24 16:00:00,Selat Madura,0.06,4.1,0.5,16880.0,0.6,31.7,0.06,0.06,0.06,6.9,11.2,13.0,0.5,0.5,0.2,11840.0,6820.0,1780.0,0.9,1.2,1.2,31.8,31.8,31.8
2026-05-24 17:00:00,Selat Madura,0.06,4.5,0.0,14140.0,0.3,31.6,0.06,0.06,0.06,4.1,6.9,11.2,0.5,0.5,0.5,16880.0,11840.0,6820.0,0.6,0.9,1.2,31.7,31.8,31.8
2026-05-24 18:00:00,Selat Madura,0.06,6.3,0.0,11420.0,0.0,31.6,0.06,0.06,0.06,4.5,4.1,6.9,0.0,0.5,0.5,14140.0,16880.0,11840.0,0.3,0.6,0.9,31.6,31.7,31.8
2026-05-24 19:00:00,Selat Madura,0.06,7.2,0.0,8680.0,0.3,31.6,0.06,0.06,0.06,6.3,4.5,4.1,0.0,0.0,0.5,11420.0,14140.0,16880.0,0.0,0.3,0.6,31.6,31.6,31.7
2026-05-24 20:00:00,Selat Madura,0.06,5.9,0.0,8860.0,0.4,31.5,0.06,0.06,0.06,7.2,6.3,4.5,0.0,0.0,0.0,8680.0,11420.0,14140.0,0.3,0.0,0.3,31.6,31.6,31.6
2026-05-24 21:00:00,Selat Madura,0.06,4.4,0.0,9020.0,0.3,31.5,0.06,0.06,0.06,5.9,7.2,6.3,0.0,0.0,0.0,8860.0,8680.0,11420.0,0.4,0.3,0.0,31.5,31.6,31.6
2026-05-24 22:00:00,Selat Madura,0.06,4.1,0.0,9200.0,0.0,31.5,0.06,0.06,0.06,4.4,5.9,7.2,0.0,0.0,0.0,9020.0,8860.0,8680.0,0.3,0.4,0.3,31.5,31.5,31.6
2026-05-24 23:00:00,Selat Madura,0.06,5.1,0.1,6440.0,0.3,31.5,0.06,0.06,0.06,4.1,4.4,5.9,0.0,0.0,0.0,9200.0,9020.0,8860.0,0.0,0.3,0.4,31.5,31.5,31.5
2026-05-25 00:00:00,Selat Madura,0.06,6.4,0.1,3700.0,0.4,31.5,0.06,0.06,0.06,5.1,4.1,4.4,0.1,0.0,0.0,6440.0,9200.0,9020.0,0.3,0.0,0.3,31.5,31.5,31.5
2026-05-25 01:00:00,Selat Madura,0.06,6.8,0.1,940.0,0.3,31.5,0.06,0.06,0.06,6.4,5.1,4.1,0.1,0.1,0.0,3700.0,6440.0,9200.0,0.4,0.3,0.0,31.5,31.5,31.5
2026-05-25 02:00:00,Selat Madura,0.06,5.5,1.2,1300.0,0.3,31.5,0.06,0.06,0.06,6.8,6.4,5.1,0.1,0.1,0.1,940.0,3700.0,6440.0,0.3,0.4,0.3,31.5,31.5,31.5
2026-05-25 03:00:00,Selat Madura,0.04,3.6,1.2,1640.0,0.0,31.4,0.06,0.06,0.06,5.5,6.8,6.4,1.2,0.1,0.1,1300.0,940.0,3700.0,0.3,0.3,0.4,31.5,31.5,31.5
2026-05-25 04:00:00,Selat Madura,0.04,3.4,1.2,2000.0,0.4,31.4,0.04,0.06,0.06,3.6,5.5,6.8,1.2,1.2,0.1,1640.0,1300.0,940.0,0.0,0.3,0.3,31.4,31.5,31.5
2026-05-25 05:00:00,Selat Madura,0.04,3.4,0.1,1480.0,0.9,31.4,0.04,0.04,0.06,3.4,3.6,5.5,1.2,1.2,1.2,2000.0,1640.0,1300.0,0.4,0.0,0.3,31.4,31.4,31.5
2026-05-25 06:00:00,Selat Madura,0.04,3.6,0.1,940.0,1.2,31.4,0.04,0.04,0.04,3.4,3.4,3.6,0.1,1.2,1.2,1480.0,2000.0,1640.0,0.9,0.4,0.0,31.4,31.4,31.4
2026-05-25 07:00:00,Selat Madura,0.04,3.4,0.1,420.0,1.2,31.4,0.04,0.04,0.04,3.6,3.4,3.4,0.1,0.1,1.2,940.0,1480.0,2000.0,1.2,0.9,0.4,31.4,31.4,31.4
2026-05-25 08:00:00,Selat Madura,0.04,3.0,0.0,5820.0,1.2,31.4,0.04,0.04,0.04,3.4,3.6,3.4,0.1,0.1,0.1,420.0,940.0,1480.0,1.2,1.2,0.9,31.4,31.4,31.4
2026-05-25 09:00:00,Selat Madura,0.04,2.7,0.0,11240.0,0.8,31.4,0.04,0.04,0.04,3.0,3.4,3.6,0.0,0.1,0.1,5820.0,420.0,940.0,1.2,1.2,1.2,31.4,31.4,31.4
2026-05-25 10:00:00,Selat Madura,0.04,1.8,0.0,16640.0,0.3,31.5,0.04,0.04,0.04,2.7,3.0,3.4,0.0,0.0,0.1,11240.0,5820.0,420.0,0.8,1.2,1.2,31.4,31.4,31.4
2026-05-25 11:00:00,Selat Madura,0.04,2.1,0.0,17220.0,0.4,31.5,0.04,0.04,0.04,1.8,2.7,3.0,0.0,0.0,0.0,16640.0,11240.0,5820.0,0.3,0.8,1.2,31.5,31.4,31.4
2026-05-25 12:00:00,Selat Madura,0.04,6.3,0.0,17780.0,0.9,31.5,0.04,0.04,0.04,2.1,1.8,2.7,0.0,0.0,0.0,17220.0,16640.0,11240.0,0.4,0.3,0.8,31.5,31.5,31.4
2026-05-25 13:00:00,Selat Madura,0.04,8.1,0.0,18360.0,1.2,31.6,0.04,0.04,0.04,6.3,2.1,1.8,0.0,0.0,0.0,17780.0,17220.0,16640.0,0.9,0.4,0.3,31.5,31.5,31.5
2026-05-25 14:00:00,Selat Madura,0.04,4.5,0.4,15800.0,1.2,31.6,0.04,0.04,0.04,8.1,6.3,2.1,0.0,0.0,0.0,18360.0,17780.0,17220.0,1.2,0.9,0.4,31.6,31.5,31.5
2026-05-25 15:00:00,Selat Madura,0.04,2.7,0.4,13240.0,1.2,31.6,0.04,0.04,0.04,4.5,8.1,6.3,0.4,0.0,0.0,15800.0,18360.0,17780.0,1.2,1.2,0.9,31.6,31.6,31.5
2026-05-25 16:00:00,Selat Madura,0.04,6.8,0.4,10680.0,0.9,31.6,0.04,0.04,0.04,2.7,4.5,8.1,0.4,0.4,0.0,13240.0,15800.0,18360.0,1.2,1.2,1.2,31.6,31.6,31.6
2026-05-25 17:00:00,Selat Madura,0.04,6.5,0.0,9440.0,0.5,31.6,0.04,0.04,0.04,6.8,2.7,4.5,0.4,0.4,0.4,10680.0,13240.0,15800.0,0.9,1.2,1.2,31.6,31.6,31.6
2026-05-25 18:00:00,Selat Madura,0.06,4.3,0.0,8200.0,0.0,31.6,0.04,0.04,0.04,6.5,6.8,2.7,0.0,0.4,0.4,9440.0,10680.0,13240.0,0.5,0.9,1.2,31.6,31.6,31.6
2026-05-25 19:00:00,Selat Madura,0.06,2.7,0.0,6960.0,0.3,31.6,0.06,0.04,0.04,4.3,6.5,6.8,0.0,0.0,0.4,8200.0,9440.0,10680.0,0.0,0.5,0.9,31.6,31.6,31.6
2026-05-25 20:00:00,Selat Madura,0.06,1.7,0.0,8480.0,0.5,31.6,0.06,0.06,0.04,2.7,4.3,6.5,0.0,0.0,0.0,6960.0,8200.0,9440.0,0.3,0.0,0.5,31.6,31.6,31.6
2026-05-25 21:00:00,Selat Madura,0.08,0.6,0.0,10000.0,0.5,31.6,0.06,0.06,0.06,1.7,2.7,4.3,0.0,0.0,0.0,8480.0,6960.0,8200.0,0.5,0.3,0.0,31.6,31.6,31.6
2026-05-25 22:00:00,Selat Madura,0.08,0.3,0.0,11520.0,0.4,31.5,0.08,0.06,0.06,0.6,1.7,2.7,0.0,0.0,0.0,10000.0,8480.0,6960.0,0.5,0.5,0.3,31.6,31.6,31.6
2026-05-25 23:00:00,Selat Madura,0.08,0.6,0.4,9000.0,0.3,31.5,0.08,0.08,0.06,0.3,0.6,1.7,0.0,0.0,0.0,11520.0,10000.0,8480.0,0.4,0.5,0.5,31.5,31.6,31.6
2026-05-26 00:00:00,Selat Madura,0.1,0.9,0.4,6460.0,0.2,31.5,0.08,0.08,0.08,0.6,0.3,0.6,0.4,0.0,0.0,9000.0,11520.0,10000.0,0.3,0.4,0.5,31.5,31.5,31.6
2026-05-26 01:00:00,Selat Madura,0.1,1.2,0.4,3940.0,0.3,31.5,0.1,0.08,0.08,0.9,0.6,0.3,0.4,0.4,0.0,6460.0,9000.0,11520.0,0.2,0.3,0.4,31.5,31.5,31.5
2026-05-26 02:00:00,Selat Madura,0.1,6.2,0.1,380.0,0.3,31.5,0.1,0.1,0.08,1.2,0.9,0.6,0.4,0.4,0.4,3940.0,6460.0,9000.0,0.3,0.2,0.3,31.5,31.5,31.5
2026-05-26 03:00:00,Selat Madura,0.1,5.9,0.1,340.0,0.2,31.5,0.1,0.1,0.1,6.2,1.2,0.9,0.1,0.4,0.4,380.0,3940.0,6460.0,0.3,0.3,0.2,31.5,31.5,31.5
2026-05-26 04:00:00,Selat Madura,0.1,5.2,0.1,320.0,0.2,31.4,0.1,0.1,0.1,5.9,6.2,1.2,0.1,0.1,0.4,340.0,380.0,3940.0,0.2,0.3,0.3,31.5,31.5,31.5
2026-05-26 05:00:00,Selat Madura,0.1,4.6,0.1,300.0,0.4,31.4,0.1,0.1,0.1,5.2,5.9,6.2,0.1,0.1,0.1,320.0,340.0,380.0,0.2,0.2,0.3,31.4,31.5,31.5
2026-05-26 06:00:00,Selat Madura,0.1,3.9,0.1,260.0,0.8,31.4,0.1,0.1,0.1,4.6,5.2,5.9,0.1,0.1,0.1,300.0,320.0,340.0,0.4,0.2,0.2,31.4,31.4,31.5
2026-05-26 07:00:00,Selat Madura,0.1,3.1,0.1,240.0,1.0,31.4,0.1,0.1,0.1,3.9,4.6,5.2,0.1,0.1,0.1,260.0,300.0,320.0,0.8,0.4,0.2,31.4,31.4,31.4
2026-05-26 08:00:00,Selat Madura,0.1,1.8,0.1,1820.0,1.0,31.4,0.1,0.1,0.1,3.1,3.9,4.6,0.1,0.1,0.1,240.0,260.0,300.0,1.0,0.8,0.4,31.4,31.4,31.4
2026-05-26 09:00:00,Selat Madura,0.08,0.7,0.1,3400.0,0.9,31.5,0.1,0.1,0.1,1.8,3.1,3.9,0.1,0.1,0.1,1820.0,240.0,260.0,1.0,1.0,0.8,31.4,31.4,31.4
2026-05-26 10:00:00,Selat Madura,0.08,2.6,0.1,4980.0,0.6,31.5,0.08,0.1,0.1,0.7,1.8,3.1,0.1,0.1,0.1,3400.0,1820.0,240.0,0.9,1.0,1.0,31.5,31.4,31.4
2026-05-26 11:00:00,Selat Madura,0.08,4.6,0.1,6560.0,0.0,31.6,0.08,0.08,0.1,2.6,0.7,1.8,0.1,0.1,0.1,4980.0,3400.0,1820.0,0.6,0.9,1.0,31.5,31.5,31.4
2026-05-26 12:00:00,Selat Madura,0.08,6.1,0.1,8140.0,0.5,31.7,0.08,0.08,0.08,4.6,2.6,0.7,0.1,0.1,0.1,6560.0,4980.0,3400.0,0.0,0.6,0.9,31.6,31.5,31.5
2026-05-26 13:00:00,Selat Madura,0.08,6.7,0.1,9720.0,0.9,31.8,0.08,0.08,0.08,6.1,4.6,2.6,0.1,0.1,0.1,8140.0,6560.0,4980.0,0.5,0.0,0.6,31.7,31.6,31.5
2026-05-26 14:00:00,Selat Madura,0.08,6.5,0.2,8920.0,1.2,31.8,0.08,0.08,0.08,6.7,6.1,4.6,0.1,0.1,0.1,9720.0,8140.0,6560.0,0.9,0.5,0.0,31.8,31.7,31.6
2026-05-26 15:00:00,Selat Madura,0.08,5.6,0.2,8100.0,1.2,31.8,0.08,0.08,0.08,6.5,6.7,6.1,0.2,0.1,0.1,8920.0,9720.0,8140.0,1.2,0.9,0.5,31.8,31.8,31.7
2026-05-26 16:00:00,Selat Madura,0.08,5.1,0.2,7300.0,1.2,31.8,0.08,0.08,0.08,5.6,6.5,6.7,0.2,0.2,0.1,8100.0,8920.0,9720.0,1.2,1.2,0.9,31.8,31.8,31.8
2026-05-26 17:00:00,Selat Madura,0.08,5.6,0.2,6480.0,0.8,31.8,0.08,0.08,0.08,5.1,5.6,6.5,0.2,0.2,0.2,7300.0,8100.0,8920.0,1.2,1.2,1.2,31.8,31.8,31.8
2026-05-26 18:00:00,Selat Madura,0.08,6.4,0.2,5680.0,0.3,31.7,0.08,0.08,0.08,5.6,5.1,5.6,0.2,0.2,0.2,6480.0,7300.0,8100.0,0.8,1.2,1.2,31.8,31.8,31.8
2026-05-26 19:00:00,Selat Madura,0.08,6.7,0.2,4860.0,0.2,31.7,0.08,0.08,0.08,6.4,5.6,5.1,0.2,0.2,0.2,5680.0,6480.0,7300.0,0.3,0.8,1.2,31.7,31.8,31.8
2026-05-26 20:00:00,Selat Madura,0.08,5.9,0.1,6260.0,0.5,31.7,0.08,0.08,0.08,6.7,6.4,5.6,0.2,0.2,0.2,4860.0,5680.0,6480.0,0.2,0.3,0.8,31.7,31.7,31.8
2026-05-26 21:00:00,Selat Madura,0.08,4.5,0.1,7660.0,0.6,31.6,0.08,0.08,0.08,5.9,6.7,6.4,0.1,0.2,0.2,6260.0,4860.0,5680.0,0.5,0.2,0.3,31.7,31.7,31.7
2026-05-26 22:00:00,Selat Madura,0.08,2.6,0.1,9060.0,0.8,31.6,0.08,0.08,0.08,4.5,5.9,6.7,0.1,0.1,0.2,7660.0,6260.0,4860.0,0.6,0.5,0.2,31.6,31.7,31.7
2026-05-26 23:00:00,Selat Madura,0.08,1.5,0.1,10460.0,0.6,31.6,0.08,0.08,0.08,2.6,4.5,5.9,0.1,0.1,0.1,9060.0,7660.0,6260.0,0.8,0.6,0.5,31.6,31.6,31.7
2026-05-20 03:00:00,Sendang Biru,1.68,4.6,0.0,3580.0,0.3,28.5,1.68,1.68,1.68,4.1,5.2,5.8,0.0,0.0,0.0,2960.0,3840.0,3480.0,0.3,0.3,0.3,28.6,28.6,28.6
2026-05-20 04:00:00,Sendang Biru,1.68,5.1,0.0,3740.0,0.4,28.5,1.68,1.68,1.68,4.6,4.1,5.2,0.0,0.0,0.0,3580.0,2960.0,3840.0,0.3,0.3,0.3,28.5,28.6,28.6
2026-05-20 05:00:00,Sendang Biru,1.68,4.6,0.0,13380.0,0.4,28.5,1.68,1.68,1.68,5.1,4.6,4.1,0.0,0.0,0.0,3740.0,3580.0,2960.0,0.4,0.3,0.3,28.5,28.5,28.6
2026-05-20 06:00:00,Sendang Biru,1.68,3.6,0.0,1420.0,0.5,28.5,1.68,1.68,1.68,4.6,5.1,4.6,0.0,0.0,0.0,13380.0,3740.0,3580.0,0.4,0.4,0.3,28.5,28.5,28.5
2026-05-20 07:00:00,Sendang Biru,1.68,3.4,0.0,15920.0,0.5,28.5,1.68,1.68,1.68,3.6,4.6,5.1,0.0,0.0,0.0,1420.0,13380.0,3740.0,0.5,0.4,0.4,28.5,28.5,28.5
2026-05-20 08:00:00,Sendang Biru,1.68,1.7,0.0,2040.0,0.5,28.6,1.68,1.68,1.68,3.4,3.6,4.6,0.0,0.0,0.0,15920.0,1420.0,13380.0,0.5,0.5,0.4,28.5,28.5,28.5
2026-05-20 09:00:00,Sendang Biru,1.66,5.4,0.0,2760.0,0.4,28.6,1.68,1.68,1.68,1.7,3.4,3.6,0.0,0.0,0.0,2040.0,15920.0,1420.0,0.5,0.5,0.5,28.6,28.5,28.5
2026-05-20 10:00:00,Sendang Biru,1.66,9.4,0.0,5240.0,0.2,28.8,1.66,1.68,1.68,5.4,1.7,3.4,0.0,0.0,0.0,2760.0,2040.0,15920.0,0.4,0.5,0.5,28.6,28.6,28.5
2026-05-20 11:00:00,Sendang Biru,1.66,11.6,0.0,11780.0,0.0,28.9,1.66,1.66,1.68,9.4,5.4,1.7,0.0,0.0,0.0,5240.0,2760.0,2040.0,0.2,0.4,0.5,28.8,28.6,28.6
2026-05-20 12:00:00,Sendang Biru,1.64,12.3,0.0,8380.0,0.2,28.9,1.66,1.66,1.66,11.6,9.4,5.4,0.0,0.0,0.0,11780.0,5240.0,2760.0,0.0,0.2,0.4,28.9,28.8,28.6
2026-05-20 13:00:00,Sendang Biru,1.64,11.5,0.0,11200.0,0.4,29.0,1.64,1.66,1.66,12.3,11.6,9.4,0.0,0.0,0.0,8380.0,11780.0,5240.0,0.2,0.0,0.2,28.9,28.9,28.8
2026-05-20 14:00:00,Sendang Biru,1.64,10.6,0.0,12120.0,0.4,29.0,1.64,1.64,1.66,11.5,12.3,11.6,0.0,0.0,0.0,11200.0,8380.0,11780.0,0.4,0.2,0.0,29.0,28.9,28.9
2026-05-20 15:00:00,Sendang Biru,1.62,9.8,0.0,7460.0,0.4,29.0,1.64,1.64,1.64,10.6,11.5,12.3,0.0,0.0,0.0,12120.0,11200.0,8380.0,0.4,0.4,0.2,29.0,29.0,28.9
2026-05-20 16:00:00,Sendang Biru,1.62,10.8,0.2,6120.0,0.2,29.0,1.62,1.64,1.64,9.8,10.6,11.5,0.0,0.0,0.0,7460.0,12120.0,11200.0,0.4,0.4,0.4,29.0,29.0,29.0
2026-05-20 17:00:00,Sendang Biru,1.6,13.3,0.7,3960.0,0.2,28.9,1.62,1.62,1.64,10.8,9.8,10.6,0.2,0.0,0.0,6120.0,7460.0,12120.0,0.2,0.4,0.4,29.0,29.0,29.0
2026-05-20 18:00:00,Sendang Biru,1.6,9.4,0.1,4260.0,0.0,28.9,1.6,1.62,1.62,13.3,10.8,9.8,0.7,0.2,0.0,3960.0,6120.0,7460.0,0.2,0.2,0.4,28.9,29.0,29.0
2026-05-20 19:00:00,Sendang Biru,1.58,9.3,0.0,6640.0,0.3,28.9,1.6,1.6,1.62,9.4,13.3,10.8,0.1,0.7,0.2,4260.0,3960.0,6120.0,0.0,0.2,0.2,28.9,28.9,29.0
2026-05-20 20:00:00,Sendang Biru,1.56,9.0,0.0,11900.0,0.4,28.9,1.58,1.6,1.6,9.3,9.4,13.3,0.0,0.1,0.7,6640.0,4260.0,3960.0,0.3,0.0,0.2,28.9,28.9,28.9
2026-05-20 21:00:00,Sendang Biru,1.56,6.8,0.0,8980.0,0.4,28.8,1.56,1.58,1.6,9.0,9.3,9.4,0.0,0.0,0.1,11900.0,6640.0,4260.0,0.4,0.3,0.0,28.9,28.9,28.9
2026-05-20 22:00:00,Sendang Biru,1.54,4.2,0.0,8260.0,0.4,28.8,1.56,1.56,1.58,6.8,9.0,9.3,0.0,0.0,0.0,8980.0,11900.0,6640.0,0.4,0.4,0.3,28.8,28.9,28.9
2026-05-20 23:00:00,Sendang Biru,1.54,3.8,0.0,9220.0,0.4,28.8,1.54,1.56,1.56,4.2,6.8,9.0,0.0,0.0,0.0,8260.0,8980.0,11900.0,0.4,0.4,0.4,28.8,28.8,28.9
2026-05-21 00:00:00,Sendang Biru,1.52,5.4,0.0,940.0,0.4,28.8,1.54,1.54,1.56,3.8,4.2,6.8,0.0,0.0,0.0,9220.0,8260.0,8980.0,0.4,0.4,0.4,28.8,28.8,28.8
2026-05-21 01:00:00,Sendang Biru,1.52,5.8,0.0,540.0,0.4,28.8,1.52,1.54,1.54,5.4,3.8,4.2,0.0,0.0,0.0,940.0,9220.0,8260.0,0.4,0.4,0.4,28.8,28.8,28.8
2026-05-21 02:00:00,Sendang Biru,1.52,5.6,0.0,400.0,0.4,28.8,1.52,1.52,1.54,5.8,5.4,3.8,0.0,0.0,0.0,540.0,940.0,9220.0,0.4,0.4,0.4,28.8,28.8,28.8
2026-05-21 03:00:00,Sendang Biru,1.5,5.8,0.0,360.0,0.4,28.7,1.52,1.52,1.52,5.6,5.8,5.4,0.0,0.0,0.0,400.0,540.0,940.0,0.4,0.4,0.4,28.8,28.8,28.8
2026-05-21 04:00:00,Sendang Biru,1.5,5.1,0.0,340.0,0.4,28.6,1.5,1.52,1.52,5.8,5.6,5.8,0.0,0.0,0.0,360.0,400.0,540.0,0.4,0.4,0.4,28.7,28.8,28.8
2026-05-21 05:00:00,Sendang Biru,1.5,6.1,0.0,360.0,0.6,28.6,1.5,1.5,1.52,5.1,5.8,5.6,0.0,0.0,0.0,340.0,360.0,400.0,0.4,0.4,0.4,28.6,28.7,28.8
2026-05-21 06:00:00,Sendang Biru,1.48,5.1,0.0,480.0,0.7,28.6,1.5,1.5,1.5,6.1,5.1,5.8,0.0,0.0,0.0,360.0,340.0,360.0,0.6,0.4,0.4,28.6,28.6,28.7
2026-05-21 07:00:00,Sendang Biru,1.48,4.8,0.0,3820.0,0.7,28.7,1.48,1.5,1.5,5.1,6.1,5.1,0.0,0.0,0.0,480.0,360.0,340.0,0.7,0.6,0.4,28.6,28.6,28.6
2026-05-21 08:00:00,Sendang Biru,1.48,3.0,0.0,18020.0,0.9,28.8,1.48,1.48,1.5,4.8,5.1,6.1,0.0,0.0,0.0,3820.0,480.0,360.0,0.7,0.7,0.6,28.7,28.6,28.6
2026-05-21 09:00:00,Sendang Biru,1.48,2.1,0.0,20540.0,0.9,29.0,1.48,1.48,1.48,3.0,4.8,5.1,0.0,0.0,0.0,18020.0,3820.0,480.0,0.9,0.7,0.7,28.8,28.7,28.6
2026-05-21 10:00:00,Sendang Biru,1.48,4.3,0.0,20600.0,0.9,29.1,1.48,1.48,1.48,2.1,3.0,4.8,0.0,0.0,0.0,20540.0,18020.0,3820.0,0.9,0.9,0.7,29.0,28.8,28.7
2026-05-21 11:00:00,Sendang Biru,1.48,7.7,0.0,16580.0,0.7,29.3,1.48,1.48,1.48,4.3,2.1,3.0,0.0,0.0,0.0,20600.0,20540.0,18020.0,0.9,0.9,0.9,29.1,29.0,28.8
2026-05-21 12:00:00,Sendang Biru,1.46,8.4,0.1,6220.0,0.8,29.5,1.48,1.48,1.48,7.7,4.3,2.1,0.0,0.0,0.0,16580.0,20600.0,20540.0,0.7,0.9,0.9,29.3,29.1,29.0
2026-05-21 13:00:00,Sendang Biru,1.46,7.0,0.3,5380.0,0.8,29.5,1.46,1.48,1.48,8.4,7.7,4.3,0.1,0.0,0.0,6220.0,16580.0,20600.0,0.8,0.7,0.9,29.5,29.3,29.1
2026-05-21 14:00:00,Sendang Biru,1.46,6.8,0.6,4060.0,0.8,29.6,1.46,1.46,1.48,7.0,8.4,7.7,0.3,0.1,0.0,5380.0,6220.0,16580.0,0.8,0.8,0.7,29.5,29.5,29.3
2026-05-21 15:00:00,Sendang Biru,1.46,5.4,0.3,7320.0,0.8,29.5,1.46,1.46,1.46,6.8,7.0,8.4,0.6,0.3,0.1,4060.0,5380.0,6220.0,0.8,0.8,0.8,29.6,29.5,29.5
2026-05-21 16:00:00,Sendang Biru,1.46,1.0,0.1,5760.0,0.8,29.5,1.46,1.46,1.46,5.4,6.8,7.0,0.3,0.6,0.3,7320.0,4060.0,5380.0,0.8,0.8,0.8,29.5,29.6,29.5
2026-05-21 17:00:00,Sendang Biru,1.46,2.6,0.3,6340.0,0.9,29.5,1.46,1.46,1.46,1.0,5.4,6.8,0.1,0.3,0.6,5760.0,7320.0,4060.0,0.8,0.8,0.8,29.5,29.5,29.6
2026-05-21 18:00:00,Sendang Biru,1.46,2.7,0.1,6820.0,0.9,29.4,1.46,1.46,1.46,2.6,1.0,5.4,0.3,0.1,0.3,6340.0,5760.0,7320.0,0.9,0.8,0.8,29.5,29.5,29.5
2026-05-21 19:00:00,Sendang Biru,1.46,2.6,0.0,4260.0,0.9,29.4,1.46,1.46,1.46,2.7,2.6,1.0,0.1,0.3,0.1,6820.0,6340.0,5760.0,0.9,0.9,0.8,29.4,29.5,29.5
2026-05-21 20:00:00,Sendang Biru,1.46,4.0,0.0,1460.0,0.9,29.3,1.46,1.46,1.46,2.6,2.7,2.6,0.0,0.1,0.3,4260.0,6820.0,6340.0,0.9,0.9,0.9,29.4,29.4,29.5
2026-05-21 21:00:00,Sendang Biru,1.46,3.0,0.0,4500.0,0.9,29.2,1.46,1.46,1.46,4.0,2.6,2.7,0.0,0.0,0.1,1460.0,4260.0,6820.0,0.9,0.9,0.9,29.3,29.4,29.4
2026-05-21 22:00:00,Sendang Biru,1.46,3.1,0.0,720.0,0.9,29.2,1.46,1.46,1.46,3.0,4.0,2.6,0.0,0.0,0.0,4500.0,1460.0,4260.0,0.9,0.9,0.9,29.2,29.3,29.4
2026-05-21 23:00:00,Sendang Biru,1.46,3.8,0.0,420.0,0.9,29.1,1.46,1.46,1.46,3.1,3.0,4.0,0.0,0.0,0.0,720.0,4500.0,1460.0,0.9,0.9,0.9,29.2,29.2,29.3
2026-05-22 00:00:00,Sendang Biru,1.46,4.8,0.0,560.0,0.9,29.1,1.46,1.46,1.46,3.8,3.1,3.0,0.0,0.0,0.0,420.0,720.0,4500.0,0.9,0.9,0.9,29.1,29.2,29.2
2026-05-22 01:00:00,Sendang Biru,1.46,4.7,0.0,660.0,0.9,29.0,1.46,1.46,1.46,4.8,3.8,3.1,0.0,0.0,0.0,560.0,420.0,720.0,0.9,0.9,0.9,29.1,29.1,29.2
2026-05-22 02:00:00,Sendang Biru,1.46,4.7,0.0,1080.0,0.9,29.0,1.46,1.46,1.46,4.7,4.8,3.8,0.0,0.0,0.0,660.0,560.0,420.0,0.9,0.9,0.9,29.0,29.1,29.1
2026-05-22 03:00:00,Sendang Biru,1.44,4.4,0.0,1380.0,0.9,29.0,1.46,1.46,1.46,4.7,4.7,4.8,0.0,0.0,0.0,1080.0,660.0,560.0,0.9,0.9,0.9,29.0,29.0,29.1
2026-05-22 04:00:00,Sendang Biru,1.44,3.1,0.0,740.0,0.9,28.9,1.44,1.46,1.46,4.4,4.7,4.7,0.0,0.0,0.0,1380.0,1080.0,660.0,0.9,0.9,0.9,29.0,29.0,29.0
2026-05-22 05:00:00,Sendang Biru,1.44,4.1,0.1,640.0,0.9,28.9,1.44,1.44,1.46,3.1,4.4,4.7,0.0,0.0,0.0,740.0,1380.0,1080.0,0.9,0.9,0.9,28.9,29.0,29.0
2026-05-22 06:00:00,Sendang Biru,1.42,4.3,0.0,520.0,1.0,28.9,1.44,1.44,1.44,4.1,3.1,4.4,0.1,0.0,0.0,640.0,740.0,1380.0,0.9,0.9,0.9,28.9,28.9,29.0
2026-05-22 07:00:00,Sendang Biru,1.42,1.9,0.0,7520.0,1.0,28.9,1.42,1.44,1.44,4.3,4.1,3.1,0.0,0.1,0.0,520.0,640.0,740.0,1.0,0.9,0.9,28.9,28.9,28.9
2026-05-22 08:00:00,Sendang Biru,1.42,5.0,0.2,5300.0,1.0,29.0,1.42,1.42,1.44,1.9,4.3,4.1,0.0,0.0,0.1,7520.0,520.0,640.0,1.0,1.0,0.9,28.9,28.9,28.9
2026-05-22 09:00:00,Sendang Biru,1.4,7.1,0.3,5040.0,1.0,29.1,1.42,1.42,1.42,5.0,1.9,4.3,0.2,0.0,0.0,5300.0,7520.0,520.0,1.0,1.0,1.0,29.0,28.9,28.9
2026-05-22 10:00:00,Sendang Biru,1.4,9.4,0.4,6620.0,1.0,29.2,1.4,1.42,1.42,7.1,5.0,1.9,0.3,0.2,0.0,5040.0,5300.0,7520.0,1.0,1.0,1.0,29.1,29.0,28.9
2026-05-22 11:00:00,Sendang Biru,1.4,9.1,0.2,6980.0,0.9,29.4,1.4,1.4,1.42,9.4,7.1,5.0,0.4,0.3,0.2,6620.0,5040.0,5300.0,1.0,1.0,1.0,29.2,29.1,29.0
2026-05-22 12:00:00,Sendang Biru,1.38,10.8,0.4,5420.0,0.9,29.5,1.4,1.4,1.4,9.1,9.4,7.1,0.2,0.4,0.3,6980.0,6620.0,5040.0,0.9,1.0,1.0,29.4,29.2,29.1
2026-05-22 13:00:00,Sendang Biru,1.38,9.6,0.1,20900.0,0.9,29.5,1.38,1.4,1.4,10.8,9.1,9.4,0.4,0.2,0.4,5420.0,6980.0,6620.0,0.9,0.9,1.0,29.5,29.4,29.2
2026-05-22 14:00:00,Sendang Biru,1.38,8.6,0.0,20060.0,0.9,29.5,1.38,1.38,1.4,9.6,10.8,9.1,0.1,0.4,0.2,20900.0,5420.0,6980.0,0.9,0.9,0.9,29.5,29.5,29.4
2026-05-22 15:00:00,Sendang Biru,1.36,9.4,0.0,14080.0,0.8,29.5,1.38,1.38,1.38,8.6,9.6,10.8,0.0,0.1,0.4,20060.0,20900.0,5420.0,0.9,0.9,0.9,29.5,29.5,29.5
2026-05-22 16:00:00,Sendang Biru,1.36,9.6,0.1,11920.0,0.8,29.5,1.36,1.38,1.38,9.4,8.6,9.6,0.0,0.0,0.1,14080.0,20060.0,20900.0,0.8,0.9,0.9,29.5,29.5,29.5
2026-05-22 17:00:00,Sendang Biru,1.36,8.7,0.0,11900.0,0.8,29.4,1.36,1.36,1.38,9.6,9.4,8.6,0.1,0.0,0.0,11920.0,14080.0,20060.0,0.8,0.8,0.9,29.5,29.5,29.5
2026-05-22 18:00:00,Sendang Biru,1.34,9.8,0.0,11260.0,0.8,29.3,1.36,1.36,1.36,8.7,9.6,9.4,0.0,0.1,0.0,11900.0,11920.0,14080.0,0.8,0.8,0.8,29.4,29.5,29.5
2026-05-22 19:00:00,Sendang Biru,1.34,9.3,0.0,7960.0,0.6,29.2,1.34,1.36,1.36,9.8,8.7,9.6,0.0,0.0,0.1,11260.0,11900.0,11920.0,0.8,0.8,0.8,29.3,29.4,29.5
2026-05-22 20:00:00,Sendang Biru,1.34,9.7,0.1,8680.0,0.8,29.2,1.34,1.34,1.36,9.3,9.8,8.7,0.0,0.0,0.0,7960.0,11260.0,11900.0,0.6,0.8,0.8,29.2,29.3,29.4
2026-05-22 21:00:00,Sendang Biru,1.32,10.0,0.0,10880.0,0.8,29.1,1.34,1.34,1.34,9.7,9.3,9.8,0.1,0.0,0.0,8680.0,7960.0,11260.0,0.8,0.6,0.8,29.2,29.2,29.3
2026-05-22 22:00:00,Sendang Biru,1.32,7.8,0.0,12240.0,0.8,29.1,1.32,1.34,1.34,10.0,9.7,9.3,0.0,0.1,0.0,10880.0,8680.0,7960.0,0.8,0.8,0.6,29.1,29.2,29.2
2026-05-22 23:00:00,Sendang Biru,1.32,7.2,0.0,12220.0,0.8,29.0,1.32,1.32,1.34,7.8,10.0,9.7,0.0,0.0,0.1,12240.0,10880.0,8680.0,0.8,0.8,0.8,29.1,29.1,29.2
2026-05-23 00:00:00,Sendang Biru,1.32,6.1,0.0,3100.0,1.0,29.0,1.32,1.32,1.32,7.2,7.8,10.0,0.0,0.0,0.0,12220.0,12240.0,10880.0,0.8,0.8,0.8,29.0,29.1,29.1
2026-05-23 01:00:00,Sendang Biru,1.32,5.4,0.0,760.0,1.0,29.0,1.32,1.32,1.32,6.1,7.2,7.8,0.0,0.0,0.0,3100.0,12220.0,12240.0,1.0,0.8,0.8,29.0,29.0,29.1
2026-05-23 02:00:00,Sendang Biru,1.32,5.4,0.0,280.0,0.8,29.0,1.32,1.32,1.32,5.4,6.1,7.2,0.0,0.0,0.0,760.0,3100.0,12220.0,1.0,1.0,0.8,29.0,29.0,29.0
2026-05-23 03:00:00,Sendang Biru,1.3,5.9,0.0,200.0,0.8,29.0,1.32,1.32,1.32,5.4,5.4,6.1,0.0,0.0,0.0,280.0,760.0,3100.0,0.8,1.0,1.0,29.0,29.0,29.0
2026-05-23 04:00:00,Sendang Biru,1.3,6.9,0.0,200.0,0.7,28.9,1.3,1.32,1.32,5.9,5.4,5.4,0.0,0.0,0.0,200.0,280.0,760.0,0.8,0.8,1.0,29.0,29.0,29.0
2026-05-23 05:00:00,Sendang Biru,1.3,5.9,0.0,240.0,0.7,28.9,1.3,1.3,1.32,6.9,5.9,5.4,0.0,0.0,0.0,200.0,200.0,280.0,0.7,0.8,0.8,28.9,29.0,29.0
2026-05-23 06:00:00,Sendang Biru,1.28,5.5,0.0,280.0,0.7,28.9,1.3,1.3,1.3,5.9,6.9,5.9,0.0,0.0,0.0,240.0,200.0,200.0,0.7,0.7,0.8,28.9,28.9,29.0
2026-05-23 07:00:00,Sendang Biru,1.28,5.5,0.0,2020.0,0.7,29.0,1.28,1.3,1.3,5.5,5.9,6.9,0.0,0.0,0.0,280.0,240.0,200.0,0.7,0.7,0.7,28.9,28.9,28.9
2026-05-23 08:00:00,Sendang Biru,1.28,9.3,0.0,11220.0,0.7,29.0,1.28,1.28,1.3,5.5,5.5,5.9,0.0,0.0,0.0,2020.0,280.0,240.0,0.7,0.7,0.7,29.0,28.9,28.9
2026-05-23 09:00:00,Sendang Biru,1.26,10.4,0.0,19360.0,0.7,29.1,1.28,1.28,1.28,9.3,5.5,5.5,0.0,0.0,0.0,11220.0,2020.0,280.0,0.7,0.7,0.7,29.0,29.0,28.9
2026-05-23 10:00:00,Sendang Biru,1.26,11.1,0.0,17860.0,0.7,29.2,1.26,1.28,1.28,10.4,9.3,5.5,0.0,0.0,0.0,19360.0,11220.0,2020.0,0.7,0.7,0.7,29.1,29.0,29.0
2026-05-23 11:00:00,Sendang Biru,1.26,12.4,0.0,10880.0,0.8,29.4,1.26,1.26,1.28,11.1,10.4,9.3,0.0,0.0,0.0,17860.0,19360.0,11220.0,0.7,0.7,0.7,29.2,29.1,29.0
2026-05-23 12:00:00,Sendang Biru,1.28,12.9,0.1,11000.0,0.6,29.5,1.26,1.26,1.26,12.4,11.1,10.4,0.0,0.0,0.0,10880.0,17860.0,19360.0,0.8,0.7,0.7,29.4,29.2,29.1
2026-05-23 13:00:00,Sendang Biru,1.28,13.2,0.2,7660.0,0.6,29.5,1.28,1.26,1.26,12.9,12.4,11.1,0.1,0.0,0.0,11000.0,10880.0,17860.0,0.6,0.8,0.7,29.5,29.4,29.2
2026-05-23 14:00:00,Sendang Biru,1.28,13.6,0.6,4760.0,0.5,29.5,1.28,1.28,1.26,13.2,12.9,12.4,0.2,0.1,0.0,7660.0,11000.0,10880.0,0.6,0.6,0.8,29.5,29.5,29.4
2026-05-23 15:00:00,Sendang Biru,1.26,14.0,0.4,4000.0,0.4,29.5,1.28,1.28,1.28,13.6,13.2,12.9,0.6,0.2,0.1,4760.0,7660.0,11000.0,0.5,0.6,0.6,29.5,29.5,29.5
2026-05-23 16:00:00,Sendang Biru,1.26,13.0,0.7,7180.0,0.4,29.5,1.26,1.28,1.28,14.0,13.6,13.2,0.4,0.6,0.2,4000.0,4760.0,7660.0,0.4,0.5,0.6,29.5,29.5,29.5
2026-05-23 17:00:00,Sendang Biru,1.26,10.6,0.1,9240.0,0.2,29.4,1.26,1.26,1.28,13.0,14.0,13.6,0.7,0.4,0.6,7180.0,4000.0,4760.0,0.4,0.4,0.5,29.5,29.5,29.5
2026-05-23 18:00:00,Sendang Biru,1.26,11.0,0.0,8900.0,0.2,29.2,1.26,1.26,1.26,10.6,13.0,14.0,0.1,0.7,0.4,9240.0,7180.0,4000.0,0.2,0.4,0.4,29.4,29.5,29.5
2026-05-23 19:00:00,Sendang Biru,1.26,9.6,0.0,10380.0,0.3,29.2,1.26,1.26,1.26,11.0,10.6,13.0,0.0,0.1,0.7,8900.0,9240.0,7180.0,0.2,0.2,0.4,29.2,29.4,29.5
2026-05-23 20:00:00,Sendang Biru,1.26,9.6,0.0,11120.0,0.3,29.1,1.26,1.26,1.26,9.6,11.0,10.6,0.0,0.0,0.1,10380.0,8900.0,9240.0,0.3,0.2,0.2,29.2,29.2,29.4
2026-05-23 21:00:00,Sendang Biru,1.24,10.2,0.0,11860.0,0.2,29.1,1.26,1.26,1.26,9.6,9.6,11.0,0.0,0.0,0.0,11120.0,10380.0,8900.0,0.3,0.3,0.2,29.1,29.2,29.2
2026-05-23 22:00:00,Sendang Biru,1.24,10.6,0.0,12600.0,0.2,29.1,1.24,1.26,1.26,10.2,9.6,9.6,0.0,0.0,0.0,11860.0,11120.0,10380.0,0.2,0.3,0.3,29.1,29.1,29.2
2026-05-23 23:00:00,Sendang Biru,1.24,10.6,0.0,12220.0,0.4,29.0,1.24,1.24,1.26,10.6,10.2,9.6,0.0,0.0,0.0,12600.0,11860.0,11120.0,0.2,0.2,0.3,29.1,29.1,29.1
2026-05-24 00:00:00,Sendang Biru,1.22,10.5,0.0,11860.0,0.4,29.0,1.24,1.24,1.24,10.6,10.6,10.2,0.0,0.0,0.0,12220.0,12600.0,11860.0,0.4,0.2,0.2,29.0,29.1,29.1
2026-05-24 01:00:00,Sendang Biru,1.22,10.5,0.0,11480.0,0.4,29.0,1.22,1.24,1.24,10.5,10.6,10.6,0.0,0.0,0.0,11860.0,12220.0,12600.0,0.4,0.4,0.2,29.0,29.0,29.1
2026-05-24 02:00:00,Sendang Biru,1.22,10.5,0.0,10760.0,0.4,29.0,1.22,1.22,1.24,10.5,10.5,10.6,0.0,0.0,0.0,11480.0,11860.0,12220.0,0.4,0.4,0.4,29.0,29.0,29.0
2026-05-24 03:00:00,Sendang Biru,1.22,10.5,0.0,10060.0,0.4,29.0,1.22,1.22,1.22,10.5,10.5,10.5,0.0,0.0,0.0,10760.0,11480.0,11860.0,0.4,0.4,0.4,29.0,29.0,29.0
2026-05-24 04:00:00,Sendang Biru,1.22,10.5,0.0,9340.0,0.3,28.9,1.22,1.22,1.22,10.5,10.5,10.5,0.0,0.0,0.0,10060.0,10760.0,11480.0,0.4,0.4,0.4,29.0,29.0,29.0
2026-05-24 05:00:00,Sendang Biru,1.22,10.3,0.0,10280.0,0.3,28.9,1.22,1.22,1.22,10.5,10.5,10.5,0.0,0.0,0.0,9340.0,10060.0,10760.0,0.3,0.4,0.4,28.9,29.0,29.0
2026-05-24 06:00:00,Sendang Biru,1.22,9.9,0.0,11200.0,0.3,28.9,1.22,1.22,1.22,10.3,10.5,10.5,0.0,0.0,0.0,10280.0,9340.0,10060.0,0.3,0.3,0.4,28.9,28.9,29.0
2026-05-24 07:00:00,Sendang Biru,1.22,10.1,0.0,12140.0,0.3,28.9,1.22,1.22,1.22,9.9,10.3,10.5,0.0,0.0,0.0,11200.0,10280.0,9340.0,0.3,0.3,0.3,28.9,28.9,28.9
2026-05-24 08:00:00,Sendang Biru,1.22,11.2,0.0,14400.0,0.3,29.0,1.22,1.22,1.22,10.1,9.9,10.3,0.0,0.0,0.0,12140.0,11200.0,10280.0,0.3,0.3,0.3,28.9,28.9,28.9
2026-05-24 09:00:00,Sendang Biru,1.24,13.0,0.0,16660.0,0.3,29.0,1.22,1.22,1.22,11.2,10.1,9.9,0.0,0.0,0.0,14400.0,12140.0,11200.0,0.3,0.3,0.3,29.0,28.9,28.9
2026-05-24 10:00:00,Sendang Biru,1.24,14.3,0.0,18920.0,0.3,29.1,1.24,1.22,1.22,13.0,11.2,10.1,0.0,0.0,0.0,16660.0,14400.0,12140.0,0.3,0.3,0.3,29.0,29.0,28.9
2026-05-24 11:00:00,Sendang Biru,1.24,14.7,0.0,18300.0,0.2,29.2,1.24,1.24,1.22,14.3,13.0,11.2,0.0,0.0,0.0,18920.0,16660.0,14400.0,0.3,0.3,0.3,29.1,29.0,29.0
2026-05-24 12:00:00,Sendang Biru,1.24,14.7,0.0,17680.0,0.2,29.4,1.24,1.24,1.24,14.7,14.3,13.0,0.0,0.0,0.0,18300.0,18920.0,16660.0,0.2,0.3,0.3,29.2,29.1,29.0
2026-05-24 13:00:00,Sendang Biru,1.24,14.4,0.0,17060.0,0.2,29.4,1.24,1.24,1.24,14.7,14.7,14.3,0.0,0.0,0.0,17680.0,18300.0,18920.0,0.2,0.2,0.3,29.4,29.2,29.1
2026-05-24 14:00:00,Sendang Biru,1.24,14.3,0.6,12940.0,0.2,29.4,1.24,1.24,1.24,14.4,14.7,14.7,0.0,0.0,0.0,17060.0,17680.0,18300.0,0.2,0.2,0.2,29.4,29.4,29.2
2026-05-24 15:00:00,Sendang Biru,1.24,13.9,0.6,8820.0,0.2,29.4,1.24,1.24,1.24,14.3,14.4,14.7,0.6,0.0,0.0,12940.0,17060.0,17680.0,0.2,0.2,0.2,29.4,29.4,29.4
2026-05-24 16:00:00,Sendang Biru,1.24,13.5,0.6,4700.0,0.3,29.3,1.24,1.24,1.24,13.9,14.3,14.4,0.6,0.6,0.0,8820.0,12940.0,17060.0,0.2,0.2,0.2,29.4,29.4,29.4
2026-05-24 17:00:00,Sendang Biru,1.24,12.6,0.1,5740.0,0.3,29.2,1.24,1.24,1.24,13.5,13.9,14.3,0.6,0.6,0.6,4700.0,8820.0,12940.0,0.3,0.2,0.2,29.3,29.4,29.4
2026-05-24 18:00:00,Sendang Biru,1.24,11.9,0.1,6800.0,0.3,29.2,1.24,1.24,1.24,12.6,13.5,13.9,0.1,0.6,0.6,5740.0,4700.0,8820.0,0.3,0.3,0.2,29.2,29.3,29.4
2026-05-24 19:00:00,Sendang Biru,1.24,11.8,0.1,7840.0,0.3,29.1,1.24,1.24,1.24,11.9,12.6,13.5,0.1,0.1,0.6,6800.0,5740.0,4700.0,0.3,0.3,0.3,29.2,29.2,29.3
2026-05-24 20:00:00,Sendang Biru,1.24,12.2,0.0,9200.0,0.2,29.1,1.24,1.24,1.24,11.8,11.9,12.6,0.1,0.1,0.1,7840.0,6800.0,5740.0,0.3,0.3,0.3,29.1,29.2,29.2
2026-05-24 21:00:00,Sendang Biru,1.24,12.9,0.0,10540.0,0.2,29.1,1.24,1.24,1.24,12.2,11.8,11.9,0.0,0.1,0.1,9200.0,7840.0,6800.0,0.2,0.3,0.3,29.1,29.1,29.2
2026-05-24 22:00:00,Sendang Biru,1.24,13.0,0.0,11900.0,0.3,29.0,1.24,1.24,1.24,12.9,12.2,11.8,0.0,0.0,0.1,10540.0,9200.0,7840.0,0.2,0.2,0.3,29.1,29.1,29.1
2026-05-24 23:00:00,Sendang Biru,1.26,11.5,0.0,10540.0,0.3,29.0,1.24,1.24,1.24,13.0,12.9,12.2,0.0,0.0,0.0,11900.0,10540.0,9200.0,0.3,0.2,0.2,29.0,29.1,29.1
2026-05-25 00:00:00,Sendang Biru,1.26,9.4,0.0,9180.0,0.3,29.0,1.26,1.24,1.24,11.5,13.0,12.9,0.0,0.0,0.0,10540.0,11900.0,10540.0,0.3,0.3,0.2,29.0,29.0,29.1
2026-05-25 01:00:00,Sendang Biru,1.28,8.0,0.0,7820.0,0.4,29.0,1.26,1.26,1.24,9.4,11.5,13.0,0.0,0.0,0.0,9180.0,10540.0,11900.0,0.3,0.3,0.3,29.0,29.0,29.0
2026-05-25 02:00:00,Sendang Biru,1.3,8.1,0.0,7980.0,0.4,28.9,1.28,1.26,1.26,8.0,9.4,11.5,0.0,0.0,0.0,7820.0,9180.0,10540.0,0.4,0.3,0.3,29.0,29.0,29.0
2026-05-25 03:00:00,Sendang Biru,1.32,9.2,0.0,8160.0,0.4,28.9,1.3,1.28,1.26,8.1,8.0,9.4,0.0,0.0,0.0,7980.0,7820.0,9180.0,0.4,0.4,0.3,28.9,29.0,29.0
2026-05-25 04:00:00,Sendang Biru,1.34,10.1,0.0,8320.0,0.3,28.9,1.32,1.3,1.28,9.2,8.1,8.0,0.0,0.0,0.0,8160.0,7980.0,7820.0,0.4,0.4,0.4,28.9,28.9,29.0
2026-05-25 05:00:00,Sendang Biru,1.36,10.1,0.0,9760.0,0.3,28.9,1.34,1.32,1.3,10.1,9.2,8.1,0.0,0.0,0.0,8320.0,8160.0,7980.0,0.3,0.4,0.4,28.9,28.9,28.9
2026-05-25 06:00:00,Sendang Biru,1.38,10.1,0.0,11200.0,0.3,28.9,1.36,1.34,1.32,10.1,10.1,9.2,0.0,0.0,0.0,9760.0,8320.0,8160.0,0.3,0.3,0.4,28.9,28.9,28.9
2026-05-25 07:00:00,Sendang Biru,1.4,10.1,0.0,12640.0,0.4,28.9,1.38,1.36,1.34,10.1,10.1,10.1,0.0,0.0,0.0,11200.0,9760.0,8320.0,0.3,0.3,0.3,28.9,28.9,28.9
2026-05-25 08:00:00,Sendang Biru,1.42,10.9,0.0,15060.0,0.4,28.9,1.4,1.38,1.36,10.1,10.1,10.1,0.0,0.0,0.0,12640.0,11200.0,9760.0,0.4,0.3,0.3,28.9,28.9,28.9
2026-05-25 09:00:00,Sendang Biru,1.44,12.2,0.0,17460.0,0.4,28.9,1.42,1.4,1.38,10.9,10.1,10.1,0.0,0.0,0.0,15060.0,12640.0,11200.0,0.4,0.4,0.3,28.9,28.9,28.9
2026-05-25 10:00:00,Sendang Biru,1.46,13.2,0.0,19880.0,0.5,29.0,1.44,1.42,1.4,12.2,10.9,10.1,0.0,0.0,0.0,17460.0,15060.0,12640.0,0.4,0.4,0.4,28.9,28.9,28.9
2026-05-25 11:00:00,Sendang Biru,1.48,13.0,0.0,19480.0,0.6,29.0,1.46,1.44,1.42,13.2,12.2,10.9,0.0,0.0,0.0,19880.0,17460.0,15060.0,0.5,0.4,0.4,29.0,28.9,28.9
2026-05-25 12:00:00,Sendang Biru,1.5,12.3,0.0,19060.0,0.6,29.0,1.48,1.46,1.44,13.0,13.2,12.2,0.0,0.0,0.0,19480.0,19880.0,17460.0,0.6,0.5,0.4,29.0,29.0,28.9
2026-05-25 13:00:00,Sendang Biru,1.52,11.9,0.0,18660.0,0.6,29.0,1.5,1.48,1.46,12.3,13.0,13.2,0.0,0.0,0.0,19060.0,19480.0,19880.0,0.6,0.6,0.5,29.0,29.0,29.0
2026-05-25 14:00:00,Sendang Biru,1.54,12.2,0.1,15000.0,0.7,29.0,1.52,1.5,1.48,11.9,12.3,13.0,0.0,0.0,0.0,18660.0,19060.0,19480.0,0.6,0.6,0.6,29.0,29.0,29.0
2026-05-25 15:00:00,Sendang Biru,1.56,12.9,0.1,11320.0,0.7,29.0,1.54,1.52,1.5,12.2,11.9,12.3,0.1,0.0,0.0,15000.0,18660.0,19060.0,0.7,0.6,0.6,29.0,29.0,29.0
2026-05-25 16:00:00,Sendang Biru,1.58,13.1,0.1,7660.0,0.7,29.0,1.56,1.54,1.52,12.9,12.2,11.9,0.1,0.1,0.0,11320.0,15000.0,18660.0,0.7,0.7,0.6,29.0,29.0,29.0
2026-05-25 17:00:00,Sendang Biru,1.6,12.8,0.1,7480.0,0.7,29.0,1.58,1.56,1.54,13.1,12.9,12.2,0.1,0.1,0.1,7660.0,11320.0,15000.0,0.7,0.7,0.7,29.0,29.0,29.0
2026-05-25 18:00:00,Sendang Biru,1.62,11.9,0.1,7320.0,0.7,29.0,1.6,1.58,1.56,12.8,13.1,12.9,0.1,0.1,0.1,7480.0,7660.0,11320.0,0.7,0.7,0.7,29.0,29.0,29.0
2026-05-25 19:00:00,Sendang Biru,1.64,11.2,0.1,7140.0,0.9,29.0,1.62,1.6,1.58,11.9,12.8,13.1,0.1,0.1,0.1,7320.0,7480.0,7660.0,0.7,0.7,0.7,29.0,29.0,29.0
2026-05-25 20:00:00,Sendang Biru,1.66,10.7,0.0,8020.0,0.9,29.0,1.64,1.62,1.6,11.2,11.9,12.8,0.1,0.1,0.1,7140.0,7320.0,7480.0,0.9,0.7,0.7,29.0,29.0,29.0
2026-05-25 21:00:00,Sendang Biru,1.66,10.0,0.0,8900.0,0.9,28.9,1.66,1.64,1.62,10.7,11.2,11.9,0.0,0.1,0.1,8020.0,7140.0,7320.0,0.9,0.9,0.7,29.0,29.0,29.0
2026-05-25 22:00:00,Sendang Biru,1.68,9.6,0.0,9780.0,0.9,28.9,1.66,1.66,1.64,10.0,10.7,11.2,0.0,0.0,0.1,8900.0,8020.0,7140.0,0.9,0.9,0.9,28.9,29.0,29.0
2026-05-25 23:00:00,Sendang Biru,1.68,9.3,0.0,10760.0,0.9,28.9,1.68,1.66,1.66,9.6,10.0,10.7,0.0,0.0,0.0,9780.0,8900.0,8020.0,0.9,0.9,0.9,28.9,28.9,29.0
2026-05-26 00:00:00,Sendang Biru,1.7,9.0,0.0,11740.0,0.9,28.9,1.68,1.68,1.66,9.3,9.6,10.0,0.0,0.0,0.0,10760.0,9780.0,8900.0,0.9,0.9,0.9,28.9,28.9,28.9
2026-05-26 01:00:00,Sendang Biru,1.7,8.8,0.0,12720.0,0.9,28.9,1.7,1.68,1.68,9.0,9.3,9.6,0.0,0.0,0.0,11740.0,10760.0,9780.0,0.9,0.9,0.9,28.9,28.9,28.9
2026-05-26 02:00:00,Sendang Biru,1.7,12.6,0.0,10400.0,0.9,28.9,1.7,1.7,1.68,8.8,9.0,9.3,0.0,0.0,0.0,12720.0,11740.0,10760.0,0.9,0.9,0.9,28.9,28.9,28.9
2026-05-26 03:00:00,Sendang Biru,1.7,13.2,0.0,10540.0,0.9,28.8,1.7,1.7,1.7,12.6,8.8,9.0,0.0,0.0,0.0,10400.0,12720.0,11740.0,0.9,0.9,0.9,28.9,28.9,28.9
2026-05-26 04:00:00,Sendang Biru,1.7,13.7,0.0,10700.0,0.7,28.8,1.7,1.7,1.7,13.2,12.6,8.8,0.0,0.0,0.0,10540.0,10400.0,12720.0,0.9,0.9,0.9,28.8,28.9,28.9
2026-05-26 05:00:00,Sendang Biru,1.72,14.4,0.0,10840.0,0.7,28.8,1.7,1.7,1.7,13.7,13.2,12.6,0.0,0.0,0.0,10700.0,10540.0,10400.0,0.7,0.9,0.9,28.8,28.8,28.9
2026-05-26 06:00:00,Sendang Biru,1.72,14.9,0.0,10980.0,0.7,28.8,1.72,1.7,1.7,14.4,13.7,13.2,0.0,0.0,0.0,10840.0,10700.0,10540.0,0.7,0.7,0.9,28.8,28.8,28.8
2026-05-26 07:00:00,Sendang Biru,1.74,15.7,0.0,11120.0,0.7,28.8,1.72,1.72,1.7,14.9,14.4,13.7,0.0,0.0,0.0,10980.0,10840.0,10700.0,0.7,0.7,0.7,28.8,28.8,28.8
2026-05-26 08:00:00,Sendang Biru,1.76,16.5,0.1,11900.0,0.5,28.8,1.74,1.72,1.72,15.7,14.9,14.4,0.0,0.0,0.0,11120.0,10980.0,10840.0,0.7,0.7,0.7,28.8,28.8,28.8
2026-05-26 09:00:00,Sendang Biru,1.78,17.5,0.1,12680.0,0.5,28.8,1.76,1.74,1.72,16.5,15.7,14.9,0.1,0.0,0.0,11900.0,11120.0,10980.0,0.5,0.7,0.7,28.8,28.8,28.8
2026-05-26 10:00:00,Sendang Biru,1.8,18.5,0.1,13460.0,0.6,28.8,1.78,1.76,1.74,17.5,16.5,15.7,0.1,0.1,0.0,12680.0,11900.0,11120.0,0.5,0.5,0.7,28.8,28.8,28.8
2026-05-26 11:00:00,Sendang Biru,1.82,19.5,0.1,14240.0,0.5,28.9,1.8,1.78,1.76,18.5,17.5,16.5,0.1,0.1,0.1,13460.0,12680.0,11900.0,0.6,0.5,0.5,28.8,28.8,28.8
2026-05-26 12:00:00,Sendang Biru,1.82,20.4,0.1,15020.0,0.4,28.9,1.82,1.8,1.78,19.5,18.5,17.5,0.1,0.1,0.1,14240.0,13460.0,12680.0,0.5,0.6,0.5,28.9,28.8,28.8
2026-05-26 13:00:00,Sendang Biru,1.84,20.7,0.1,15800.0,0.4,28.9,1.82,1.82,1.8,20.4,19.5,18.5,0.1,0.1,0.1,15020.0,14240.0,13460.0,0.4,0.5,0.6,28.9,28.9,28.8
2026-05-26 14:00:00,Sendang Biru,1.84,20.4,0.1,14840.0,0.4,28.9,1.84,1.82,1.82,20.7,20.4,19.5,0.1,0.1,0.1,15800.0,15020.0,14240.0,0.4,0.4,0.5,28.9,28.9,28.9
2026-05-26 15:00:00,Sendang Biru,1.86,19.9,0.1,13880.0,0.4,28.9,1.84,1.84,1.82,20.4,20.7,20.4,0.1,0.1,0.1,14840.0,15800.0,15020.0,0.4,0.4,0.4,28.9,28.9,28.9
2026-05-26 16:00:00,Sendang Biru,1.86,19.1,0.1,12920.0,0.4,28.9,1.86,1.84,1.84,19.9,20.4,20.7,0.1,0.1,0.1,13880.0,14840.0,15800.0,0.4,0.4,0.4,28.9,28.9,28.9
2026-05-26 17:00:00,Sendang Biru,1.86,18.1,0.1,11940.0,0.4,28.9,1.86,1.86,1.84,19.1,19.9,20.4,0.1,0.1,0.1,12920.0,13880.0,14840.0,0.4,0.4,0.4,28.9,28.9,28.9
2026-05-26 18:00:00,Sendang Biru,1.88,17.2,0.1,10980.0,0.4,28.9,1.86,1.86,1.86,18.1,19.1,19.9,0.1,0.1,0.1,11940.0,12920.0,13880.0,0.4,0.4,0.4,28.9,28.9,28.9
2026-05-26 19:00:00,Sendang Biru,1.88,16.4,0.1,10020.0,0.4,28.9,1.88,1.86,1.86,17.2,18.1,19.1,0.1,0.1,0.1,10980.0,11940.0,12920.0,0.4,0.4,0.4,28.9,28.9,28.9
2026-05-26 20:00:00,Sendang Biru,1.88,15.7,0.0,10060.0,0.5,28.9,1.88,1.88,1.86,16.4,17.2,18.1,0.1,0.1,0.1,10020.0,10980.0,11940.0,0.4,0.4,0.4,28.9,28.9,28.9
2026-05-26 21:00:00,Sendang Biru,1.9,15.0,0.0,10100.0,0.5,28.8,1.88,1.88,1.88,15.7,16.4,17.2,0.0,0.1,0.1,10060.0,10020.0,10980.0,0.5,0.4,0.4,28.9,28.9,28.9
2026-05-26 22:00:00,Sendang Biru,1.9,14.2,0.0,10160.0,0.5,28.8,1.9,1.88,1.88,15.0,15.7,16.4,0.0,0.0,0.1,10100.0,10060.0,10020.0,0.5,0.5,0.4,28.8,28.9,28.9
2026-05-26 23:00:00,Sendang Biru,1.92,13.5,0.0,10200.0,0.6,28.8,1.9,1.9,1.88,14.2,15.0,15.7,0.0,0.0,0.0,10160.0,10100.0,10060.0,0.5,0.5,0.5,28.8,28.8,28.9
2026-05-20 03:00:00,Situbondo,0.06,6.8,0.0,3600.0,0.3,30.8,0.08,0.08,0.08,6.9,6.8,5.6,0.0,0.0,0.0,17140.0,14840.0,14320.0,0.2,0.2,0.4,30.8,30.8,30.9
2026-05-20 04:00:00,Situbondo,0.06,5.7,0.0,1980.0,0.3,30.7,0.06,0.08,0.08,6.8,6.9,6.8,0.0,0.0,0.0,3600.0,17140.0,14840.0,0.3,0.2,0.2,30.8,30.8,30.8
2026-05-20 05:00:00,Situbondo,0.06,4.4,0.0,1520.0,0.3,30.7,0.06,0.06,0.08,5.7,6.8,6.9,0.0,0.0,0.0,1980.0,3600.0,17140.0,0.3,0.3,0.2,30.7,30.8,30.8
2026-05-20 06:00:00,Situbondo,0.06,5.8,0.0,1280.0,0.2,30.7,0.06,0.06,0.06,4.4,5.7,6.8,0.0,0.0,0.0,1520.0,1980.0,3600.0,0.3,0.3,0.3,30.7,30.7,30.8
2026-05-20 07:00:00,Situbondo,0.06,3.8,0.0,3720.0,0.0,30.7,0.06,0.06,0.06,5.8,4.4,5.7,0.0,0.0,0.0,1280.0,1520.0,1980.0,0.2,0.3,0.3,30.7,30.7,30.7
2026-05-20 08:00:00,Situbondo,0.06,4.1,0.0,7060.0,0.2,30.8,0.06,0.06,0.06,3.8,5.8,4.4,0.0,0.0,0.0,3720.0,1280.0,1520.0,0.0,0.2,0.3,30.7,30.7,30.7
2026-05-20 09:00:00,Situbondo,0.06,5.9,0.0,6780.0,0.2,30.8,0.06,0.06,0.06,4.1,3.8,5.8,0.0,0.0,0.0,7060.0,3720.0,1280.0,0.2,0.0,0.2,30.8,30.7,30.7
2026-05-20 10:00:00,Situbondo,0.06,10.2,0.2,6040.0,0.2,30.9,0.06,0.06,0.06,5.9,4.1,3.8,0.0,0.0,0.0,6780.0,7060.0,3720.0,0.2,0.2,0.0,30.8,30.8,30.7
2026-05-20 11:00:00,Situbondo,0.08,15.0,1.1,5640.0,0.2,30.9,0.06,0.06,0.06,10.2,5.9,4.1,0.2,0.0,0.0,6040.0,6780.0,7060.0,0.2,0.2,0.2,30.9,30.8,30.8
2026-05-20 12:00:00,Situbondo,0.08,16.5,0.1,23540.0,0.0,31.0,0.08,0.06,0.06,15.0,10.2,5.9,1.1,0.2,0.0,5640.0,6040.0,6780.0,0.2,0.2,0.2,30.9,30.9,30.8
2026-05-20 13:00:00,Situbondo,0.1,16.3,0.1,6820.0,0.3,31.0,0.08,0.08,0.06,16.5,15.0,10.2,0.1,1.1,0.2,23540.0,5640.0,6040.0,0.0,0.2,0.2,31.0,30.9,30.9
2026-05-20 14:00:00,Situbondo,0.16,15.9,0.9,4340.0,0.6,31.0,0.1,0.08,0.08,16.3,16.5,15.0,0.1,0.1,1.1,6820.0,23540.0,5640.0,0.3,0.0,0.2,31.0,31.0,30.9
2026-05-20 15:00:00,Situbondo,0.2,14.0,0.5,8260.0,0.6,31.0,0.16,0.1,0.08,15.9,16.3,16.5,0.9,0.1,0.1,4340.0,6820.0,23540.0,0.6,0.3,0.0,31.0,31.0,31.0
2026-05-20 16:00:00,Situbondo,0.26,11.7,0.3,6720.0,0.8,31.0,0.2,0.16,0.1,14.0,15.9,16.3,0.5,0.9,0.1,8260.0,4340.0,6820.0,0.6,0.6,0.3,31.0,31.0,31.0
2026-05-20 17:00:00,Situbondo,0.26,10.7,0.2,11960.0,0.6,30.9,0.26,0.2,0.16,11.7,14.0,15.9,0.3,0.5,0.9,6720.0,8260.0,4340.0,0.8,0.6,0.6,31.0,31.0,31.0
2026-05-20 18:00:00,Situbondo,0.26,11.7,0.0,13980.0,0.4,30.9,0.26,0.26,0.2,10.7,11.7,14.0,0.2,0.3,0.5,11960.0,6720.0,8260.0,0.6,0.8,0.6,30.9,31.0,31.0
2026-05-20 19:00:00,Situbondo,0.26,11.0,0.0,16420.0,0.3,30.9,0.26,0.26,0.26,11.7,10.7,11.7,0.0,0.2,0.3,13980.0,11960.0,6720.0,0.4,0.6,0.8,30.9,30.9,31.0
2026-05-20 20:00:00,Situbondo,0.26,9.5,0.0,22640.0,0.0,30.9,0.26,0.26,0.26,11.0,11.7,10.7,0.0,0.0,0.2,16420.0,13980.0,11960.0,0.3,0.4,0.6,30.9,30.9,30.9
2026-05-20 21:00:00,Situbondo,0.24,7.7,0.0,22920.0,0.4,30.8,0.26,0.26,0.26,9.5,11.0,11.7,0.0,0.0,0.0,22640.0,16420.0,13980.0,0.0,0.3,0.4,30.9,30.9,30.9
2026-05-20 22:00:00,Situbondo,0.24,6.3,0.0,16380.0,0.6,30.8,0.24,0.26,0.26,7.7,9.5,11.0,0.0,0.0,0.0,22920.0,22640.0,16420.0,0.4,0.0,0.3,30.8,30.9,30.9
2026-05-20 23:00:00,Situbondo,0.22,4.9,0.0,7080.0,0.6,30.8,0.24,0.24,0.26,6.3,7.7,9.5,0.0,0.0,0.0,16380.0,22920.0,22640.0,0.6,0.4,0.0,30.8,30.8,30.9
2026-05-21 00:00:00,Situbondo,0.22,5.6,0.1,1140.0,0.6,30.8,0.22,0.24,0.24,4.9,6.3,7.7,0.0,0.0,0.0,7080.0,16380.0,22920.0,0.6,0.6,0.4,30.8,30.8,30.8
2026-05-21 01:00:00,Situbondo,0.2,6.4,0.1,820.0,0.4,30.8,0.22,0.22,0.24,5.6,4.9,6.3,0.1,0.0,0.0,1140.0,7080.0,16380.0,0.6,0.6,0.6,30.8,30.8,30.8
2026-05-21 02:00:00,Situbondo,0.18,7.4,0.0,1040.0,0.2,30.8,0.2,0.22,0.22,6.4,5.6,4.9,0.1,0.1,0.0,820.0,1140.0,7080.0,0.4,0.6,0.6,30.8,30.8,30.8
2026-05-21 03:00:00,Situbondo,0.18,5.2,0.0,1360.0,0.0,30.7,0.18,0.2,0.22,7.4,6.4,5.6,0.0,0.1,0.1,1040.0,820.0,1140.0,0.2,0.4,0.6,30.8,30.8,30.8
2026-05-21 04:00:00,Situbondo,0.16,4.7,0.0,1000.0,0.2,30.7,0.18,0.18,0.2,5.2,7.4,6.4,0.0,0.0,0.1,1360.0,1040.0,820.0,0.0,0.2,0.4,30.7,30.8,30.8
2026-05-21 05:00:00,Situbondo,0.16,4.1,0.0,1100.0,0.3,30.6,0.16,0.18,0.18,4.7,5.2,7.4,0.0,0.0,0.0,1000.0,1360.0,1040.0,0.2,0.0,0.2,30.7,30.7,30.8
2026-05-21 06:00:00,Situbondo,0.14,5.4,0.0,1260.0,0.3,30.6,0.16,0.16,0.18,4.1,4.7,5.2,0.0,0.0,0.0,1100.0,1000.0,1360.0,0.3,0.2,0.0,30.6,30.7,30.7
2026-05-21 07:00:00,Situbondo,0.14,7.2,0.0,4520.0,0.3,30.6,0.14,0.16,0.16,5.4,4.1,4.7,0.0,0.0,0.0,1260.0,1100.0,1000.0,0.3,0.3,0.2,30.6,30.6,30.7
2026-05-21 08:00:00,Situbondo,0.16,10.4,0.2,5560.0,0.0,30.7,0.14,0.14,0.16,7.2,5.4,4.1,0.0,0.0,0.0,4520.0,1260.0,1100.0,0.3,0.3,0.3,30.6,30.6,30.6
2026-05-21 09:00:00,Situbondo,0.18,12.9,0.2,8300.0,0.2,30.8,0.16,0.14,0.14,10.4,7.2,5.4,0.2,0.0,0.0,5560.0,4520.0,1260.0,0.0,0.3,0.3,30.7,30.6,30.6
2026-05-21 10:00:00,Situbondo,0.2,14.5,0.1,11920.0,0.2,30.8,0.18,0.16,0.14,12.9,10.4,7.2,0.2,0.2,0.0,8300.0,5560.0,4520.0,0.2,0.0,0.3,30.8,30.7,30.6
2026-05-21 11:00:00,Situbondo,0.22,14.3,0.1,5000.0,0.2,30.9,0.2,0.18,0.16,14.5,12.9,10.4,0.1,0.2,0.2,11920.0,8300.0,5560.0,0.2,0.2,0.0,30.8,30.8,30.7
2026-05-21 12:00:00,Situbondo,0.22,12.1,1.5,3720.0,0.2,30.9,0.22,0.2,0.18,14.3,14.5,12.9,0.1,0.1,0.2,5000.0,11920.0,8300.0,0.2,0.2,0.2,30.9,30.8,30.8
2026-05-21 13:00:00,Situbondo,0.24,11.2,1.1,2960.0,0.0,31.0,0.22,0.22,0.2,12.1,14.3,14.5,1.5,0.1,0.1,3720.0,5000.0,11920.0,0.2,0.2,0.2,30.9,30.9,30.8
2026-05-21 14:00:00,Situbondo,0.24,6.2,1.2,4400.0,0.3,31.0,0.24,0.22,0.22,11.2,12.1,14.3,1.1,1.5,0.1,2960.0,3720.0,5000.0,0.0,0.2,0.2,31.0,30.9,30.9
2026-05-21 15:00:00,Situbondo,0.22,7.8,0.9,4200.0,0.4,31.0,0.24,0.24,0.22,6.2,11.2,12.1,1.2,1.1,1.5,4400.0,2960.0,3720.0,0.3,0.0,0.2,31.0,31.0,30.9
2026-05-21 16:00:00,Situbondo,0.22,7.6,0.3,12060.0,0.6,31.0,0.22,0.24,0.24,7.8,6.2,11.2,0.9,1.2,1.1,4200.0,4400.0,2960.0,0.4,0.3,0.0,31.0,31.0,31.0
2026-05-21 17:00:00,Situbondo,0.22,5.6,0.1,12000.0,0.6,30.9,0.22,0.22,0.24,7.6,7.8,6.2,0.3,0.9,1.2,12060.0,4200.0,4400.0,0.6,0.4,0.3,31.0,31.0,31.0
2026-05-21 18:00:00,Situbondo,0.2,5.4,0.0,13160.0,0.6,30.9,0.22,0.22,0.22,5.6,7.6,7.8,0.1,0.3,0.9,12000.0,12060.0,4200.0,0.6,0.6,0.4,30.9,31.0,31.0
2026-05-21 19:00:00,Situbondo,0.2,5.7,0.0,18140.0,0.5,30.9,0.2,0.22,0.22,5.4,5.6,7.6,0.0,0.1,0.3,13160.0,12000.0,12060.0,0.6,0.6,0.6,30.9,30.9,31.0
2026-05-21 20:00:00,Situbondo,0.2,4.3,0.0,20700.0,0.3,30.9,0.2,0.2,0.22,5.7,5.4,5.6,0.0,0.0,0.1,18140.0,13160.0,12000.0,0.5,0.6,0.6,30.9,30.9,30.9
2026-05-21 21:00:00,Situbondo,0.18,3.9,0.0,20060.0,0.0,30.8,0.2,0.2,0.2,4.3,5.7,5.4,0.0,0.0,0.0,20700.0,18140.0,13160.0,0.3,0.5,0.6,30.9,30.9,30.9
2026-05-21 22:00:00,Situbondo,0.18,3.6,0.0,17760.0,0.4,30.8,0.18,0.2,0.2,3.9,4.3,5.7,0.0,0.0,0.0,20060.0,20700.0,18140.0,0.0,0.3,0.5,30.8,30.9,30.9
2026-05-21 23:00:00,Situbondo,0.18,5.2,0.0,18180.0,0.4,30.8,0.18,0.18,0.2,3.6,3.9,4.3,0.0,0.0,0.0,17760.0,20060.0,20700.0,0.4,0.0,0.3,30.8,30.8,30.9
2026-05-22 00:00:00,Situbondo,0.18,4.8,0.0,6920.0,0.6,30.7,0.18,0.18,0.18,5.2,3.6,3.9,0.0,0.0,0.0,18180.0,17760.0,20060.0,0.4,0.4,0.0,30.8,30.8,30.8
2026-05-22 01:00:00,Situbondo,0.18,6.5,0.0,1380.0,0.4,30.7,0.18,0.18,0.18,4.8,5.2,3.6,0.0,0.0,0.0,6920.0,18180.0,17760.0,0.6,0.4,0.4,30.7,30.8,30.8
2026-05-22 02:00:00,Situbondo,0.18,3.4,0.0,1060.0,0.4,30.7,0.18,0.18,0.18,6.5,4.8,5.2,0.0,0.0,0.0,1380.0,6920.0,18180.0,0.4,0.6,0.4,30.7,30.7,30.8
2026-05-22 03:00:00,Situbondo,0.16,6.7,0.0,1120.0,0.2,30.6,0.18,0.18,0.18,3.4,6.5,4.8,0.0,0.0,0.0,1060.0,1380.0,6920.0,0.4,0.4,0.6,30.7,30.7,30.7
2026-05-22 04:00:00,Situbondo,0.16,3.0,0.0,1140.0,0.0,30.6,0.16,0.18,0.18,6.7,3.4,6.5,0.0,0.0,0.0,1120.0,1060.0,1380.0,0.2,0.4,0.4,30.6,30.7,30.7
2026-05-22 05:00:00,Situbondo,0.16,4.9,0.0,1420.0,0.3,30.6,0.16,0.16,0.18,3.0,6.7,3.4,0.0,0.0,0.0,1140.0,1120.0,1060.0,0.0,0.2,0.4,30.6,30.6,30.7
2026-05-22 06:00:00,Situbondo,0.16,6.1,0.0,1820.0,0.3,30.6,0.16,0.16,0.16,4.9,3.0,6.7,0.0,0.0,0.0,1420.0,1140.0,1120.0,0.3,0.0,0.2,30.6,30.6,30.6
2026-05-22 07:00:00,Situbondo,0.16,1.9,0.0,20260.0,0.3,30.6,0.16,0.16,0.16,6.1,4.9,3.0,0.0,0.0,0.0,1820.0,1420.0,1140.0,0.3,0.3,0.0,30.6,30.6,30.6
2026-05-22 08:00:00,Situbondo,0.16,1.9,0.0,23600.0,0.3,30.7,0.16,0.16,0.16,1.9,6.1,4.9,0.0,0.0,0.0,20260.0,1820.0,1420.0,0.3,0.3,0.3,30.6,30.6,30.6
2026-05-22 09:00:00,Situbondo,0.18,2.7,0.0,26220.0,0.3,30.8,0.16,0.16,0.16,1.9,1.9,6.1,0.0,0.0,0.0,23600.0,20260.0,1820.0,0.3,0.3,0.3,30.7,30.6,30.6
2026-05-22 10:00:00,Situbondo,0.18,3.3,0.0,22300.0,0.0,31.0,0.18,0.16,0.16,2.7,1.9,1.9,0.0,0.0,0.0,26220.0,23600.0,20260.0,0.3,0.3,0.3,30.8,30.7,30.6
2026-05-22 11:00:00,Situbondo,0.18,7.7,0.0,17500.0,0.0,31.0,0.18,0.18,0.16,3.3,2.7,1.9,0.0,0.0,0.0,22300.0,26220.0,23600.0,0.0,0.3,0.3,31.0,30.8,30.7
2026-05-22 12:00:00,Situbondo,0.18,8.4,0.0,26240.0,0.0,31.1,0.18,0.18,0.18,7.7,3.3,2.7,0.0,0.0,0.0,17500.0,22300.0,26220.0,0.0,0.0,0.3,31.0,31.0,30.8
2026-05-22 13:00:00,Situbondo,0.18,11.7,3.1,2060.0,0.0,31.2,0.18,0.18,0.18,8.4,7.7,3.3,0.0,0.0,0.0,26240.0,17500.0,22300.0,0.0,0.0,0.0,31.1,31.0,31.0
2026-05-22 14:00:00,Situbondo,0.2,10.1,5.5,1720.0,0.2,31.2,0.18,0.18,0.18,11.7,8.4,7.7,3.1,0.0,0.0,2060.0,26240.0,17500.0,0.0,0.0,0.0,31.2,31.1,31.0
2026-05-22 15:00:00,Situbondo,0.2,3.1,1.6,5720.0,0.4,31.1,0.2,0.18,0.18,10.1,11.7,8.4,5.5,3.1,0.0,1720.0,2060.0,26240.0,0.2,0.0,0.0,31.2,31.2,31.1
2026-05-22 16:00:00,Situbondo,0.22,3.8,0.2,10220.0,0.4,31.1,0.2,0.2,0.18,3.1,10.1,11.7,1.6,5.5,3.1,5720.0,1720.0,2060.0,0.4,0.2,0.0,31.1,31.2,31.2
2026-05-22 17:00:00,Situbondo,0.22,2.5,0.0,16300.0,0.6,31.0,0.22,0.2,0.2,3.8,3.1,10.1,0.2,1.6,5.5,10220.0,5720.0,1720.0,0.4,0.4,0.2,31.1,31.1,31.2
2026-05-22 18:00:00,Situbondo,0.2,4.0,0.0,16360.0,0.6,31.0,0.22,0.22,0.2,2.5,3.8,3.1,0.0,0.2,1.6,16300.0,10220.0,5720.0,0.6,0.4,0.4,31.0,31.1,31.1
2026-05-22 19:00:00,Situbondo,0.2,4.9,0.0,15060.0,0.6,30.9,0.2,0.22,0.22,4.0,2.5,3.8,0.0,0.0,0.2,16360.0,16300.0,10220.0,0.6,0.6,0.4,31.0,31.0,31.1
2026-05-22 20:00:00,Situbondo,0.2,6.5,0.0,17100.0,0.6,30.9,0.2,0.2,0.22,4.9,4.0,2.5,0.0,0.0,0.0,15060.0,16360.0,16300.0,0.6,0.6,0.6,30.9,31.0,31.0
2026-05-22 21:00:00,Situbondo,0.18,7.4,0.0,18260.0,0.4,30.8,0.2,0.2,0.2,6.5,4.9,4.0,0.0,0.0,0.0,17100.0,15060.0,16360.0,0.6,0.6,0.6,30.9,30.9,31.0
2026-05-22 22:00:00,Situbondo,0.18,6.2,0.0,18260.0,0.3,30.8,0.18,0.2,0.2,7.4,6.5,4.9,0.0,0.0,0.0,18260.0,17100.0,15060.0,0.4,0.6,0.6,30.8,30.9,30.9
2026-05-22 23:00:00,Situbondo,0.18,6.1,0.0,9740.0,0.2,30.8,0.18,0.18,0.2,6.2,7.4,6.5,0.0,0.0,0.0,18260.0,18260.0,17100.0,0.3,0.4,0.6,30.8,30.8,30.9
2026-05-23 00:00:00,Situbondo,0.18,4.0,0.0,7020.0,0.2,30.7,0.18,0.18,0.18,6.1,6.2,7.4,0.0,0.0,0.0,9740.0,18260.0,18260.0,0.2,0.3,0.4,30.8,30.8,30.8
2026-05-23 01:00:00,Situbondo,0.18,4.0,0.0,18160.0,0.4,30.7,0.18,0.18,0.18,4.0,6.1,6.2,0.0,0.0,0.0,7020.0,9740.0,18260.0,0.2,0.2,0.3,30.7,30.8,30.8
2026-05-23 02:00:00,Situbondo,0.18,3.6,0.0,18080.0,0.4,30.7,0.18,0.18,0.18,4.0,4.0,6.1,0.0,0.0,0.0,18160.0,7020.0,9740.0,0.4,0.2,0.2,30.7,30.7,30.8
2026-05-23 03:00:00,Situbondo,0.18,3.5,0.0,2640.0,0.2,30.6,0.18,0.18,0.18,3.6,4.0,4.0,0.0,0.0,0.0,18080.0,18160.0,7020.0,0.4,0.4,0.2,30.7,30.7,30.7
2026-05-23 04:00:00,Situbondo,0.18,3.8,0.0,1540.0,0.0,30.6,0.18,0.18,0.18,3.5,3.6,4.0,0.0,0.0,0.0,2640.0,18080.0,18160.0,0.2,0.4,0.4,30.6,30.7,30.7
2026-05-23 05:00:00,Situbondo,0.16,6.0,0.0,1380.0,0.0,30.6,0.18,0.18,0.18,3.8,3.5,3.6,0.0,0.0,0.0,1540.0,2640.0,18080.0,0.0,0.2,0.4,30.6,30.6,30.7
2026-05-23 06:00:00,Situbondo,0.16,6.8,0.0,1220.0,0.3,30.6,0.16,0.18,0.18,6.0,3.8,3.5,0.0,0.0,0.0,1380.0,1540.0,2640.0,0.0,0.0,0.2,30.6,30.6,30.6
2026-05-23 07:00:00,Situbondo,0.14,5.7,0.0,4460.0,0.4,30.6,0.16,0.16,0.18,6.8,6.0,3.8,0.0,0.0,0.0,1220.0,1380.0,1540.0,0.3,0.0,0.0,30.6,30.6,30.6
2026-05-23 08:00:00,Situbondo,0.14,5.5,0.0,26260.0,0.4,30.7,0.14,0.16,0.16,5.7,6.8,6.0,0.0,0.0,0.0,4460.0,1220.0,1380.0,0.4,0.3,0.0,30.6,30.6,30.6
2026-05-23 09:00:00,Situbondo,0.14,1.3,0.0,26260.0,0.6,30.8,0.14,0.14,0.16,5.5,5.7,6.8,0.0,0.0,0.0,26260.0,4460.0,1220.0,0.4,0.4,0.3,30.7,30.6,30.6
2026-05-23 10:00:00,Situbondo,0.14,5.4,0.0,16260.0,0.4,31.0,0.14,0.14,0.14,1.3,5.5,5.7,0.0,0.0,0.0,26260.0,26260.0,4460.0,0.6,0.4,0.4,30.8,30.7,30.6
2026-05-23 11:00:00,Situbondo,0.14,10.9,0.1,7020.0,0.4,31.0,0.14,0.14,0.14,5.4,1.3,5.5,0.0,0.0,0.0,16260.0,26260.0,26260.0,0.4,0.6,0.4,31.0,30.8,30.7
2026-05-23 12:00:00,Situbondo,0.14,14.6,0.5,8480.0,0.4,31.1,0.14,0.14,0.14,10.9,5.4,1.3,0.1,0.0,0.0,7020.0,16260.0,26260.0,0.4,0.4,0.6,31.0,31.0,30.8
2026-05-23 13:00:00,Situbondo,0.14,12.3,0.3,9540.0,0.4,31.2,0.14,0.14,0.14,14.6,10.9,5.4,0.5,0.1,0.0,8480.0,7020.0,16260.0,0.4,0.4,0.4,31.1,31.0,31.0
2026-05-23 14:00:00,Situbondo,0.14,13.4,1.2,3640.0,0.4,31.2,0.14,0.14,0.14,12.3,14.6,10.9,0.3,0.5,0.1,9540.0,8480.0,7020.0,0.4,0.4,0.4,31.2,31.1,31.0
2026-05-23 15:00:00,Situbondo,0.12,9.7,1.4,4660.0,0.4,31.1,0.14,0.14,0.14,13.4,12.3,14.6,1.2,0.3,0.5,3640.0,9540.0,8480.0,0.4,0.4,0.4,31.2,31.2,31.1
2026-05-23 16:00:00,Situbondo,0.12,7.1,0.5,8600.0,0.5,31.0,0.12,0.14,0.14,9.7,13.4,12.3,1.4,1.2,0.3,4660.0,3640.0,9540.0,0.4,0.4,0.4,31.1,31.2,31.2
2026-05-23 17:00:00,Situbondo,0.12,3.0,0.1,17960.0,0.6,31.0,0.12,0.12,0.14,7.1,9.7,13.4,0.5,1.4,1.2,8600.0,4660.0,3640.0,0.5,0.4,0.4,31.0,31.1,31.2
2026-05-23 18:00:00,Situbondo,0.12,3.1,0.0,20080.0,0.6,30.9,0.12,0.12,0.12,3.0,7.1,9.7,0.1,0.5,1.4,17960.0,8600.0,4660.0,0.6,0.5,0.4,31.0,31.0,31.1
2026-05-23 19:00:00,Situbondo,0.12,6.0,0.0,17020.0,0.8,30.9,0.12,0.12,0.12,3.1,3.0,7.1,0.0,0.1,0.5,20080.0,17960.0,8600.0,0.6,0.6,0.5,30.9,31.0,31.0
2026-05-23 20:00:00,Situbondo,0.12,6.0,0.0,16760.0,0.6,30.8,0.12,0.12,0.12,6.0,3.1,3.0,0.0,0.0,0.1,17020.0,20080.0,17960.0,0.8,0.6,0.6,30.9,30.9,31.0
2026-05-23 21:00:00,Situbondo,0.12,5.3,0.0,16480.0,0.6,30.8,0.12,0.12,0.12,6.0,6.0,3.1,0.0,0.0,0.0,16760.0,17020.0,20080.0,0.6,0.8,0.6,30.8,30.9,30.9
2026-05-23 22:00:00,Situbondo,0.12,4.6,0.0,16220.0,0.4,30.8,0.12,0.12,0.12,5.3,6.0,6.0,0.0,0.0,0.0,16480.0,16760.0,17020.0,0.6,0.6,0.8,30.8,30.8,30.9
2026-05-23 23:00:00,Situbondo,0.12,4.5,0.0,16720.0,0.3,30.8,0.12,0.12,0.12,4.6,5.3,6.0,0.0,0.0,0.0,16220.0,16480.0,16760.0,0.4,0.6,0.6,30.8,30.8,30.8
2026-05-24 00:00:00,Situbondo,0.1,4.4,0.0,17220.0,0.0,30.7,0.12,0.12,0.12,4.5,4.6,5.3,0.0,0.0,0.0,16720.0,16220.0,16480.0,0.3,0.4,0.6,30.8,30.8,30.8
2026-05-24 01:00:00,Situbondo,0.1,4.4,0.0,17720.0,0.2,30.7,0.1,0.12,0.12,4.4,4.5,4.6,0.0,0.0,0.0,17220.0,16720.0,16220.0,0.0,0.3,0.4,30.7,30.8,30.8
2026-05-24 02:00:00,Situbondo,0.1,4.0,0.0,17800.0,0.2,30.7,0.1,0.1,0.12,4.4,4.4,4.5,0.0,0.0,0.0,17720.0,17220.0,16720.0,0.2,0.0,0.3,30.7,30.7,30.8
2026-05-24 03:00:00,Situbondo,0.1,3.6,0.0,17880.0,0.2,30.6,0.1,0.1,0.1,4.0,4.4,4.4,0.0,0.0,0.0,17800.0,17720.0,17220.0,0.2,0.2,0.0,30.7,30.7,30.7
2026-05-24 04:00:00,Situbondo,0.1,3.7,0.0,17960.0,0.2,30.6,0.1,0.1,0.1,3.6,4.0,4.4,0.0,0.0,0.0,17880.0,17800.0,17720.0,0.2,0.2,0.2,30.6,30.7,30.7
2026-05-24 05:00:00,Situbondo,0.1,4.7,0.0,13980.0,0.0,30.6,0.1,0.1,0.1,3.7,3.6,4.0,0.0,0.0,0.0,17960.0,17880.0,17800.0,0.2,0.2,0.2,30.6,30.6,30.7
2026-05-24 06:00:00,Situbondo,0.1,6.2,0.0,10020.0,0.2,30.6,0.1,0.1,0.1,4.7,3.7,3.6,0.0,0.0,0.0,13980.0,17960.0,17880.0,0.0,0.2,0.2,30.6,30.6,30.6
2026-05-24 07:00:00,Situbondo,0.1,6.2,0.0,6040.0,0.3,30.6,0.1,0.1,0.1,6.2,4.7,3.7,0.0,0.0,0.0,10020.0,13980.0,17960.0,0.2,0.0,0.2,30.6,30.6,30.6
2026-05-24 08:00:00,Situbondo,0.1,3.3,0.0,12800.0,0.4,30.7,0.1,0.1,0.1,6.2,6.2,4.7,0.0,0.0,0.0,6040.0,10020.0,13980.0,0.3,0.2,0.0,30.6,30.6,30.6
2026-05-24 09:00:00,Situbondo,0.1,0.9,0.0,19540.0,0.6,30.8,0.1,0.1,0.1,3.3,6.2,6.2,0.0,0.0,0.0,12800.0,6040.0,10020.0,0.4,0.3,0.2,30.7,30.6,30.6
2026-05-24 10:00:00,Situbondo,0.1,4.2,0.0,26300.0,0.7,30.9,0.1,0.1,0.1,0.9,3.3,6.2,0.0,0.0,0.0,19540.0,12800.0,6040.0,0.6,0.4,0.3,30.8,30.7,30.6
2026-05-24 11:00:00,Situbondo,0.1,6.2,0.6,19700.0,0.7,31.0,0.1,0.1,0.1,4.2,0.9,3.3,0.0,0.0,0.0,26300.0,19540.0,12800.0,0.7,0.6,0.4,30.9,30.8,30.7
2026-05-24 12:00:00,Situbondo,0.1,7.5,0.6,13100.0,0.6,31.0,0.1,0.1,0.1,6.2,4.2,0.9,0.6,0.0,0.0,19700.0,26300.0,19540.0,0.7,0.7,0.6,31.0,30.9,30.8
2026-05-24 13:00:00,Situbondo,0.1,7.2,0.6,6500.0,0.6,31.1,0.1,0.1,0.1,7.5,6.2,4.2,0.6,0.6,0.0,13100.0,19700.0,26300.0,0.6,0.7,0.7,31.0,31.0,30.9
2026-05-24 14:00:00,Situbondo,0.1,4.0,0.9,6720.0,0.6,31.1,0.1,0.1,0.1,7.2,7.5,6.2,0.6,0.6,0.6,6500.0,13100.0,19700.0,0.6,0.6,0.7,31.1,31.0,31.0
2026-05-24 15:00:00,Situbondo,0.1,1.7,0.9,6920.0,0.4,31.0,0.1,0.1,0.1,4.0,7.2,7.5,0.9,0.6,0.6,6720.0,6500.0,13100.0,0.6,0.6,0.6,31.1,31.1,31.0
2026-05-24 16:00:00,Situbondo,0.1,4.7,0.9,7140.0,0.4,31.0,0.1,0.1,0.1,1.7,4.0,7.2,0.9,0.9,0.6,6920.0,6720.0,6500.0,0.4,0.6,0.6,31.0,31.1,31.1
2026-05-24 17:00:00,Situbondo,0.1,5.1,0.0,10160.0,0.4,31.0,0.1,0.1,0.1,4.7,1.7,4.0,0.9,0.9,0.9,7140.0,6920.0,6720.0,0.4,0.4,0.6,31.0,31.0,31.1
2026-05-24 18:00:00,Situbondo,0.08,4.1,0.0,13200.0,0.4,30.9,0.1,0.1,0.1,5.1,4.7,1.7,0.0,0.9,0.9,10160.0,7140.0,6920.0,0.4,0.4,0.4,31.0,31.0,31.0
2026-05-24 19:00:00,Situbondo,0.08,3.7,0.0,16220.0,0.6,30.9,0.08,0.1,0.1,4.1,5.1,4.7,0.0,0.0,0.9,13200.0,10160.0,7140.0,0.4,0.4,0.4,30.9,31.0,31.0
2026-05-24 20:00:00,Situbondo,0.08,4.2,0.0,15960.0,0.6,30.8,0.08,0.08,0.1,3.7,4.1,5.1,0.0,0.0,0.0,16220.0,13200.0,10160.0,0.6,0.4,0.4,30.9,30.9,31.0
2026-05-24 21:00:00,Situbondo,0.08,5.2,0.0,15720.0,0.6,30.8,0.08,0.08,0.08,4.2,3.7,4.1,0.0,0.0,0.0,15960.0,16220.0,13200.0,0.6,0.6,0.4,30.8,30.9,30.9
2026-05-24 22:00:00,Situbondo,0.08,5.8,0.0,15460.0,0.6,30.8,0.08,0.08,0.08,5.2,4.2,3.7,0.0,0.0,0.0,15720.0,15960.0,16220.0,0.6,0.6,0.6,30.8,30.8,30.9
2026-05-24 23:00:00,Situbondo,0.08,6.5,0.0,16420.0,0.4,30.8,0.08,0.08,0.08,5.8,5.2,4.2,0.0,0.0,0.0,15460.0,15720.0,15960.0,0.6,0.6,0.6,30.8,30.8,30.8
2026-05-25 00:00:00,Situbondo,0.08,7.4,0.0,17360.0,0.3,30.7,0.08,0.08,0.08,6.5,5.8,5.2,0.0,0.0,0.0,16420.0,15460.0,15720.0,0.4,0.6,0.6,30.8,30.8,30.8
2026-05-25 01:00:00,Situbondo,0.08,7.5,0.0,18320.0,0.0,30.7,0.08,0.08,0.08,7.4,6.5,5.8,0.0,0.0,0.0,17360.0,16420.0,15460.0,0.3,0.4,0.6,30.7,30.8,30.8
2026-05-25 02:00:00,Situbondo,0.08,5.5,0.2,15780.0,0.2,30.7,0.08,0.08,0.08,7.5,7.4,6.5,0.0,0.0,0.0,18320.0,17360.0,16420.0,0.0,0.3,0.4,30.7,30.7,30.8
2026-05-25 03:00:00,Situbondo,0.08,3.0,0.2,13240.0,0.2,30.6,0.08,0.08,0.08,5.5,7.5,7.4,0.2,0.0,0.0,15780.0,18320.0,17360.0,0.2,0.0,0.3,30.7,30.7,30.7
2026-05-25 04:00:00,Situbondo,0.08,2.7,0.2,10700.0,0.4,30.6,0.08,0.08,0.08,3.0,5.5,7.5,0.2,0.2,0.0,13240.0,15780.0,18320.0,0.2,0.2,0.0,30.6,30.7,30.7
2026-05-25 05:00:00,Situbondo,0.08,3.1,0.0,8580.0,0.2,30.6,0.08,0.08,0.08,2.7,3.0,5.5,0.2,0.2,0.2,10700.0,13240.0,15780.0,0.4,0.2,0.2,30.6,30.6,30.7
2026-05-25 06:00:00,Situbondo,0.08,4.8,0.0,6460.0,0.0,30.6,0.08,0.08,0.08,3.1,2.7,3.0,0.0,0.2,0.2,8580.0,10700.0,13240.0,0.2,0.4,0.2,30.6,30.6,30.6
2026-05-25 07:00:00,Situbondo,0.08,5.5,0.0,4340.0,0.2,30.6,0.08,0.08,0.08,4.8,3.1,2.7,0.0,0.0,0.2,6460.0,8580.0,10700.0,0.0,0.2,0.4,30.6,30.6,30.6
2026-05-25 08:00:00,Situbondo,0.08,3.2,0.0,10800.0,0.4,30.7,0.08,0.08,0.08,5.5,4.8,3.1,0.0,0.0,0.0,4340.0,6460.0,8580.0,0.2,0.0,0.2,30.6,30.6,30.6
2026-05-25 09:00:00,Situbondo,0.1,2.8,0.0,17240.0,0.6,30.8,0.08,0.08,0.08,3.2,5.5,4.8,0.0,0.0,0.0,10800.0,4340.0,6460.0,0.4,0.2,0.0,30.7,30.6,30.6
2026-05-25 10:00:00,Situbondo,0.1,5.6,0.0,23700.0,0.6,30.9,0.1,0.08,0.08,2.8,3.2,5.5,0.0,0.0,0.0,17240.0,10800.0,4340.0,0.6,0.4,0.2,30.8,30.7,30.6
2026-05-25 11:00:00,Situbondo,0.1,7.5,1.5,16800.0,0.6,31.0,0.1,0.1,0.08,5.6,2.8,3.2,0.0,0.0,0.0,23700.0,17240.0,10800.0,0.6,0.6,0.4,30.9,30.8,30.7
2026-05-25 12:00:00,Situbondo,0.08,9.2,1.5,9880.0,0.6,31.1,0.1,0.1,0.1,7.5,5.6,2.8,1.5,0.0,0.0,16800.0,23700.0,17240.0,0.6,0.6,0.6,31.0,30.9,30.8
2026-05-25 13:00:00,Situbondo,0.08,9.2,1.5,2980.0,0.5,31.1,0.08,0.1,0.1,9.2,7.5,5.6,1.5,1.5,0.0,9880.0,16800.0,23700.0,0.6,0.6,0.6,31.1,31.0,30.9
2026-05-25 14:00:00,Situbondo,0.08,6.0,0.9,4100.0,0.4,31.1,0.08,0.08,0.1,9.2,9.2,7.5,1.5,1.5,1.5,2980.0,9880.0,16800.0,0.5,0.6,0.6,31.1,31.1,31.0
2026-05-25 15:00:00,Situbondo,0.08,1.3,0.9,5200.0,0.3,31.1,0.08,0.08,0.08,6.0,9.2,9.2,0.9,1.5,1.5,4100.0,2980.0,9880.0,0.4,0.5,0.6,31.1,31.1,31.1
2026-05-25 16:00:00,Situbondo,0.08,2.8,0.9,6320.0,0.3,31.0,0.08,0.08,0.08,1.3,6.0,9.2,0.9,0.9,1.5,5200.0,4100.0,2980.0,0.3,0.4,0.5,31.1,31.1,31.1
2026-05-25 17:00:00,Situbondo,0.08,3.4,0.1,8960.0,0.3,31.0,0.08,0.08,0.08,2.8,1.3,6.0,0.9,0.9,0.9,6320.0,5200.0,4100.0,0.3,0.3,0.4,31.0,31.1,31.1
2026-05-25 18:00:00,Situbondo,0.1,2.6,0.1,11600.0,0.3,31.0,0.08,0.08,0.08,3.4,2.8,1.3,0.1,0.9,0.9,8960.0,6320.0,5200.0,0.3,0.3,0.3,31.0,31.0,31.1
2026-05-25 19:00:00,Situbondo,0.1,2.1,0.1,14240.0,0.3,30.9,0.1,0.08,0.08,2.6,3.4,2.8,0.1,0.1,0.9,11600.0,8960.0,6320.0,0.3,0.3,0.3,31.0,31.0,31.0
2026-05-25 20:00:00,Situbondo,0.12,2.8,0.0,11840.0,0.4,30.9,0.1,0.1,0.08,2.1,2.6,3.4,0.1,0.1,0.1,14240.0,11600.0,8960.0,0.3,0.3,0.3,30.9,31.0,31.0
2026-05-25 21:00:00,Situbondo,0.12,3.8,0.0,9440.0,0.6,30.8,0.12,0.1,0.1,2.8,2.1,2.6,0.0,0.1,0.1,11840.0,14240.0,11600.0,0.4,0.3,0.3,30.9,30.9,31.0
2026-05-25 22:00:00,Situbondo,0.14,4.7,0.0,7040.0,0.6,30.8,0.12,0.12,0.1,3.8,2.8,2.1,0.0,0.0,0.1,9440.0,11840.0,14240.0,0.6,0.4,0.3,30.8,30.9,30.9
2026-05-25 23:00:00,Situbondo,0.14,4.7,0.0,10760.0,0.6,30.8,0.14,0.12,0.12,4.7,3.8,2.8,0.0,0.0,0.0,7040.0,9440.0,11840.0,0.6,0.6,0.4,30.8,30.8,30.9
2026-05-26 00:00:00,Situbondo,0.14,4.4,0.0,14460.0,0.4,30.7,0.14,0.14,0.12,4.7,4.7,3.8,0.0,0.0,0.0,10760.0,7040.0,9440.0,0.6,0.6,0.6,30.8,30.8,30.8
2026-05-26 01:00:00,Situbondo,0.14,4.3,0.0,18180.0,0.2,30.7,0.14,0.14,0.14,4.4,4.7,4.7,0.0,0.0,0.0,14460.0,10760.0,7040.0,0.4,0.6,0.6,30.7,30.8,30.8
2026-05-26 02:00:00,Situbondo,0.14,5.8,0.0,8760.0,0.0,30.7,0.14,0.14,0.14,4.3,4.4,4.7,0.0,0.0,0.0,18180.0,14460.0,10760.0,0.2,0.4,0.6,30.7,30.7,30.8
2026-05-26 03:00:00,Situbondo,0.12,6.2,0.0,8880.0,0.2,30.6,0.14,0.14,0.14,5.8,4.3,4.4,0.0,0.0,0.0,8760.0,18180.0,14460.0,0.0,0.2,0.4,30.7,30.7,30.7
2026-05-26 04:00:00,Situbondo,0.12,6.8,0.0,9020.0,0.3,30.6,0.12,0.14,0.14,6.2,5.8,4.3,0.0,0.0,0.0,8880.0,8760.0,18180.0,0.2,0.0,0.2,30.6,30.7,30.7
2026-05-26 05:00:00,Situbondo,0.12,7.5,0.0,9160.0,0.3,30.6,0.12,0.12,0.14,6.8,6.2,5.8,0.0,0.0,0.0,9020.0,8880.0,8760.0,0.3,0.2,0.0,30.6,30.6,30.7
2026-05-26 06:00:00,Situbondo,0.1,7.7,0.0,9280.0,0.2,30.6,0.12,0.12,0.12,7.5,6.8,6.2,0.0,0.0,0.0,9160.0,9020.0,8880.0,0.3,0.3,0.2,30.6,30.6,30.6
2026-05-26 07:00:00,Situbondo,0.1,7.3,0.0,9420.0,0.0,30.6,0.1,0.12,0.12,7.7,7.5,6.8,0.0,0.0,0.0,9280.0,9160.0,9020.0,0.2,0.3,0.3,30.6,30.6,30.6
2026-05-26 08:00:00,Situbondo,0.1,5.8,0.3,8900.0,0.4,30.7,0.1,0.1,0.12,7.3,7.7,7.5,0.0,0.0,0.0,9420.0,9280.0,9160.0,0.0,0.2,0.3,30.6,30.6,30.6
2026-05-26 09:00:00,Situbondo,0.1,3.8,0.3,8380.0,0.6,30.8,0.1,0.1,0.1,5.8,7.3,7.7,0.3,0.0,0.0,8900.0,9420.0,9280.0,0.4,0.0,0.2,30.7,30.6,30.6
2026-05-26 10:00:00,Situbondo,0.1,4.0,0.3,7860.0,0.6,30.9,0.1,0.1,0.1,3.8,5.8,7.3,0.3,0.3,0.0,8380.0,8900.0,9420.0,0.6,0.4,0.0,30.8,30.7,30.6
2026-05-26 11:00:00,Situbondo,0.1,6.3,0.3,7320.0,0.6,31.0,0.1,0.1,0.1,4.0,3.8,5.8,0.3,0.3,0.3,7860.0,8380.0,8900.0,0.6,0.6,0.4,30.9,30.8,30.7
2026-05-26 12:00:00,Situbondo,0.12,8.7,0.3,6800.0,0.6,31.1,0.1,0.1,0.1,6.3,4.0,3.8,0.3,0.3,0.3,7320.0,7860.0,8380.0,0.6,0.6,0.6,31.0,30.9,30.8
2026-05-26 13:00:00,Situbondo,0.12,9.9,0.3,6280.0,0.4,31.1,0.12,0.1,0.1,8.7,6.3,4.0,0.3,0.3,0.3,6800.0,7320.0,7860.0,0.6,0.6,0.6,31.1,31.0,30.9
2026-05-26 14:00:00,Situbondo,0.14,9.6,0.5,8040.0,0.3,31.1,0.12,0.12,0.1,9.9,8.7,6.3,0.3,0.3,0.3,6280.0,6800.0,7320.0,0.4,0.6,0.6,31.1,31.1,31.0
2026-05-26 15:00:00,Situbondo,0.14,8.1,0.5,9800.0,0.3,31.1,0.14,0.12,0.12,9.6,9.9,8.7,0.5,0.3,0.3,8040.0,6280.0,6800.0,0.3,0.4,0.6,31.1,31.1,31.1
2026-05-26 16:00:00,Situbondo,0.16,6.1,0.5,11560.0,0.0,31.0,0.14,0.14,0.12,8.1,9.6,9.9,0.5,0.5,0.3,9800.0,8040.0,6280.0,0.3,0.3,0.4,31.1,31.1,31.1
2026-05-26 17:00:00,Situbondo,0.18,4.0,0.5,13300.0,0.2,31.0,0.16,0.14,0.14,6.1,8.1,9.6,0.5,0.5,0.5,11560.0,9800.0,8040.0,0.0,0.3,0.3,31.0,31.1,31.1
2026-05-26 18:00:00,Situbondo,0.2,2.9,0.5,15060.0,0.2,31.0,0.18,0.16,0.14,4.0,6.1,8.1,0.5,0.5,0.5,13300.0,11560.0,9800.0,0.2,0.0,0.3,31.0,31.0,31.1
2026-05-26 19:00:00,Situbondo,0.22,3.0,0.5,16820.0,0.0,30.9,0.2,0.18,0.16,2.9,4.0,6.1,0.5,0.5,0.5,15060.0,13300.0,11560.0,0.2,0.2,0.0,31.0,31.0,31.0
2026-05-26 20:00:00,Situbondo,0.22,3.4,0.0,17080.0,0.2,30.9,0.22,0.2,0.18,3.0,2.9,4.0,0.5,0.5,0.5,16820.0,15060.0,13300.0,0.0,0.2,0.2,30.9,31.0,31.0
2026-05-26 21:00:00,Situbondo,0.22,3.9,0.0,17340.0,0.4,30.9,0.22,0.22,0.2,3.4,3.0,2.9,0.0,0.5,0.5,17080.0,16820.0,15060.0,0.2,0.0,0.2,30.9,30.9,31.0
2026-05-26 22:00:00,Situbondo,0.22,4.4,0.0,17600.0,0.4,30.8,0.22,0.22,0.22,3.9,3.4,3.0,0.0,0.0,0.5,17340.0,17080.0,16820.0,0.4,0.2,0.0,30.9,30.9,30.9
2026-05-26 23:00:00,Situbondo,0.22,5.2,0.0,17860.0,0.4,30.8,0.22,0.22,0.22,4.4,3.9,3.4,0.0,0.0,0.0,17600.0,17340.0,17080.0,0.4,0.4,0.2,30.8,30.9,30.9
2026-05-20 03:00:00,Sumenep,0.04,2.5,0.0,17700.0,0.0,30.6,0.06,0.06,0.06,3.1,4.1,5.3,0.0,0.0,0.0,18220.0,18220.0,18220.0,0.0,0.0,0.2,30.6,30.6,30.6
2026-05-20 04:00:00,Sumenep,0.04,1.3,0.0,17800.0,0.0,30.5,0.04,0.06,0.06,2.5,3.1,4.1,0.0,0.0,0.0,17700.0,18220.0,18220.0,0.0,0.0,0.0,30.6,30.6,30.6
2026-05-20 05:00:00,Sumenep,0.04,1.8,0.0,18240.0,0.0,30.5,0.04,0.04,0.06,1.3,2.5,3.1,0.0,0.0,0.0,17800.0,17700.0,18220.0,0.0,0.0,0.0,30.5,30.6,30.6
2026-05-20 06:00:00,Sumenep,0.04,4.0,0.0,18240.0,0.0,30.5,0.04,0.04,0.04,1.8,1.3,2.5,0.0,0.0,0.0,18240.0,17800.0,17700.0,0.0,0.0,0.0,30.5,30.5,30.6
2026-05-20 07:00:00,Sumenep,0.04,6.2,0.0,23000.0,0.2,30.5,0.04,0.04,0.04,4.0,1.8,1.3,0.0,0.0,0.0,18240.0,18240.0,17800.0,0.0,0.0,0.0,30.5,30.5,30.5
2026-05-20 08:00:00,Sumenep,0.04,7.0,0.0,10500.0,0.2,30.6,0.04,0.04,0.04,6.2,4.0,1.8,0.0,0.0,0.0,23000.0,18240.0,18240.0,0.2,0.0,0.0,30.5,30.5,30.5
2026-05-20 09:00:00,Sumenep,0.04,6.2,0.2,6180.0,0.4,30.6,0.04,0.04,0.04,7.0,6.2,4.0,0.0,0.0,0.0,10500.0,23000.0,18240.0,0.2,0.2,0.0,30.6,30.5,30.5
2026-05-20 10:00:00,Sumenep,0.04,6.2,0.4,5140.0,0.4,30.7,0.04,0.04,0.04,6.2,7.0,6.2,0.2,0.0,0.0,6180.0,10500.0,23000.0,0.4,0.2,0.2,30.6,30.6,30.5
2026-05-20 11:00:00,Sumenep,0.04,7.2,0.9,4240.0,0.4,30.8,0.04,0.04,0.04,6.2,6.2,7.0,0.4,0.2,0.0,5140.0,6180.0,10500.0,0.4,0.4,0.2,30.7,30.6,30.6
2026-05-20 12:00:00,Sumenep,0.06,9.1,1.6,2920.0,0.4,30.9,0.04,0.04,0.04,7.2,6.2,6.2,0.9,0.4,0.2,4240.0,5140.0,6180.0,0.4,0.4,0.4,30.8,30.7,30.6
2026-05-20 13:00:00,Sumenep,0.06,12.3,0.9,4940.0,0.3,30.9,0.06,0.04,0.04,9.1,7.2,6.2,1.6,0.9,0.4,2920.0,4240.0,5140.0,0.4,0.4,0.4,30.9,30.8,30.7
2026-05-20 14:00:00,Sumenep,0.1,12.0,0.6,5020.0,0.3,30.9,0.06,0.06,0.04,12.3,9.1,7.2,0.9,1.6,0.9,4940.0,2920.0,4240.0,0.3,0.4,0.4,30.9,30.9,30.8
2026-05-20 15:00:00,Sumenep,0.14,12.2,0.9,6000.0,0.2,30.9,0.1,0.06,0.06,12.0,12.3,9.1,0.6,0.9,1.6,5020.0,4940.0,2920.0,0.3,0.3,0.4,30.9,30.9,30.9
2026-05-20 16:00:00,Sumenep,0.18,11.3,0.2,12540.0,0.2,30.9,0.14,0.1,0.06,12.2,12.0,12.3,0.9,0.6,0.9,6000.0,5020.0,4940.0,0.2,0.3,0.3,30.9,30.9,30.9
2026-05-20 17:00:00,Sumenep,0.18,7.4,0.0,19340.0,0.2,30.9,0.18,0.14,0.1,11.3,12.2,12.0,0.2,0.9,0.6,12540.0,6000.0,5020.0,0.2,0.2,0.3,30.9,30.9,30.9
2026-05-20 18:00:00,Sumenep,0.2,5.7,0.0,22460.0,0.2,30.9,0.18,0.18,0.14,7.4,11.3,12.2,0.0,0.2,0.9,19340.0,12540.0,6000.0,0.2,0.2,0.2,30.9,30.9,30.9
2026-05-20 19:00:00,Sumenep,0.2,5.6,0.0,19920.0,0.3,30.9,0.2,0.18,0.18,5.7,7.4,11.3,0.0,0.0,0.2,22460.0,19340.0,12540.0,0.2,0.2,0.2,30.9,30.9,30.9
2026-05-20 20:00:00,Sumenep,0.2,5.1,0.0,19380.0,0.3,30.9,0.2,0.2,0.18,5.6,5.7,7.4,0.0,0.0,0.0,19920.0,22460.0,19340.0,0.3,0.2,0.2,30.9,30.9,30.9
2026-05-20 21:00:00,Sumenep,0.18,4.3,0.0,19640.0,0.4,30.8,0.2,0.2,0.2,5.1,5.6,5.7,0.0,0.0,0.0,19380.0,19920.0,22460.0,0.3,0.3,0.2,30.9,30.9,30.9
2026-05-20 22:00:00,Sumenep,0.18,4.1,0.0,20380.0,0.4,30.8,0.18,0.2,0.2,4.3,5.1,5.6,0.0,0.0,0.0,19640.0,19380.0,19920.0,0.4,0.3,0.3,30.8,30.9,30.9
2026-05-20 23:00:00,Sumenep,0.18,3.0,0.0,20280.0,0.4,30.8,0.18,0.18,0.2,4.1,4.3,5.1,0.0,0.0,0.0,20380.0,19640.0,19380.0,0.4,0.4,0.3,30.8,30.8,30.9
2026-05-21 00:00:00,Sumenep,0.18,2.6,0.0,20460.0,0.4,30.7,0.18,0.18,0.18,3.0,4.1,4.3,0.0,0.0,0.0,20280.0,20380.0,19640.0,0.4,0.4,0.4,30.8,30.8,30.8
2026-05-21 01:00:00,Sumenep,0.18,3.1,0.0,20640.0,0.2,30.7,0.18,0.18,0.18,2.6,3.0,4.1,0.0,0.0,0.0,20460.0,20280.0,20380.0,0.4,0.4,0.4,30.7,30.8,30.8
2026-05-21 02:00:00,Sumenep,0.18,4.2,0.0,18260.0,0.2,30.6,0.18,0.18,0.18,3.1,2.6,3.0,0.0,0.0,0.0,20640.0,20460.0,20280.0,0.2,0.4,0.4,30.7,30.7,30.8
2026-05-21 03:00:00,Sumenep,0.16,3.1,0.0,18160.0,0.2,30.6,0.18,0.18,0.18,4.2,3.1,2.6,0.0,0.0,0.0,18260.0,20640.0,20460.0,0.2,0.2,0.4,30.6,30.7,30.7
2026-05-21 04:00:00,Sumenep,0.16,2.9,0.0,17860.0,0.0,30.6,0.16,0.18,0.18,3.1,4.2,3.1,0.0,0.0,0.0,18160.0,18260.0,20640.0,0.2,0.2,0.2,30.6,30.6,30.7
2026-05-21 05:00:00,Sumenep,0.16,2.4,0.0,18180.0,0.0,30.6,0.16,0.16,0.18,2.9,3.1,4.2,0.0,0.0,0.0,17860.0,18160.0,18260.0,0.0,0.2,0.2,30.6,30.6,30.6
2026-05-21 06:00:00,Sumenep,0.14,4.6,0.0,17700.0,0.0,30.6,0.16,0.16,0.16,2.4,2.9,3.1,0.0,0.0,0.0,18180.0,17860.0,18160.0,0.0,0.0,0.2,30.6,30.6,30.6
2026-05-21 07:00:00,Sumenep,0.14,5.8,0.0,21460.0,0.2,30.6,0.14,0.16,0.16,4.6,2.4,2.9,0.0,0.0,0.0,17700.0,18180.0,17860.0,0.0,0.0,0.0,30.6,30.6,30.6
2026-05-21 08:00:00,Sumenep,0.14,10.5,0.1,8940.0,0.2,30.6,0.14,0.14,0.16,5.8,4.6,2.4,0.0,0.0,0.0,21460.0,17700.0,18180.0,0.2,0.0,0.0,30.6,30.6,30.6
2026-05-21 09:00:00,Sumenep,0.14,10.4,0.1,7600.0,0.4,30.7,0.14,0.14,0.14,10.5,5.8,4.6,0.1,0.0,0.0,8940.0,21460.0,17700.0,0.2,0.2,0.0,30.6,30.6,30.6
2026-05-21 10:00:00,Sumenep,0.14,8.8,0.1,8260.0,0.4,30.8,0.14,0.14,0.14,10.4,10.5,5.8,0.1,0.1,0.0,7600.0,8940.0,21460.0,0.4,0.2,0.2,30.7,30.6,30.6
2026-05-21 11:00:00,Sumenep,0.16,9.3,0.1,8480.0,0.4,30.9,0.14,0.14,0.14,8.8,10.4,10.5,0.1,0.1,0.1,8260.0,7600.0,8940.0,0.4,0.4,0.2,30.8,30.7,30.6
2026-05-21 12:00:00,Sumenep,0.16,9.9,0.1,10600.0,0.4,31.0,0.16,0.14,0.14,9.3,8.8,10.4,0.1,0.1,0.1,8480.0,8260.0,7600.0,0.4,0.4,0.4,30.9,30.8,30.7
2026-05-21 13:00:00,Sumenep,0.18,9.0,1.1,2260.0,0.4,31.0,0.16,0.16,0.14,9.9,9.3,8.8,0.1,0.1,0.1,10600.0,8480.0,8260.0,0.4,0.4,0.4,31.0,30.9,30.8
2026-05-21 14:00:00,Sumenep,0.18,6.7,1.7,3360.0,0.3,31.0,0.18,0.16,0.16,9.0,9.9,9.3,1.1,0.1,0.1,2260.0,10600.0,8480.0,0.4,0.4,0.4,31.0,31.0,30.9
2026-05-21 15:00:00,Sumenep,0.16,4.8,2.3,4080.0,0.3,31.0,0.18,0.18,0.16,6.7,9.0,9.9,1.7,1.1,0.1,3360.0,2260.0,10600.0,0.3,0.4,0.4,31.0,31.0,31.0
2026-05-21 16:00:00,Sumenep,0.16,4.2,0.3,9720.0,0.3,31.0,0.16,0.18,0.18,4.8,6.7,9.0,2.3,1.7,1.1,4080.0,3360.0,2260.0,0.3,0.3,0.4,31.0,31.0,31.0
2026-05-21 17:00:00,Sumenep,0.16,4.1,0.0,20200.0,0.2,31.0,0.16,0.16,0.18,4.2,4.8,6.7,0.3,2.3,1.7,9720.0,4080.0,3360.0,0.3,0.3,0.3,31.0,31.0,31.0
2026-05-21 18:00:00,Sumenep,0.14,3.4,0.0,18920.0,0.2,31.0,0.16,0.16,0.16,4.1,4.2,4.8,0.0,0.3,2.3,20200.0,9720.0,4080.0,0.2,0.3,0.3,31.0,31.0,31.0
2026-05-21 19:00:00,Sumenep,0.14,4.6,0.0,17140.0,0.3,31.0,0.14,0.16,0.16,3.4,4.1,4.2,0.0,0.0,0.3,18920.0,20200.0,9720.0,0.2,0.2,0.3,31.0,31.0,31.0
2026-05-21 20:00:00,Sumenep,0.14,4.7,0.0,17540.0,0.3,31.0,0.14,0.14,0.16,4.6,3.4,4.1,0.0,0.0,0.0,17140.0,18920.0,20200.0,0.3,0.2,0.2,31.0,31.0,31.0
2026-05-21 21:00:00,Sumenep,0.12,2.4,0.0,11280.0,0.2,30.9,0.14,0.14,0.14,4.7,4.6,3.4,0.0,0.0,0.0,17540.0,17140.0,18920.0,0.3,0.3,0.2,31.0,31.0,31.0
2026-05-21 22:00:00,Sumenep,0.12,4.9,0.0,11180.0,0.4,30.9,0.12,0.14,0.14,2.4,4.7,4.6,0.0,0.0,0.0,11280.0,17540.0,17140.0,0.2,0.3,0.3,30.9,31.0,31.0
2026-05-21 23:00:00,Sumenep,0.12,3.6,0.3,6940.0,0.4,30.9,0.12,0.12,0.14,4.9,2.4,4.7,0.0,0.0,0.0,11180.0,11280.0,17540.0,0.4,0.2,0.3,30.9,30.9,31.0
2026-05-22 00:00:00,Sumenep,0.12,2.5,0.1,10140.0,0.3,30.8,0.12,0.12,0.12,3.6,4.9,2.4,0.3,0.0,0.0,6940.0,11180.0,11280.0,0.4,0.4,0.2,30.9,30.9,30.9
2026-05-22 01:00:00,Sumenep,0.12,5.9,0.0,9620.0,0.3,30.8,0.12,0.12,0.12,2.5,3.6,4.9,0.1,0.3,0.0,10140.0,6940.0,11180.0,0.3,0.4,0.4,30.8,30.9,30.9
2026-05-22 02:00:00,Sumenep,0.14,6.5,0.0,10300.0,0.3,30.8,0.12,0.12,0.12,5.9,2.5,3.6,0.0,0.1,0.3,9620.0,10140.0,6940.0,0.3,0.3,0.4,30.8,30.8,30.9
2026-05-22 03:00:00,Sumenep,0.16,4.8,0.0,14280.0,0.2,30.8,0.14,0.12,0.12,6.5,5.9,2.5,0.0,0.0,0.1,10300.0,9620.0,10140.0,0.3,0.3,0.3,30.8,30.8,30.8
2026-05-22 04:00:00,Sumenep,0.18,4.4,0.0,12300.0,0.2,30.7,0.16,0.14,0.12,4.8,6.5,5.9,0.0,0.0,0.0,14280.0,10300.0,9620.0,0.2,0.3,0.3,30.8,30.8,30.8
2026-05-22 05:00:00,Sumenep,0.2,6.0,0.0,7340.0,0.0,30.7,0.18,0.16,0.14,4.4,4.8,6.5,0.0,0.0,0.0,12300.0,14280.0,10300.0,0.2,0.2,0.3,30.7,30.8,30.8
2026-05-22 06:00:00,Sumenep,0.2,8.9,0.1,8180.0,0.0,30.7,0.2,0.18,0.16,6.0,4.4,4.8,0.0,0.0,0.0,7340.0,12300.0,14280.0,0.0,0.2,0.2,30.7,30.7,30.8
2026-05-22 07:00:00,Sumenep,0.22,11.4,0.1,8820.0,0.0,30.7,0.2,0.2,0.18,8.9,6.0,4.4,0.1,0.0,0.0,8180.0,7340.0,12300.0,0.0,0.0,0.2,30.7,30.7,30.7
2026-05-22 08:00:00,Sumenep,0.22,10.8,0.1,9480.0,0.2,30.8,0.22,0.2,0.2,11.4,8.9,6.0,0.1,0.1,0.0,8820.0,8180.0,7340.0,0.0,0.0,0.0,30.7,30.7,30.7
2026-05-22 09:00:00,Sumenep,0.2,13.1,1.4,2420.0,0.2,30.8,0.22,0.22,0.2,10.8,11.4,8.9,0.1,0.1,0.1,9480.0,8820.0,8180.0,0.2,0.0,0.0,30.8,30.7,30.7
2026-05-22 10:00:00,Sumenep,0.2,11.0,0.9,4960.0,0.2,30.9,0.2,0.22,0.22,13.1,10.8,11.4,1.4,0.1,0.1,2420.0,9480.0,8820.0,0.2,0.2,0.0,30.8,30.8,30.7
2026-05-22 11:00:00,Sumenep,0.2,14.0,0.8,4580.0,0.4,31.0,0.2,0.2,0.22,11.0,13.1,10.8,0.9,1.4,0.1,4960.0,2420.0,9480.0,0.2,0.2,0.2,30.9,30.8,30.8
2026-05-22 12:00:00,Sumenep,0.22,10.1,0.3,5020.0,0.4,31.0,0.2,0.2,0.2,14.0,11.0,13.1,0.8,0.9,1.4,4580.0,4960.0,2420.0,0.4,0.2,0.2,31.0,30.9,30.8
2026-05-22 13:00:00,Sumenep,0.22,9.7,0.5,4640.0,0.4,31.1,0.22,0.2,0.2,10.1,14.0,11.0,0.3,0.8,0.9,5020.0,4580.0,4960.0,0.4,0.4,0.2,31.0,31.0,30.9
2026-05-22 14:00:00,Sumenep,0.22,10.2,2.0,3740.0,0.4,31.1,0.22,0.22,0.2,9.7,10.1,14.0,0.5,0.3,0.8,4640.0,5020.0,4580.0,0.4,0.4,0.4,31.1,31.0,31.0
2026-05-22 15:00:00,Sumenep,0.24,11.1,0.8,4900.0,0.2,31.1,0.22,0.22,0.22,10.2,9.7,10.1,2.0,0.5,0.3,3740.0,4640.0,5020.0,0.4,0.4,0.4,31.1,31.1,31.0
2026-05-22 16:00:00,Sumenep,0.24,12.8,0.3,10300.0,0.3,31.1,0.24,0.22,0.22,11.1,10.2,9.7,0.8,2.0,0.5,4900.0,3740.0,4640.0,0.2,0.4,0.4,31.1,31.1,31.1
2026-05-22 17:00:00,Sumenep,0.24,10.2,0.0,16820.0,0.3,31.0,0.24,0.24,0.22,12.8,11.1,10.2,0.3,0.8,2.0,10300.0,4900.0,3740.0,0.3,0.2,0.4,31.1,31.1,31.1
2026-05-22 18:00:00,Sumenep,0.22,7.0,0.0,15500.0,0.2,31.0,0.24,0.24,0.24,10.2,12.8,11.1,0.0,0.3,0.8,16820.0,10300.0,4900.0,0.3,0.3,0.2,31.0,31.1,31.1
2026-05-22 19:00:00,Sumenep,0.22,6.8,0.0,11180.0,0.2,31.0,0.22,0.24,0.24,7.0,10.2,12.8,0.0,0.0,0.3,15500.0,16820.0,10300.0,0.2,0.3,0.3,31.0,31.0,31.1
2026-05-22 20:00:00,Sumenep,0.22,6.2,0.1,7780.0,0.2,31.0,0.22,0.22,0.24,6.8,7.0,10.2,0.0,0.0,0.0,11180.0,15500.0,16820.0,0.2,0.2,0.3,31.0,31.0,31.0
2026-05-22 21:00:00,Sumenep,0.2,5.5,0.1,12580.0,0.2,31.0,0.22,0.22,0.22,6.2,6.8,7.0,0.1,0.0,0.0,7780.0,11180.0,15500.0,0.2,0.2,0.2,31.0,31.0,31.0
2026-05-22 22:00:00,Sumenep,0.2,5.6,0.0,18160.0,0.2,31.0,0.2,0.22,0.22,5.5,6.2,6.8,0.1,0.1,0.0,12580.0,7780.0,11180.0,0.2,0.2,0.2,31.0,31.0,31.0
2026-05-22 23:00:00,Sumenep,0.2,7.5,0.3,2540.0,0.2,30.9,0.2,0.2,0.22,5.6,5.5,6.2,0.0,0.1,0.1,18160.0,12580.0,7780.0,0.2,0.2,0.2,31.0,31.0,31.0
2026-05-23 00:00:00,Sumenep,0.2,2.8,0.6,7660.0,0.2,30.9,0.2,0.2,0.2,7.5,5.6,5.5,0.3,0.0,0.1,2540.0,18160.0,12580.0,0.2,0.2,0.2,30.9,31.0,31.0
2026-05-23 01:00:00,Sumenep,0.2,2.9,0.0,13100.0,0.2,30.9,0.2,0.2,0.2,2.8,7.5,5.6,0.6,0.3,0.0,7660.0,2540.0,18160.0,0.2,0.2,0.2,30.9,30.9,31.0
2026-05-23 02:00:00,Sumenep,0.2,2.6,0.0,13760.0,0.2,30.8,0.2,0.2,0.2,2.9,2.8,7.5,0.0,0.6,0.3,13100.0,7660.0,2540.0,0.2,0.2,0.2,30.9,30.9,30.9
2026-05-23 03:00:00,Sumenep,0.18,2.1,0.0,13380.0,0.2,30.8,0.2,0.2,0.2,2.6,2.9,2.8,0.0,0.0,0.6,13760.0,13100.0,7660.0,0.2,0.2,0.2,30.8,30.9,30.9
2026-05-23 04:00:00,Sumenep,0.18,2.0,0.0,14080.0,0.2,30.8,0.18,0.2,0.2,2.1,2.6,2.9,0.0,0.0,0.0,13380.0,13760.0,13100.0,0.2,0.2,0.2,30.8,30.8,30.9
2026-05-23 05:00:00,Sumenep,0.16,2.3,0.0,12500.0,0.0,30.8,0.18,0.18,0.2,2.0,2.1,2.6,0.0,0.0,0.0,14080.0,13380.0,13760.0,0.2,0.2,0.2,30.8,30.8,30.8
2026-05-23 06:00:00,Sumenep,0.16,6.3,0.0,11120.0,0.0,30.8,0.16,0.18,0.18,2.3,2.0,2.1,0.0,0.0,0.0,12500.0,14080.0,13380.0,0.0,0.2,0.2,30.8,30.8,30.8
2026-05-23 07:00:00,Sumenep,0.14,9.0,0.0,11220.0,0.0,30.8,0.16,0.16,0.18,6.3,2.3,2.0,0.0,0.0,0.0,11120.0,12500.0,14080.0,0.0,0.0,0.2,30.8,30.8,30.8
2026-05-23 08:00:00,Sumenep,0.14,10.4,0.0,13460.0,0.0,30.8,0.14,0.16,0.16,9.0,6.3,2.3,0.0,0.0,0.0,11220.0,11120.0,12500.0,0.0,0.0,0.0,30.8,30.8,30.8
2026-05-23 09:00:00,Sumenep,0.12,11.9,0.0,11360.0,0.0,30.9,0.14,0.14,0.16,10.4,9.0,6.3,0.0,0.0,0.0,13460.0,11220.0,11120.0,0.0,0.0,0.0,30.8,30.8,30.8
2026-05-23 10:00:00,Sumenep,0.12,12.7,0.2,5340.0,0.0,31.0,0.12,0.14,0.14,11.9,10.4,9.0,0.0,0.0,0.0,11360.0,13460.0,11220.0,0.0,0.0,0.0,30.9,30.8,30.8
2026-05-23 11:00:00,Sumenep,0.12,11.8,0.5,4960.0,0.2,31.1,0.12,0.12,0.14,12.7,11.9,10.4,0.2,0.0,0.0,5340.0,11360.0,13460.0,0.0,0.0,0.0,31.0,30.9,30.8
2026-05-23 12:00:00,Sumenep,0.1,10.1,1.3,3380.0,0.3,31.2,0.12,0.12,0.12,11.8,12.7,11.9,0.5,0.2,0.0,4960.0,5340.0,11360.0,0.2,0.0,0.0,31.1,31.0,30.9
2026-05-23 13:00:00,Sumenep,0.1,8.0,0.7,4440.0,0.4,31.3,0.1,0.12,0.12,10.1,11.8,12.7,1.3,0.5,0.2,3380.0,4960.0,5340.0,0.3,0.2,0.0,31.2,31.1,31.0
2026-05-23 14:00:00,Sumenep,0.1,8.3,0.8,4300.0,0.4,31.3,0.1,0.1,0.12,8.0,10.1,11.8,0.7,1.3,0.5,4440.0,3380.0,4960.0,0.4,0.3,0.2,31.3,31.2,31.1
2026-05-23 15:00:00,Sumenep,0.1,8.2,0.9,4160.0,0.4,31.2,0.1,0.1,0.1,8.3,8.0,10.1,0.8,0.7,1.3,4300.0,4440.0,3380.0,0.4,0.4,0.3,31.3,31.3,31.2
2026-05-23 16:00:00,Sumenep,0.1,9.4,1.1,3940.0,0.3,31.2,0.1,0.1,0.1,8.2,8.3,8.0,0.9,0.8,0.7,4160.0,4300.0,4440.0,0.4,0.4,0.4,31.2,31.3,31.3
2026-05-23 17:00:00,Sumenep,0.1,2.2,0.7,10180.0,0.3,31.1,0.1,0.1,0.1,9.4,8.2,8.3,1.1,0.9,0.8,3940.0,4160.0,4300.0,0.3,0.4,0.4,31.2,31.2,31.3
2026-05-23 18:00:00,Sumenep,0.08,2.4,0.0,12480.0,0.2,31.1,0.1,0.1,0.1,2.2,9.4,8.2,0.7,1.1,0.9,10180.0,3940.0,4160.0,0.3,0.3,0.4,31.1,31.2,31.2
2026-05-23 19:00:00,Sumenep,0.08,3.5,0.0,14360.0,0.2,31.0,0.08,0.1,0.1,2.4,2.2,9.4,0.0,0.7,1.1,12480.0,10180.0,3940.0,0.2,0.3,0.3,31.1,31.1,31.2
2026-05-23 20:00:00,Sumenep,0.1,3.6,0.0,13740.0,0.0,31.0,0.08,0.08,0.1,3.5,2.4,2.2,0.0,0.0,0.7,14360.0,12480.0,10180.0,0.2,0.2,0.3,31.0,31.1,31.1
2026-05-23 21:00:00,Sumenep,0.1,4.7,0.0,13100.0,0.0,31.0,0.1,0.08,0.08,3.6,3.5,2.4,0.0,0.0,0.0,13740.0,14360.0,12480.0,0.0,0.2,0.2,31.0,31.0,31.1
2026-05-23 22:00:00,Sumenep,0.12,5.1,0.0,12480.0,0.2,31.0,0.1,0.1,0.08,4.7,3.6,3.5,0.0,0.0,0.0,13100.0,13740.0,14360.0,0.0,0.0,0.2,31.0,31.0,31.0
2026-05-23 23:00:00,Sumenep,0.14,4.1,0.0,13400.0,0.2,31.0,0.12,0.1,0.1,5.1,4.7,3.6,0.0,0.0,0.0,12480.0,13100.0,13740.0,0.2,0.0,0.0,31.0,31.0,31.0
2026-05-24 00:00:00,Sumenep,0.14,3.1,0.0,14320.0,0.2,31.0,0.14,0.12,0.1,4.1,5.1,4.7,0.0,0.0,0.0,13400.0,12480.0,13100.0,0.2,0.2,0.0,31.0,31.0,31.0
2026-05-24 01:00:00,Sumenep,0.16,3.6,0.0,15240.0,0.4,31.0,0.14,0.14,0.12,3.1,4.1,5.1,0.0,0.0,0.0,14320.0,13400.0,12480.0,0.2,0.2,0.2,31.0,31.0,31.0
2026-05-24 02:00:00,Sumenep,0.16,4.5,0.1,12900.0,0.4,30.9,0.16,0.14,0.14,3.6,3.1,4.1,0.0,0.0,0.0,15240.0,14320.0,13400.0,0.4,0.2,0.2,31.0,31.0,31.0
2026-05-24 03:00:00,Sumenep,0.18,5.4,0.1,10560.0,0.3,30.9,0.16,0.16,0.14,4.5,3.6,3.1,0.1,0.0,0.0,12900.0,15240.0,14320.0,0.4,0.4,0.2,30.9,31.0,31.0
2026-05-24 04:00:00,Sumenep,0.18,5.6,0.1,8220.0,0.2,30.9,0.18,0.16,0.16,5.4,4.5,3.6,0.1,0.1,0.0,10560.0,12900.0,15240.0,0.3,0.4,0.4,30.9,30.9,31.0
2026-05-24 05:00:00,Sumenep,0.16,4.0,0.0,11060.0,0.2,30.8,0.18,0.18,0.16,5.6,5.4,4.5,0.1,0.1,0.1,8220.0,10560.0,12900.0,0.2,0.3,0.4,30.9,30.9,30.9
2026-05-24 06:00:00,Sumenep,0.16,1.5,0.0,13920.0,0.2,30.8,0.16,0.18,0.18,4.0,5.6,5.4,0.0,0.1,0.1,11060.0,8220.0,10560.0,0.2,0.2,0.3,30.8,30.9,30.9
2026-05-24 07:00:00,Sumenep,0.14,0.0,0.0,16760.0,0.0,30.8,0.16,0.16,0.18,1.5,4.0,5.6,0.0,0.0,0.1,13920.0,11060.0,8220.0,0.2,0.2,0.2,30.8,30.8,30.9
2026-05-24 08:00:00,Sumenep,0.14,3.0,0.1,12760.0,0.2,30.9,0.14,0.16,0.16,0.0,1.5,4.0,0.0,0.0,0.0,16760.0,13920.0,11060.0,0.0,0.2,0.2,30.8,30.8,30.8
2026-05-24 09:00:00,Sumenep,0.12,7.5,0.1,8740.0,0.2,31.0,0.14,0.14,0.16,3.0,0.0,1.5,0.1,0.0,0.0,12760.0,16760.0,13920.0,0.2,0.0,0.2,30.9,30.8,30.8
2026-05-24 10:00:00,Sumenep,0.12,10.4,0.1,4740.0,0.2,31.1,0.12,0.14,0.14,7.5,3.0,0.0,0.1,0.1,0.0,8740.0,12760.0,16760.0,0.2,0.2,0.0,31.0,30.9,30.8
2026-05-24 11:00:00,Sumenep,0.12,10.0,0.9,4260.0,0.0,31.2,0.12,0.12,0.14,10.4,7.5,3.0,0.1,0.1,0.1,4740.0,8740.0,12760.0,0.2,0.2,0.2,31.1,31.0,30.9
2026-05-24 12:00:00,Sumenep,0.12,8.6,0.9,3800.0,0.0,31.3,0.12,0.12,0.12,10.0,10.4,7.5,0.9,0.1,0.1,4260.0,4740.0,8740.0,0.0,0.2,0.2,31.2,31.1,31.0
2026-05-24 13:00:00,Sumenep,0.12,7.9,0.9,3320.0,0.2,31.4,0.12,0.12,0.12,8.6,10.0,10.4,0.9,0.9,0.1,3800.0,4260.0,4740.0,0.0,0.0,0.2,31.3,31.2,31.1
2026-05-24 14:00:00,Sumenep,0.12,7.1,0.3,5300.0,0.3,31.4,0.12,0.12,0.12,7.9,8.6,10.0,0.9,0.9,0.9,3320.0,3800.0,4260.0,0.2,0.0,0.0,31.4,31.3,31.2
2026-05-24 15:00:00,Sumenep,0.12,6.3,0.3,7280.0,0.3,31.4,0.12,0.12,0.12,7.1,7.9,8.6,0.3,0.9,0.9,5300.0,3320.0,3800.0,0.3,0.2,0.0,31.4,31.4,31.3
2026-05-24 16:00:00,Sumenep,0.12,5.3,0.3,9260.0,0.3,31.3,0.12,0.12,0.12,6.3,7.1,7.9,0.3,0.3,0.9,7280.0,5300.0,3320.0,0.3,0.3,0.2,31.4,31.4,31.4
2026-05-24 17:00:00,Sumenep,0.12,5.2,0.3,7820.0,0.2,31.2,0.12,0.12,0.12,5.3,6.3,7.1,0.3,0.3,0.3,9260.0,7280.0,5300.0,0.3,0.3,0.3,31.3,31.4,31.4
2026-05-24 18:00:00,Sumenep,0.1,6.3,0.3,6360.0,0.0,31.2,0.12,0.12,0.12,5.2,5.3,6.3,0.3,0.3,0.3,7820.0,9260.0,7280.0,0.2,0.3,0.3,31.2,31.3,31.4
2026-05-24 19:00:00,Sumenep,0.1,6.7,0.3,4920.0,0.0,31.1,0.1,0.12,0.12,6.3,5.2,5.3,0.3,0.3,0.3,6360.0,7820.0,9260.0,0.0,0.2,0.3,31.2,31.2,31.3
2026-05-24 20:00:00,Sumenep,0.1,4.9,0.2,6660.0,0.0,31.1,0.1,0.1,0.12,6.7,6.3,5.2,0.3,0.3,0.3,4920.0,6360.0,7820.0,0.0,0.0,0.2,31.1,31.2,31.2
2026-05-24 21:00:00,Sumenep,0.08,2.0,0.2,8420.0,0.0,31.1,0.1,0.1,0.1,4.9,6.7,6.3,0.2,0.3,0.3,6660.0,4920.0,6360.0,0.0,0.0,0.0,31.1,31.1,31.2
2026-05-24 22:00:00,Sumenep,0.08,0.4,0.2,10160.0,0.0,31.0,0.08,0.1,0.1,2.0,4.9,6.7,0.2,0.2,0.3,8420.0,6660.0,4920.0,0.0,0.0,0.0,31.1,31.1,31.1
2026-05-24 23:00:00,Sumenep,0.08,0.2,0.2,6960.0,0.0,31.0,0.08,0.08,0.1,0.4,2.0,4.9,0.2,0.2,0.2,10160.0,8420.0,6660.0,0.0,0.0,0.0,31.0,31.1,31.1
2026-05-25 00:00:00,Sumenep,0.1,0.9,0.2,3780.0,0.0,31.0,0.08,0.08,0.08,0.2,0.4,2.0,0.2,0.2,0.2,6960.0,10160.0,8420.0,0.0,0.0,0.0,31.0,31.0,31.1
2026-05-25 01:00:00,Sumenep,0.1,1.7,0.2,580.0,0.2,31.0,0.1,0.08,0.08,0.9,0.2,0.4,0.2,0.2,0.2,3780.0,6960.0,10160.0,0.0,0.0,0.0,31.0,31.0,31.0
2026-05-25 02:00:00,Sumenep,0.1,2.2,2.9,2620.0,0.2,31.0,0.1,0.1,0.08,1.7,0.9,0.2,0.2,0.2,0.2,580.0,3780.0,6960.0,0.2,0.0,0.0,31.0,31.0,31.0
2026-05-25 03:00:00,Sumenep,0.1,3.3,2.9,4640.0,0.2,31.0,0.1,0.1,0.1,2.2,1.7,0.9,2.9,0.2,0.2,2620.0,580.0,3780.0,0.2,0.2,0.0,31.0,31.0,31.0
2026-05-25 04:00:00,Sumenep,0.1,4.0,2.9,6680.0,0.2,30.9,0.1,0.1,0.1,3.3,2.2,1.7,2.9,2.9,0.2,4640.0,2620.0,580.0,0.2,0.2,0.2,31.0,31.0,31.0
2026-05-25 05:00:00,Sumenep,0.1,3.8,0.0,7960.0,0.2,30.9,0.1,0.1,0.1,4.0,3.3,2.2,2.9,2.9,2.9,6680.0,4640.0,2620.0,0.2,0.2,0.2,30.9,31.0,31.0
2026-05-25 06:00:00,Sumenep,0.1,2.9,0.0,9260.0,0.0,30.9,0.1,0.1,0.1,3.8,4.0,3.3,0.0,2.9,2.9,7960.0,6680.0,4640.0,0.2,0.2,0.2,30.9,30.9,31.0
2026-05-25 07:00:00,Sumenep,0.1,2.3,0.0,10540.0,0.0,30.9,0.1,0.1,0.1,2.9,3.8,4.0,0.0,0.0,2.9,9260.0,7960.0,6680.0,0.0,0.2,0.2,30.9,30.9,30.9
2026-05-25 08:00:00,Sumenep,0.1,1.4,0.0,14620.0,0.0,31.0,0.1,0.1,0.1,2.3,2.9,3.8,0.0,0.0,0.0,10540.0,9260.0,7960.0,0.0,0.0,0.2,30.9,30.9,30.9
2026-05-25 09:00:00,Sumenep,0.1,2.2,0.0,18680.0,0.2,31.0,0.1,0.1,0.1,1.4,2.3,2.9,0.0,0.0,0.0,14620.0,10540.0,9260.0,0.0,0.0,0.0,31.0,30.9,30.9
2026-05-25 10:00:00,Sumenep,0.1,2.8,0.0,22760.0,0.2,31.1,0.1,0.1,0.1,2.2,1.4,2.3,0.0,0.0,0.0,18680.0,14620.0,10540.0,0.2,0.0,0.0,31.0,31.0,30.9
2026-05-25 11:00:00,Sumenep,0.1,2.2,2.1,16120.0,0.0,31.2,0.1,0.1,0.1,2.8,2.2,1.4,0.0,0.0,0.0,22760.0,18680.0,14620.0,0.2,0.2,0.0,31.1,31.0,31.0
2026-05-25 12:00:00,Sumenep,0.1,4.5,2.1,9500.0,0.0,31.3,0.1,0.1,0.1,2.2,2.8,2.2,2.1,0.0,0.0,16120.0,22760.0,18680.0,0.0,0.2,0.2,31.2,31.1,31.0
2026-05-25 13:00:00,Sumenep,0.1,6.4,2.1,2860.0,0.0,31.4,0.1,0.1,0.1,4.5,2.2,2.8,2.1,2.1,0.0,9500.0,16120.0,22760.0,0.0,0.0,0.2,31.3,31.2,31.1
2026-05-25 14:00:00,Sumenep,0.12,5.3,0.9,4980.0,0.3,31.4,0.1,0.1,0.1,6.4,4.5,2.2,2.1,2.1,2.1,2860.0,9500.0,16120.0,0.0,0.0,0.0,31.4,31.3,31.2
2026-05-25 15:00:00,Sumenep,0.12,2.7,0.9,7080.0,0.3,31.4,0.12,0.1,0.1,5.3,6.4,4.5,0.9,2.1,2.1,4980.0,2860.0,9500.0,0.3,0.0,0.0,31.4,31.4,31.3
2026-05-25 16:00:00,Sumenep,0.14,1.0,0.9,9200.0,0.3,31.3,0.12,0.12,0.1,2.7,5.3,6.4,0.9,0.9,2.1,7080.0,4980.0,2860.0,0.3,0.3,0.0,31.4,31.4,31.4
2026-05-25 17:00:00,Sumenep,0.16,0.7,0.0,9340.0,0.2,31.2,0.14,0.12,0.12,1.0,2.7,5.3,0.9,0.9,0.9,9200.0,7080.0,4980.0,0.3,0.3,0.3,31.3,31.4,31.4
2026-05-25 18:00:00,Sumenep,0.2,0.6,0.0,9500.0,0.0,31.2,0.16,0.14,0.12,0.7,1.0,2.7,0.0,0.9,0.9,9340.0,9200.0,7080.0,0.2,0.3,0.3,31.2,31.3,31.4
2026-05-25 19:00:00,Sumenep,0.22,0.5,0.0,9640.0,0.0,31.2,0.2,0.16,0.14,0.6,0.7,1.0,0.0,0.0,0.9,9500.0,9340.0,9200.0,0.0,0.2,0.3,31.2,31.2,31.3
2026-05-25 20:00:00,Sumenep,0.22,1.2,0.1,9800.0,0.0,31.2,0.22,0.2,0.16,0.5,0.6,0.7,0.0,0.0,0.0,9640.0,9500.0,9340.0,0.0,0.0,0.2,31.2,31.2,31.2
2026-05-25 21:00:00,Sumenep,0.22,2.0,0.1,9960.0,0.0,31.1,0.22,0.22,0.2,1.2,0.5,0.6,0.1,0.0,0.0,9800.0,9640.0,9500.0,0.0,0.0,0.0,31.2,31.2,31.2
2026-05-25 22:00:00,Sumenep,0.22,2.6,0.1,10120.0,0.0,31.1,0.22,0.22,0.22,2.0,1.2,0.5,0.1,0.1,0.0,9960.0,9800.0,9640.0,0.0,0.0,0.0,31.1,31.2,31.2
2026-05-25 23:00:00,Sumenep,0.22,2.3,0.0,7500.0,0.0,31.1,0.22,0.22,0.22,2.6,2.0,1.2,0.1,0.1,0.1,10120.0,9960.0,9800.0,0.0,0.0,0.0,31.1,31.1,31.2
2026-05-26 00:00:00,Sumenep,0.22,1.9,0.0,4880.0,0.0,31.1,0.22,0.22,0.22,2.3,2.6,2.0,0.0,0.1,0.1,7500.0,10120.0,9960.0,0.0,0.0,0.0,31.1,31.1,31.1
2026-05-26 01:00:00,Sumenep,0.22,1.6,0.0,2260.0,0.0,31.1,0.22,0.22,0.22,1.9,2.3,2.6,0.0,0.0,0.1,4880.0,7500.0,10120.0,0.0,0.0,0.0,31.1,31.1,31.1
2026-05-26 02:00:00,Sumenep,0.22,2.7,0.0,11020.0,0.0,31.0,0.22,0.22,0.22,1.6,1.9,2.3,0.0,0.0,0.0,2260.0,4880.0,7500.0,0.0,0.0,0.0,31.1,31.1,31.1
2026-05-26 03:00:00,Sumenep,0.2,2.9,0.0,11520.0,0.2,31.0,0.22,0.22,0.22,2.7,1.6,1.9,0.0,0.0,0.0,11020.0,2260.0,4880.0,0.0,0.0,0.0,31.0,31.1,31.1
2026-05-26 04:00:00,Sumenep,0.2,3.1,0.0,12040.0,0.2,31.0,0.2,0.22,0.22,2.9,2.7,1.6,0.0,0.0,0.0,11520.0,11020.0,2260.0,0.2,0.0,0.0,31.0,31.0,31.1
2026-05-26 05:00:00,Sumenep,0.18,3.2,0.0,12560.0,0.2,31.0,0.2,0.2,0.22,3.1,2.9,2.7,0.0,0.0,0.0,12040.0,11520.0,11020.0,0.2,0.2,0.0,31.0,31.0,31.0
2026-05-26 06:00:00,Sumenep,0.18,3.3,0.0,13060.0,0.0,31.0,0.18,0.2,0.2,3.2,3.1,2.9,0.0,0.0,0.0,12560.0,12040.0,11520.0,0.2,0.2,0.2,31.0,31.0,31.0
2026-05-26 07:00:00,Sumenep,0.16,3.4,0.0,13580.0,0.0,31.0,0.18,0.18,0.2,3.3,3.2,3.1,0.0,0.0,0.0,13060.0,12560.0,12040.0,0.0,0.2,0.2,31.0,31.0,31.0
2026-05-26 08:00:00,Sumenep,0.16,3.7,0.1,12980.0,0.0,31.0,0.16,0.18,0.18,3.4,3.3,3.2,0.0,0.0,0.0,13580.0,13060.0,12560.0,0.0,0.0,0.2,31.0,31.0,31.0
2026-05-26 09:00:00,Sumenep,0.14,4.9,0.1,12380.0,0.0,31.0,0.16,0.16,0.18,3.7,3.4,3.3,0.1,0.0,0.0,12980.0,13580.0,13060.0,0.0,0.0,0.0,31.0,31.0,31.0
2026-05-26 10:00:00,Sumenep,0.14,6.5,0.1,11780.0,0.0,31.1,0.14,0.16,0.16,4.9,3.7,3.4,0.1,0.1,0.0,12380.0,12980.0,13580.0,0.0,0.0,0.0,31.0,31.0,31.0
2026-05-26 11:00:00,Sumenep,0.14,8.3,0.1,11180.0,0.2,31.2,0.14,0.14,0.16,6.5,4.9,3.7,0.1,0.1,0.1,11780.0,12380.0,12980.0,0.0,0.0,0.0,31.1,31.0,31.0
2026-05-26 12:00:00,Sumenep,0.14,9.9,0.1,10580.0,0.2,31.3,0.14,0.14,0.14,8.3,6.5,4.9,0.1,0.1,0.1,11180.0,11780.0,12380.0,0.2,0.0,0.0,31.2,31.1,31.0
2026-05-26 13:00:00,Sumenep,0.14,10.7,0.1,9980.0,0.2,31.4,0.14,0.14,0.14,9.9,8.3,6.5,0.1,0.1,0.1,10580.0,11180.0,11780.0,0.2,0.2,0.0,31.3,31.2,31.1
2026-05-26 14:00:00,Sumenep,0.16,10.7,0.3,11240.0,0.2,31.4,0.14,0.14,0.14,10.7,9.9,8.3,0.1,0.1,0.1,9980.0,10580.0,11180.0,0.2,0.2,0.2,31.4,31.3,31.2
2026-05-26 15:00:00,Sumenep,0.2,9.9,0.3,12500.0,0.3,31.4,0.16,0.14,0.14,10.7,10.7,9.9,0.3,0.1,0.1,11240.0,9980.0,10580.0,0.2,0.2,0.2,31.4,31.4,31.3
2026-05-26 16:00:00,Sumenep,0.22,8.7,0.3,13760.0,0.4,31.4,0.2,0.16,0.14,9.9,10.7,10.7,0.3,0.3,0.1,12500.0,11240.0,9980.0,0.3,0.2,0.2,31.4,31.4,31.4
2026-05-26 17:00:00,Sumenep,0.24,7.6,0.3,15020.0,0.4,31.3,0.22,0.2,0.16,8.7,9.9,10.7,0.3,0.3,0.3,13760.0,12500.0,11240.0,0.4,0.3,0.2,31.4,31.4,31.4
2026-05-26 18:00:00,Sumenep,0.24,6.5,0.3,16280.0,0.4,31.3,0.24,0.22,0.2,7.6,8.7,9.9,0.3,0.3,0.3,15020.0,13760.0,12500.0,0.4,0.4,0.3,31.3,31.4,31.4
2026-05-26 19:00:00,Sumenep,0.26,5.7,0.3,17540.0,0.2,31.2,0.24,0.24,0.22,6.5,7.6,8.7,0.3,0.3,0.3,16280.0,15020.0,13760.0,0.4,0.4,0.4,31.3,31.3,31.4
2026-05-26 20:00:00,Sumenep,0.28,5.2,0.0,16780.0,0.2,31.2,0.26,0.24,0.24,5.7,6.5,7.6,0.3,0.3,0.3,17540.0,16280.0,15020.0,0.2,0.4,0.4,31.2,31.3,31.3
2026-05-26 21:00:00,Sumenep,0.28,4.9,0.0,16020.0,0.2,31.2,0.28,0.26,0.24,5.2,5.7,6.5,0.0,0.3,0.3,16780.0,17540.0,16280.0,0.2,0.2,0.4,31.2,31.2,31.3
2026-05-26 22:00:00,Sumenep,0.3,4.7,0.0,15260.0,0.2,31.2,0.28,0.28,0.26,4.9,5.2,5.7,0.0,0.0,0.3,16020.0,16780.0,17540.0,0.2,0.2,0.2,31.2,31.2,31.2
2026-05-26 23:00:00,Sumenep,0.28,4.6,0.0,14480.0,0.2,31.1,0.3,0.28,0.28,4.7,4.9,5.2,0.0,0.0,0.0,15260.0,16020.0,16780.0,0.2,0.2,0.2,31.2,31.2,31.2
2026-05-20 03:00:00,Tuban,0.08,6.6,0.0,12180.0,0.2,31.0,0.1,0.1,0.1,6.7,6.4,6.4,0.0,0.0,0.0,12180.0,12180.0,12180.0,0.4,0.4,0.4,31.0,31.0,31.0
2026-05-20 04:00:00,Tuban,0.08,4.5,0.0,12180.0,0.2,30.9,0.08,0.1,0.1,6.6,6.7,6.4,0.0,0.0,0.0,12180.0,12180.0,12180.0,0.2,0.4,0.4,31.0,31.0,31.0
2026-05-20 05:00:00,Tuban,0.08,3.3,0.0,12180.0,0.0,30.9,0.08,0.08,0.1,4.5,6.6,6.7,0.0,0.0,0.0,12180.0,12180.0,12180.0,0.2,0.2,0.4,30.9,31.0,31.0
2026-05-20 06:00:00,Tuban,0.08,4.4,0.0,12180.0,0.0,30.9,0.08,0.08,0.08,3.3,4.5,6.6,0.0,0.0,0.0,12180.0,12180.0,12180.0,0.0,0.2,0.2,30.9,30.9,31.0
2026-05-20 07:00:00,Tuban,0.08,4.1,0.0,14100.0,0.0,30.9,0.08,0.08,0.08,4.4,3.3,4.5,0.0,0.0,0.0,12180.0,12180.0,12180.0,0.0,0.0,0.2,30.9,30.9,30.9
2026-05-20 08:00:00,Tuban,0.08,7.3,0.0,14100.0,0.3,30.9,0.08,0.08,0.08,4.1,4.4,3.3,0.0,0.0,0.0,14100.0,12180.0,12180.0,0.0,0.0,0.0,30.9,30.9,30.9
2026-05-20 09:00:00,Tuban,0.08,8.5,0.0,10180.0,0.4,31.0,0.08,0.08,0.08,7.3,4.1,4.4,0.0,0.0,0.0,14100.0,14100.0,12180.0,0.3,0.0,0.0,30.9,30.9,30.9
2026-05-20 10:00:00,Tuban,0.08,9.4,0.1,7560.0,0.4,31.0,0.08,0.08,0.08,8.5,7.3,4.1,0.0,0.0,0.0,10180.0,14100.0,14100.0,0.4,0.3,0.0,31.0,30.9,30.9
2026-05-20 11:00:00,Tuban,0.08,11.8,0.1,7900.0,0.6,31.1,0.08,0.08,0.08,9.4,8.5,7.3,0.1,0.0,0.0,7560.0,10180.0,14100.0,0.4,0.4,0.3,31.0,31.0,30.9
2026-05-20 12:00:00,Tuban,0.08,14.6,0.2,5340.0,0.6,31.1,0.08,0.08,0.08,11.8,9.4,8.5,0.1,0.1,0.0,7900.0,7560.0,10180.0,0.6,0.4,0.4,31.1,31.0,31.0
2026-05-20 13:00:00,Tuban,0.08,14.9,0.3,7680.0,0.6,31.2,0.08,0.08,0.08,14.6,11.8,9.4,0.2,0.1,0.1,5340.0,7900.0,7560.0,0.6,0.6,0.4,31.1,31.1,31.0
2026-05-20 14:00:00,Tuban,0.12,14.8,0.1,11380.0,0.6,31.2,0.08,0.08,0.08,14.9,14.6,11.8,0.3,0.2,0.1,7680.0,5340.0,7900.0,0.6,0.6,0.6,31.2,31.1,31.1
2026-05-20 15:00:00,Tuban,0.14,13.5,0.0,18040.0,0.6,31.2,0.12,0.08,0.08,14.8,14.9,14.6,0.1,0.3,0.2,11380.0,7680.0,5340.0,0.6,0.6,0.6,31.2,31.2,31.1
2026-05-20 16:00:00,Tuban,0.18,12.0,0.0,18040.0,0.6,31.2,0.14,0.12,0.08,13.5,14.8,14.9,0.0,0.1,0.3,18040.0,11380.0,7680.0,0.6,0.6,0.6,31.2,31.2,31.2
2026-05-20 17:00:00,Tuban,0.18,8.2,0.0,16140.0,0.4,31.2,0.18,0.14,0.12,12.0,13.5,14.8,0.0,0.0,0.1,18040.0,18040.0,11380.0,0.6,0.6,0.6,31.2,31.2,31.2
2026-05-20 18:00:00,Tuban,0.16,7.3,0.0,14940.0,0.4,31.2,0.18,0.18,0.14,8.2,12.0,13.5,0.0,0.0,0.0,16140.0,18040.0,18040.0,0.4,0.6,0.6,31.2,31.2,31.2
2026-05-20 19:00:00,Tuban,0.16,5.9,0.0,10540.0,0.2,31.2,0.16,0.18,0.18,7.3,8.2,12.0,0.0,0.0,0.0,14940.0,16140.0,18040.0,0.4,0.4,0.6,31.2,31.2,31.2
2026-05-20 20:00:00,Tuban,0.16,6.9,0.0,12340.0,0.0,31.2,0.16,0.16,0.18,5.9,7.3,8.2,0.0,0.0,0.0,10540.0,14940.0,16140.0,0.2,0.4,0.4,31.2,31.2,31.2
2026-05-20 21:00:00,Tuban,0.14,6.3,0.0,11460.0,0.0,31.1,0.16,0.16,0.16,6.9,5.9,7.3,0.0,0.0,0.0,12340.0,10540.0,14940.0,0.0,0.2,0.4,31.2,31.2,31.2
2026-05-20 22:00:00,Tuban,0.14,8.8,0.0,12220.0,0.2,31.1,0.14,0.16,0.16,6.3,6.9,5.9,0.0,0.0,0.0,11460.0,12340.0,10540.0,0.0,0.0,0.2,31.1,31.2,31.2
2026-05-20 23:00:00,Tuban,0.14,7.0,0.0,10020.0,0.2,31.1,0.14,0.14,0.16,8.8,6.3,6.9,0.0,0.0,0.0,12220.0,11460.0,12340.0,0.2,0.0,0.0,31.1,31.1,31.2
2026-05-21 00:00:00,Tuban,0.14,6.1,0.0,10060.0,0.2,31.1,0.14,0.14,0.14,7.0,8.8,6.3,0.0,0.0,0.0,10020.0,12220.0,11460.0,0.2,0.2,0.0,31.1,31.1,31.1
2026-05-21 01:00:00,Tuban,0.14,6.5,0.0,10040.0,0.4,31.0,0.14,0.14,0.14,6.1,7.0,8.8,0.0,0.0,0.0,10060.0,10020.0,12220.0,0.2,0.2,0.2,31.1,31.1,31.1
2026-05-21 02:00:00,Tuban,0.14,6.8,0.0,10060.0,0.4,31.0,0.14,0.14,0.14,6.5,6.1,7.0,0.0,0.0,0.0,10040.0,10060.0,10020.0,0.4,0.2,0.2,31.0,31.1,31.1
2026-05-21 03:00:00,Tuban,0.12,6.1,0.0,10060.0,0.2,31.0,0.14,0.14,0.14,6.8,6.5,6.1,0.0,0.0,0.0,10060.0,10040.0,10060.0,0.4,0.4,0.2,31.0,31.0,31.1
2026-05-21 04:00:00,Tuban,0.12,5.8,0.0,10080.0,0.2,31.0,0.12,0.14,0.14,6.1,6.8,6.5,0.0,0.0,0.0,10060.0,10060.0,10040.0,0.2,0.4,0.4,31.0,31.0,31.0
2026-05-21 05:00:00,Tuban,0.12,5.6,0.0,10080.0,0.2,30.9,0.12,0.12,0.14,5.8,6.1,6.8,0.0,0.0,0.0,10080.0,10060.0,10060.0,0.2,0.2,0.4,31.0,31.0,31.0
2026-05-21 06:00:00,Tuban,0.12,6.4,0.0,10080.0,0.0,30.9,0.12,0.12,0.12,5.6,5.8,6.1,0.0,0.0,0.0,10080.0,10080.0,10060.0,0.2,0.2,0.2,30.9,31.0,31.0
2026-05-21 07:00:00,Tuban,0.12,5.6,0.0,12220.0,0.0,30.9,0.12,0.12,0.12,6.4,5.6,5.8,0.0,0.0,0.0,10080.0,10080.0,10080.0,0.0,0.2,0.2,30.9,30.9,31.0
2026-05-21 08:00:00,Tuban,0.12,6.1,0.0,12580.0,0.3,31.0,0.12,0.12,0.12,5.6,6.4,5.6,0.0,0.0,0.0,12220.0,10080.0,10080.0,0.0,0.0,0.2,30.9,30.9,30.9
2026-05-21 09:00:00,Tuban,0.14,8.8,0.1,7620.0,0.3,31.0,0.12,0.12,0.12,6.1,5.6,6.4,0.0,0.0,0.0,12580.0,12220.0,10080.0,0.3,0.0,0.0,31.0,30.9,30.9
2026-05-21 10:00:00,Tuban,0.14,8.6,0.1,10640.0,0.4,31.1,0.14,0.12,0.12,8.8,6.1,5.6,0.1,0.0,0.0,7620.0,12580.0,12220.0,0.3,0.3,0.0,31.0,31.0,30.9
2026-05-21 11:00:00,Tuban,0.14,9.0,0.0,8700.0,0.4,31.2,0.14,0.14,0.12,8.6,8.8,6.1,0.1,0.1,0.0,10640.0,7620.0,12580.0,0.4,0.3,0.3,31.1,31.0,31.0
2026-05-21 12:00:00,Tuban,0.12,10.4,0.0,10380.0,0.5,31.3,0.14,0.14,0.14,9.0,8.6,8.8,0.0,0.1,0.1,8700.0,10640.0,7620.0,0.4,0.4,0.3,31.2,31.1,31.0
2026-05-21 13:00:00,Tuban,0.12,9.0,0.0,9600.0,0.5,31.4,0.12,0.14,0.14,10.4,9.0,8.6,0.0,0.0,0.1,10380.0,8700.0,10640.0,0.5,0.4,0.4,31.3,31.2,31.1
2026-05-21 14:00:00,Tuban,0.12,11.7,0.1,9200.0,0.5,31.4,0.12,0.12,0.14,9.0,10.4,9.0,0.0,0.0,0.0,9600.0,10380.0,8700.0,0.5,0.5,0.4,31.4,31.3,31.2
2026-05-21 15:00:00,Tuban,0.12,10.9,0.0,13360.0,0.6,31.4,0.12,0.12,0.12,11.7,9.0,10.4,0.1,0.0,0.0,9200.0,9600.0,10380.0,0.5,0.5,0.5,31.4,31.4,31.3
2026-05-21 16:00:00,Tuban,0.12,1.7,0.0,8280.0,0.4,31.4,0.12,0.12,0.12,10.9,11.7,9.0,0.0,0.1,0.0,13360.0,9200.0,9600.0,0.6,0.5,0.5,31.4,31.4,31.4
2026-05-21 17:00:00,Tuban,0.12,11.3,0.4,6660.0,0.4,31.3,0.12,0.12,0.12,1.7,10.9,11.7,0.0,0.0,0.1,8280.0,13360.0,9200.0,0.4,0.6,0.5,31.4,31.4,31.4
2026-05-21 18:00:00,Tuban,0.12,9.6,0.1,8060.0,0.4,31.3,0.12,0.12,0.12,11.3,1.7,10.9,0.4,0.0,0.0,6660.0,8280.0,13360.0,0.4,0.4,0.6,31.3,31.4,31.4
2026-05-21 19:00:00,Tuban,0.12,5.9,0.0,9240.0,0.3,31.2,0.12,0.12,0.12,9.6,11.3,1.7,0.1,0.4,0.0,8060.0,6660.0,8280.0,0.4,0.4,0.4,31.3,31.3,31.4
2026-05-21 20:00:00,Tuban,0.12,6.6,0.0,9300.0,0.2,31.2,0.12,0.12,0.12,5.9,9.6,11.3,0.0,0.1,0.4,9240.0,8060.0,6660.0,0.3,0.4,0.4,31.2,31.3,31.3
2026-05-21 21:00:00,Tuban,0.12,5.5,0.0,9960.0,0.0,31.2,0.12,0.12,0.12,6.6,5.9,9.6,0.0,0.0,0.1,9300.0,9240.0,8060.0,0.2,0.3,0.4,31.2,31.2,31.3
2026-05-21 22:00:00,Tuban,0.12,5.7,0.0,10100.0,0.0,31.2,0.12,0.12,0.12,5.5,6.6,5.9,0.0,0.0,0.0,9960.0,9300.0,9240.0,0.0,0.2,0.3,31.2,31.2,31.2
2026-05-21 23:00:00,Tuban,0.12,8.6,0.0,9380.0,0.2,31.1,0.12,0.12,0.12,5.7,5.5,6.6,0.0,0.0,0.0,10100.0,9960.0,9300.0,0.0,0.0,0.2,31.2,31.2,31.2
2026-05-22 00:00:00,Tuban,0.14,6.7,0.0,9560.0,0.2,31.1,0.12,0.12,0.12,8.6,5.7,5.5,0.0,0.0,0.0,9380.0,10100.0,9960.0,0.2,0.0,0.0,31.1,31.2,31.2
2026-05-22 01:00:00,Tuban,0.14,5.8,0.0,6860.0,0.4,31.1,0.14,0.12,0.12,6.7,8.6,5.7,0.0,0.0,0.0,9560.0,9380.0,10100.0,0.2,0.2,0.0,31.1,31.1,31.2
2026-05-22 02:00:00,Tuban,0.14,4.8,0.0,6920.0,0.4,31.0,0.14,0.14,0.12,5.8,6.7,8.6,0.0,0.0,0.0,6860.0,9560.0,9380.0,0.4,0.2,0.2,31.1,31.1,31.1
2026-05-22 03:00:00,Tuban,0.14,5.0,0.0,6960.0,0.4,31.0,0.14,0.14,0.14,4.8,5.8,6.7,0.0,0.0,0.0,6920.0,6860.0,9560.0,0.4,0.4,0.2,31.0,31.1,31.1
2026-05-22 04:00:00,Tuban,0.14,6.3,0.0,6980.0,0.2,31.0,0.14,0.14,0.14,5.0,4.8,5.8,0.0,0.0,0.0,6960.0,6920.0,6860.0,0.4,0.4,0.4,31.0,31.0,31.1
2026-05-22 05:00:00,Tuban,0.14,8.8,0.0,6980.0,0.2,30.9,0.14,0.14,0.14,6.3,5.0,4.8,0.0,0.0,0.0,6980.0,6960.0,6920.0,0.2,0.4,0.4,31.0,31.0,31.0
2026-05-22 06:00:00,Tuban,0.14,8.5,0.0,10120.0,0.0,30.9,0.14,0.14,0.14,8.8,6.3,5.0,0.0,0.0,0.0,6980.0,6980.0,6960.0,0.2,0.2,0.4,30.9,31.0,31.0
2026-05-22 07:00:00,Tuban,0.14,8.7,0.0,12280.0,0.0,30.9,0.14,0.14,0.14,8.5,8.8,6.3,0.0,0.0,0.0,10120.0,6980.0,6980.0,0.0,0.2,0.2,30.9,30.9,31.0
2026-05-22 08:00:00,Tuban,0.14,11.8,0.0,14200.0,0.0,31.0,0.14,0.14,0.14,8.7,8.5,8.8,0.0,0.0,0.0,12280.0,10120.0,6980.0,0.0,0.0,0.2,30.9,30.9,30.9
2026-05-22 09:00:00,Tuban,0.14,16.0,0.0,13640.0,0.3,31.0,0.14,0.14,0.14,11.8,8.7,8.5,0.0,0.0,0.0,14200.0,12280.0,10120.0,0.0,0.0,0.0,31.0,30.9,30.9
2026-05-22 10:00:00,Tuban,0.14,13.9,0.0,9040.0,0.4,31.1,0.14,0.14,0.14,16.0,11.8,8.7,0.0,0.0,0.0,13640.0,14200.0,12280.0,0.3,0.0,0.0,31.0,31.0,30.9
2026-05-22 11:00:00,Tuban,0.14,10.3,0.1,6740.0,0.4,31.2,0.14,0.14,0.14,13.9,16.0,11.8,0.0,0.0,0.0,9040.0,13640.0,14200.0,0.4,0.3,0.0,31.1,31.0,31.0
2026-05-22 12:00:00,Tuban,0.14,6.9,0.3,4580.0,0.4,31.4,0.14,0.14,0.14,10.3,13.9,16.0,0.1,0.0,0.0,6740.0,9040.0,13640.0,0.4,0.4,0.3,31.2,31.1,31.0
2026-05-22 13:00:00,Tuban,0.14,10.4,0.7,4960.0,0.5,31.4,0.14,0.14,0.14,6.9,10.3,13.9,0.3,0.1,0.0,4580.0,6740.0,9040.0,0.4,0.4,0.4,31.4,31.2,31.1
2026-05-22 14:00:00,Tuban,0.14,7.4,2.2,3700.0,0.5,31.4,0.14,0.14,0.14,10.4,6.9,10.3,0.7,0.3,0.1,4960.0,4580.0,6740.0,0.5,0.4,0.4,31.4,31.4,31.2
2026-05-22 15:00:00,Tuban,0.14,4.5,0.5,5520.0,0.4,31.4,0.14,0.14,0.14,7.4,10.4,6.9,2.2,0.7,0.3,3700.0,4960.0,4580.0,0.5,0.5,0.4,31.4,31.4,31.4
2026-05-22 16:00:00,Tuban,0.14,2.9,0.2,7160.0,0.4,31.4,0.14,0.14,0.14,4.5,7.4,10.4,0.5,2.2,0.7,5520.0,3700.0,4960.0,0.4,0.5,0.5,31.4,31.4,31.4
2026-05-22 17:00:00,Tuban,0.14,3.5,0.9,2260.0,0.4,31.3,0.14,0.14,0.14,2.9,4.5,7.4,0.2,0.5,2.2,7160.0,5520.0,3700.0,0.4,0.4,0.5,31.4,31.4,31.4
2026-05-22 18:00:00,Tuban,0.14,9.2,3.8,2280.0,0.3,31.2,0.14,0.14,0.14,3.5,2.9,4.5,0.9,0.2,0.5,2260.0,7160.0,5520.0,0.4,0.4,0.4,31.3,31.4,31.4
2026-05-22 19:00:00,Tuban,0.14,1.5,1.5,3340.0,0.3,31.2,0.14,0.14,0.14,9.2,3.5,2.9,3.8,0.9,0.2,2280.0,2260.0,7160.0,0.3,0.4,0.4,31.2,31.3,31.4
2026-05-22 20:00:00,Tuban,0.14,3.8,1.7,4220.0,0.2,31.1,0.14,0.14,0.14,1.5,9.2,3.5,1.5,3.8,0.9,3340.0,2280.0,2260.0,0.3,0.3,0.4,31.2,31.2,31.3
2026-05-22 21:00:00,Tuban,0.14,8.8,2.4,1740.0,0.0,31.1,0.14,0.14,0.14,3.8,1.5,9.2,1.7,1.5,3.8,4220.0,3340.0,2280.0,0.2,0.3,0.3,31.1,31.2,31.2
2026-05-22 22:00:00,Tuban,0.14,9.7,1.9,3700.0,0.0,31.1,0.14,0.14,0.14,8.8,3.8,1.5,2.4,1.7,1.5,1740.0,4220.0,3340.0,0.0,0.2,0.3,31.1,31.1,31.2
2026-05-22 23:00:00,Tuban,0.14,7.7,0.4,5700.0,0.0,31.1,0.14,0.14,0.14,9.7,8.8,3.8,1.9,2.4,1.7,3700.0,1740.0,4220.0,0.0,0.0,0.2,31.1,31.1,31.1
2026-05-23 00:00:00,Tuban,0.14,5.6,0.1,7800.0,0.2,31.0,0.14,0.14,0.14,7.7,9.7,8.8,0.4,1.9,2.4,5700.0,3700.0,1740.0,0.0,0.0,0.0,31.1,31.1,31.1
2026-05-23 01:00:00,Tuban,0.14,5.7,0.0,8740.0,0.2,31.0,0.14,0.14,0.14,5.6,7.7,9.7,0.1,0.4,1.9,7800.0,5700.0,3700.0,0.2,0.0,0.0,31.0,31.1,31.1
2026-05-23 02:00:00,Tuban,0.16,4.7,0.0,9420.0,0.2,31.0,0.14,0.14,0.14,5.7,5.6,7.7,0.0,0.1,0.4,8740.0,7800.0,5700.0,0.2,0.2,0.0,31.0,31.0,31.1
2026-05-23 03:00:00,Tuban,0.16,4.6,0.0,6840.0,0.2,31.0,0.16,0.14,0.14,4.7,5.7,5.6,0.0,0.0,0.1,9420.0,8740.0,7800.0,0.2,0.2,0.2,31.0,31.0,31.0
2026-05-23 04:00:00,Tuban,0.18,6.8,0.0,6920.0,0.2,31.0,0.16,0.16,0.14,4.6,4.7,5.7,0.0,0.0,0.0,6840.0,9420.0,8740.0,0.2,0.2,0.2,31.0,31.0,31.0
2026-05-23 05:00:00,Tuban,0.18,7.7,0.0,880.0,0.2,30.9,0.18,0.16,0.16,6.8,4.6,4.7,0.0,0.0,0.0,6920.0,6840.0,9420.0,0.2,0.2,0.2,31.0,31.0,31.0
2026-05-23 06:00:00,Tuban,0.2,7.5,0.0,720.0,0.2,30.9,0.18,0.18,0.16,7.7,6.8,4.6,0.0,0.0,0.0,880.0,6920.0,6840.0,0.2,0.2,0.2,30.9,31.0,31.0
2026-05-23 07:00:00,Tuban,0.2,7.0,0.0,10160.0,0.0,30.9,0.2,0.18,0.18,7.5,7.7,6.8,0.0,0.0,0.0,720.0,880.0,6920.0,0.2,0.2,0.2,30.9,30.9,31.0
2026-05-23 08:00:00,Tuban,0.2,8.1,0.0,12320.0,0.2,31.0,0.2,0.2,0.18,7.0,7.5,7.7,0.0,0.0,0.0,10160.0,720.0,880.0,0.0,0.2,0.2,30.9,30.9,30.9
2026-05-23 09:00:00,Tuban,0.22,6.9,0.0,8180.0,0.3,31.0,0.2,0.2,0.2,8.1,7.0,7.5,0.0,0.0,0.0,12320.0,10160.0,720.0,0.2,0.0,0.2,31.0,30.9,30.9
2026-05-23 10:00:00,Tuban,0.22,5.7,0.1,8280.0,0.4,31.2,0.22,0.2,0.2,6.9,8.1,7.0,0.0,0.0,0.0,8180.0,12320.0,10160.0,0.3,0.2,0.0,31.0,31.0,30.9
2026-05-23 11:00:00,Tuban,0.22,4.9,0.2,8140.0,0.4,31.3,0.22,0.22,0.2,5.7,6.9,8.1,0.1,0.0,0.0,8280.0,8180.0,12320.0,0.4,0.3,0.2,31.2,31.0,31.0
2026-05-23 12:00:00,Tuban,0.2,5.0,0.0,11400.0,0.6,31.4,0.22,0.22,0.22,4.9,5.7,6.9,0.2,0.1,0.0,8140.0,8280.0,8180.0,0.4,0.4,0.3,31.3,31.2,31.0
2026-05-23 13:00:00,Tuban,0.2,7.2,0.0,10060.0,0.6,31.5,0.2,0.22,0.22,5.0,4.9,5.7,0.0,0.2,0.1,11400.0,8140.0,8280.0,0.6,0.4,0.4,31.4,31.3,31.2
2026-05-23 14:00:00,Tuban,0.2,10.9,1.2,2260.0,0.5,31.5,0.2,0.2,0.22,7.2,5.0,4.9,0.0,0.0,0.2,10060.0,11400.0,8140.0,0.6,0.6,0.4,31.5,31.4,31.3
2026-05-23 15:00:00,Tuban,0.2,2.2,1.3,5560.0,0.5,31.4,0.2,0.2,0.2,10.9,7.2,5.0,1.2,0.0,0.0,2260.0,10060.0,11400.0,0.5,0.6,0.6,31.5,31.5,31.4
2026-05-23 16:00:00,Tuban,0.2,3.6,0.2,9540.0,0.5,31.4,0.2,0.2,0.2,2.2,10.9,7.2,1.3,1.2,0.0,5560.0,2260.0,10060.0,0.5,0.5,0.6,31.4,31.5,31.5
2026-05-23 17:00:00,Tuban,0.2,7.4,0.1,5480.0,0.2,31.3,0.2,0.2,0.2,3.6,2.2,10.9,0.2,1.3,1.2,9540.0,5560.0,2260.0,0.5,0.5,0.5,31.4,31.4,31.5
2026-05-23 18:00:00,Tuban,0.2,10.0,0.1,9060.0,0.3,31.2,0.2,0.2,0.2,7.4,3.6,2.2,0.1,0.2,1.3,5480.0,9540.0,5560.0,0.2,0.5,0.5,31.3,31.4,31.4
2026-05-23 19:00:00,Tuban,0.2,7.3,0.3,4140.0,0.3,31.2,0.2,0.2,0.2,10.0,7.4,3.6,0.1,0.1,0.2,9060.0,5480.0,9540.0,0.3,0.2,0.5,31.2,31.3,31.4
2026-05-23 20:00:00,Tuban,0.2,7.0,0.1,6040.0,0.3,31.1,0.2,0.2,0.2,7.3,10.0,7.4,0.3,0.1,0.1,4140.0,9060.0,5480.0,0.3,0.3,0.2,31.2,31.2,31.3
2026-05-23 21:00:00,Tuban,0.18,5.8,0.1,7960.0,0.0,31.1,0.2,0.2,0.2,7.0,7.3,10.0,0.1,0.3,0.1,6040.0,4140.0,9060.0,0.3,0.3,0.3,31.1,31.2,31.2
2026-05-23 22:00:00,Tuban,0.18,5.4,0.1,9860.0,0.0,31.1,0.18,0.2,0.2,5.8,7.0,7.3,0.1,0.1,0.3,7960.0,6040.0,4140.0,0.0,0.3,0.3,31.1,31.1,31.2
2026-05-23 23:00:00,Tuban,0.18,6.6,0.0,9960.0,0.0,31.1,0.18,0.18,0.2,5.4,5.8,7.0,0.1,0.1,0.1,9860.0,7960.0,6040.0,0.0,0.0,0.3,31.1,31.1,31.1
2026-05-24 00:00:00,Tuban,0.16,8.4,0.0,10060.0,0.0,31.0,0.18,0.18,0.18,6.6,5.4,5.8,0.0,0.1,0.1,9960.0,9860.0,7960.0,0.0,0.0,0.0,31.1,31.1,31.1
2026-05-24 01:00:00,Tuban,0.16,9.6,0.0,10160.0,0.0,31.0,0.16,0.18,0.18,8.4,6.6,5.4,0.0,0.0,0.1,10060.0,9960.0,9860.0,0.0,0.0,0.0,31.0,31.1,31.1
2026-05-24 02:00:00,Tuban,0.16,9.6,0.0,10100.0,0.2,31.0,0.16,0.16,0.18,9.6,8.4,6.6,0.0,0.0,0.0,10160.0,10060.0,9960.0,0.0,0.0,0.0,31.0,31.0,31.1
2026-05-24 03:00:00,Tuban,0.14,8.8,0.0,10040.0,0.2,31.0,0.16,0.16,0.16,9.6,9.6,8.4,0.0,0.0,0.0,10100.0,10160.0,10060.0,0.2,0.0,0.0,31.0,31.0,31.0
2026-05-24 04:00:00,Tuban,0.14,8.3,0.0,9980.0,0.2,31.0,0.14,0.16,0.16,8.8,9.6,9.6,0.0,0.0,0.0,10040.0,10100.0,10160.0,0.2,0.2,0.0,31.0,31.0,31.0
2026-05-24 05:00:00,Tuban,0.14,8.5,0.0,10580.0,0.2,30.9,0.14,0.14,0.16,8.3,8.8,9.6,0.0,0.0,0.0,9980.0,10040.0,10100.0,0.2,0.2,0.2,31.0,31.0,31.0
2026-05-24 06:00:00,Tuban,0.14,8.9,0.0,11180.0,0.2,30.9,0.14,0.14,0.14,8.5,8.3,8.8,0.0,0.0,0.0,10580.0,9980.0,10040.0,0.2,0.2,0.2,30.9,31.0,31.0
2026-05-24 07:00:00,Tuban,0.14,8.4,0.0,11780.0,0.0,30.9,0.14,0.14,0.14,8.9,8.5,8.3,0.0,0.0,0.0,11180.0,10580.0,9980.0,0.2,0.2,0.2,30.9,30.9,31.0
2026-05-24 08:00:00,Tuban,0.14,6.1,0.1,10700.0,0.0,31.0,0.14,0.14,0.14,8.4,8.9,8.5,0.0,0.0,0.0,11780.0,11180.0,10580.0,0.0,0.2,0.2,30.9,30.9,30.9
2026-05-24 09:00:00,Tuban,0.12,4.1,0.1,9600.0,0.3,31.0,0.14,0.14,0.14,6.1,8.4,8.9,0.1,0.0,0.0,10700.0,11780.0,11180.0,0.0,0.0,0.2,31.0,30.9,30.9
2026-05-24 10:00:00,Tuban,0.12,4.0,0.1,8520.0,0.3,31.1,0.12,0.14,0.14,4.1,6.1,8.4,0.1,0.1,0.0,9600.0,10700.0,11780.0,0.3,0.0,0.0,31.0,31.0,30.9
2026-05-24 11:00:00,Tuban,0.12,4.6,0.2,8080.0,0.4,31.2,0.12,0.12,0.14,4.0,4.1,6.1,0.1,0.1,0.1,8520.0,9600.0,10700.0,0.3,0.3,0.0,31.1,31.0,31.0
2026-05-24 12:00:00,Tuban,0.12,7.1,0.2,7660.0,0.4,31.3,0.12,0.12,0.12,4.6,4.0,4.1,0.2,0.1,0.1,8080.0,8520.0,9600.0,0.4,0.3,0.3,31.2,31.1,31.0
2026-05-24 13:00:00,Tuban,0.12,9.4,0.2,7220.0,0.4,31.4,0.12,0.12,0.12,7.1,4.6,4.0,0.2,0.2,0.1,7660.0,8080.0,8520.0,0.4,0.4,0.3,31.3,31.2,31.1
2026-05-24 14:00:00,Tuban,0.12,9.9,0.2,7600.0,0.4,31.4,0.12,0.12,0.12,9.4,7.1,4.6,0.2,0.2,0.2,7220.0,7660.0,8080.0,0.4,0.4,0.4,31.4,31.3,31.2
2026-05-24 15:00:00,Tuban,0.1,9.2,0.2,7960.0,0.2,31.4,0.12,0.12,0.12,9.9,9.4,7.1,0.2,0.2,0.2,7600.0,7220.0,7660.0,0.4,0.4,0.4,31.4,31.4,31.3
2026-05-24 16:00:00,Tuban,0.1,6.8,0.2,8340.0,0.2,31.3,0.1,0.12,0.12,9.2,9.9,9.4,0.2,0.2,0.2,7960.0,7600.0,7220.0,0.2,0.4,0.4,31.4,31.4,31.4
2026-05-24 17:00:00,Tuban,0.1,1.9,0.2,7160.0,0.2,31.2,0.1,0.1,0.12,6.8,9.2,9.9,0.2,0.2,0.2,8340.0,7960.0,7600.0,0.2,0.2,0.4,31.3,31.4,31.4
2026-05-24 18:00:00,Tuban,0.1,5.3,0.2,5960.0,0.2,31.2,0.1,0.1,0.1,1.9,6.8,9.2,0.2,0.2,0.2,7160.0,8340.0,7960.0,0.2,0.2,0.2,31.2,31.3,31.4
2026-05-24 19:00:00,Tuban,0.1,9.4,0.2,4780.0,0.2,31.1,0.1,0.1,0.1,5.3,1.9,6.8,0.2,0.2,0.2,5960.0,7160.0,8340.0,0.2,0.2,0.2,31.2,31.2,31.3
2026-05-24 20:00:00,Tuban,0.1,8.8,0.0,5100.0,0.2,31.1,0.1,0.1,0.1,9.4,5.3,1.9,0.2,0.2,0.2,4780.0,5960.0,7160.0,0.2,0.2,0.2,31.1,31.2,31.2
2026-05-24 21:00:00,Tuban,0.1,5.6,0.0,5400.0,0.0,31.1,0.1,0.1,0.1,8.8,9.4,5.3,0.0,0.2,0.2,5100.0,4780.0,5960.0,0.2,0.2,0.2,31.1,31.1,31.2
2026-05-24 22:00:00,Tuban,0.1,3.2,0.0,5720.0,0.0,31.1,0.1,0.1,0.1,5.6,8.8,9.4,0.0,0.0,0.2,5400.0,5100.0,4780.0,0.0,0.2,0.2,31.1,31.1,31.1
2026-05-24 23:00:00,Tuban,0.1,2.7,0.0,6140.0,0.0,31.1,0.1,0.1,0.1,3.2,5.6,8.8,0.0,0.0,0.0,5720.0,5400.0,5100.0,0.0,0.0,0.2,31.1,31.1,31.1
2026-05-25 00:00:00,Tuban,0.08,2.8,0.0,6540.0,0.0,31.0,0.1,0.1,0.1,2.7,3.2,5.6,0.0,0.0,0.0,6140.0,5720.0,5400.0,0.0,0.0,0.0,31.1,31.1,31.1
2026-05-25 01:00:00,Tuban,0.08,3.0,0.0,6960.0,0.0,31.0,0.08,0.1,0.1,2.8,2.7,3.2,0.0,0.0,0.0,6540.0,6140.0,5720.0,0.0,0.0,0.0,31.0,31.1,31.1
2026-05-25 02:00:00,Tuban,0.08,2.5,0.0,8040.0,0.0,31.0,0.08,0.08,0.1,3.0,2.8,2.7,0.0,0.0,0.0,6960.0,6540.0,6140.0,0.0,0.0,0.0,31.0,31.0,31.1
2026-05-25 03:00:00,Tuban,0.08,2.1,0.0,9100.0,0.0,31.0,0.08,0.08,0.08,2.5,3.0,2.8,0.0,0.0,0.0,8040.0,6960.0,6540.0,0.0,0.0,0.0,31.0,31.0,31.0
2026-05-25 04:00:00,Tuban,0.08,2.2,0.0,10180.0,0.2,31.0,0.08,0.08,0.08,2.1,2.5,3.0,0.0,0.0,0.0,9100.0,8040.0,6960.0,0.0,0.0,0.0,31.0,31.0,31.0
2026-05-25 05:00:00,Tuban,0.08,2.7,0.0,10200.0,0.2,30.9,0.08,0.08,0.08,2.2,2.1,2.5,0.0,0.0,0.0,10180.0,9100.0,8040.0,0.2,0.0,0.0,31.0,31.0,31.0
2026-05-25 06:00:00,Tuban,0.08,3.6,0.0,10220.0,0.2,30.9,0.08,0.08,0.08,2.7,2.2,2.1,0.0,0.0,0.0,10200.0,10180.0,9100.0,0.2,0.2,0.0,30.9,31.0,31.0
2026-05-25 07:00:00,Tuban,0.08,4.5,0.0,10240.0,0.0,30.9,0.08,0.08,0.08,3.6,2.7,2.2,0.0,0.0,0.0,10220.0,10200.0,10180.0,0.2,0.2,0.2,30.9,30.9,31.0
2026-05-25 08:00:00,Tuban,0.08,6.1,0.0,9740.0,0.2,31.0,0.08,0.08,0.08,4.5,3.6,2.7,0.0,0.0,0.0,10240.0,10220.0,10200.0,0.0,0.2,0.2,30.9,30.9,30.9
2026-05-25 09:00:00,Tuban,0.08,7.8,0.0,9220.0,0.2,31.0,0.08,0.08,0.08,6.1,4.5,3.6,0.0,0.0,0.0,9740.0,10240.0,10220.0,0.2,0.0,0.2,31.0,30.9,30.9
2026-05-25 10:00:00,Tuban,0.08,8.2,0.0,8720.0,0.3,31.1,0.08,0.08,0.08,7.8,6.1,4.5,0.0,0.0,0.0,9220.0,9740.0,10240.0,0.2,0.2,0.0,31.0,31.0,30.9
2026-05-25 11:00:00,Tuban,0.08,5.9,0.0,9180.0,0.3,31.2,0.08,0.08,0.08,8.2,7.8,6.1,0.0,0.0,0.0,8720.0,9220.0,9740.0,0.3,0.2,0.2,31.1,31.0,31.0
2026-05-25 12:00:00,Tuban,0.08,3.1,0.0,9660.0,0.2,31.3,0.08,0.08,0.08,5.9,8.2,7.8,0.0,0.0,0.0,9180.0,8720.0,9220.0,0.3,0.3,0.2,31.2,31.1,31.0
2026-05-25 13:00:00,Tuban,0.08,2.8,0.0,10120.0,0.2,31.4,0.08,0.08,0.08,3.1,5.9,8.2,0.0,0.0,0.0,9660.0,9180.0,8720.0,0.2,0.3,0.3,31.3,31.2,31.1
2026-05-25 14:00:00,Tuban,0.08,2.2,0.7,8240.0,0.2,31.4,0.08,0.08,0.08,2.8,3.1,5.9,0.0,0.0,0.0,10120.0,9660.0,9180.0,0.2,0.2,0.3,31.4,31.3,31.2
2026-05-25 15:00:00,Tuban,0.08,3.1,0.7,6380.0,0.3,31.3,0.08,0.08,0.08,2.2,2.8,3.1,0.7,0.0,0.0,8240.0,10120.0,9660.0,0.2,0.2,0.2,31.4,31.4,31.3
2026-05-25 16:00:00,Tuban,0.08,4.5,0.7,4500.0,0.3,31.2,0.08,0.08,0.08,3.1,2.2,2.8,0.7,0.7,0.0,6380.0,8240.0,10120.0,0.3,0.2,0.2,31.3,31.4,31.4
2026-05-25 17:00:00,Tuban,0.08,4.5,0.1,5340.0,0.3,31.2,0.08,0.08,0.08,4.5,3.1,2.2,0.7,0.7,0.7,4500.0,6380.0,8240.0,0.3,0.3,0.2,31.2,31.3,31.4
2026-05-25 18:00:00,Tuban,0.08,3.6,0.1,6200.0,0.4,31.1,0.08,0.08,0.08,4.5,4.5,3.1,0.1,0.7,0.7,5340.0,4500.0,6380.0,0.3,0.3,0.3,31.2,31.2,31.3
2026-05-25 19:00:00,Tuban,0.08,2.7,0.1,7040.0,0.3,31.1,0.08,0.08,0.08,3.6,4.5,4.5,0.1,0.1,0.7,6200.0,5340.0,4500.0,0.4,0.3,0.3,31.1,31.2,31.2
2026-05-25 20:00:00,Tuban,0.08,2.2,0.0,8100.0,0.3,31.1,0.08,0.08,0.08,2.7,3.6,4.5,0.1,0.1,0.1,7040.0,6200.0,5340.0,0.3,0.4,0.3,31.1,31.1,31.2
2026-05-25 21:00:00,Tuban,0.08,2.9,0.0,9140.0,0.2,31.0,0.08,0.08,0.08,2.2,2.7,3.6,0.0,0.1,0.1,8100.0,7040.0,6200.0,0.3,0.3,0.4,31.1,31.1,31.1
2026-05-25 22:00:00,Tuban,0.08,3.4,0.0,10200.0,0.2,31.0,0.08,0.08,0.08,2.9,2.2,2.7,0.0,0.0,0.1,9140.0,8100.0,7040.0,0.2,0.3,0.3,31.0,31.1,31.1
2026-05-25 23:00:00,Tuban,0.08,2.6,0.0,9180.0,0.0,31.0,0.08,0.08,0.08,3.4,2.9,2.2,0.0,0.0,0.0,10200.0,9140.0,8100.0,0.2,0.2,0.3,31.0,31.0,31.1
2026-05-26 00:00:00,Tuban,0.06,2.7,0.0,8140.0,0.0,31.0,0.08,0.08,0.08,2.6,3.4,2.9,0.0,0.0,0.0,9180.0,10200.0,9140.0,0.0,0.2,0.2,31.0,31.0,31.0
2026-05-26 01:00:00,Tuban,0.06,3.8,0.0,7120.0,0.0,31.0,0.06,0.08,0.08,2.7,2.6,3.4,0.0,0.0,0.0,8140.0,9180.0,10200.0,0.0,0.0,0.2,31.0,31.0,31.0
2026-05-26 02:00:00,Tuban,0.06,8.6,0.1,4360.0,0.0,31.0,0.06,0.06,0.08,3.8,2.7,2.6,0.0,0.0,0.0,7120.0,8140.0,9180.0,0.0,0.0,0.0,31.0,31.0,31.0
2026-05-26 03:00:00,Tuban,0.06,8.1,0.1,5520.0,0.0,31.0,0.06,0.06,0.06,8.6,3.8,2.7,0.1,0.0,0.0,4360.0,7120.0,8140.0,0.0,0.0,0.0,31.0,31.0,31.0
2026-05-26 04:00:00,Tuban,0.06,7.6,0.1,6700.0,0.0,30.9,0.06,0.06,0.06,8.1,8.6,3.8,0.1,0.1,0.0,5520.0,4360.0,7120.0,0.0,0.0,0.0,31.0,31.0,31.0
2026-05-26 05:00:00,Tuban,0.06,6.8,0.1,7860.0,0.0,30.9,0.06,0.06,0.06,7.6,8.1,8.6,0.1,0.1,0.1,6700.0,5520.0,4360.0,0.0,0.0,0.0,30.9,31.0,31.0
2026-05-26 06:00:00,Tuban,0.06,6.1,0.1,9040.0,0.0,30.9,0.06,0.06,0.06,6.8,7.6,8.1,0.1,0.1,0.1,7860.0,6700.0,5520.0,0.0,0.0,0.0,30.9,30.9,31.0
2026-05-26 07:00:00,Tuban,0.06,5.2,0.1,10200.0,0.0,30.9,0.06,0.06,0.06,6.1,6.8,7.6,0.1,0.1,0.1,9040.0,7860.0,6700.0,0.0,0.0,0.0,30.9,30.9,30.9
2026-05-26 08:00:00,Tuban,0.06,3.8,0.2,9940.0,0.3,30.9,0.06,0.06,0.06,5.2,6.1,6.8,0.1,0.1,0.1,10200.0,9040.0,7860.0,0.0,0.0,0.0,30.9,30.9,30.9
2026-05-26 09:00:00,Tuban,0.08,3.1,0.2,9680.0,0.3,31.0,0.06,0.06,0.06,3.8,5.2,6.1,0.2,0.1,0.1,9940.0,10200.0,9040.0,0.3,0.0,0.0,30.9,30.9,30.9
2026-05-26 10:00:00,Tuban,0.08,4.6,0.2,9440.0,0.4,31.1,0.08,0.06,0.06,3.1,3.8,5.2,0.2,0.2,0.1,9680.0,9940.0,10200.0,0.3,0.3,0.0,31.0,30.9,30.9
2026-05-26 11:00:00,Tuban,0.08,6.9,0.2,9180.0,0.4,31.2,0.08,0.08,0.06,4.6,3.1,3.8,0.2,0.2,0.2,9440.0,9680.0,9940.0,0.4,0.3,0.3,31.1,31.0,30.9
2026-05-26 12:00:00,Tuban,0.1,8.9,0.2,8920.0,0.4,31.2,0.08,0.08,0.08,6.9,4.6,3.1,0.2,0.2,0.2,9180.0,9440.0,9680.0,0.4,0.4,0.3,31.2,31.1,31.0
2026-05-26 13:00:00,Tuban,0.1,9.6,0.2,8660.0,0.4,31.3,0.1,0.08,0.08,8.9,6.9,4.6,0.2,0.2,0.2,8920.0,9180.0,9440.0,0.4,0.4,0.4,31.2,31.2,31.1
2026-05-26 14:00:00,Tuban,0.14,8.9,0.3,8060.0,0.4,31.3,0.1,0.1,0.08,9.6,8.9,6.9,0.2,0.2,0.2,8660.0,8920.0,9180.0,0.4,0.4,0.4,31.3,31.2,31.2
2026-05-26 15:00:00,Tuban,0.16,7.8,0.3,7440.0,0.4,31.2,0.14,0.1,0.1,8.9,9.6,8.9,0.3,0.2,0.2,8060.0,8660.0,8920.0,0.4,0.4,0.4,31.3,31.3,31.2
2026-05-26 16:00:00,Tuban,0.2,7.0,0.3,6840.0,0.2,31.2,0.16,0.14,0.1,7.8,8.9,9.6,0.3,0.3,0.2,7440.0,8060.0,8660.0,0.4,0.4,0.4,31.2,31.3,31.3
2026-05-26 17:00:00,Tuban,0.24,7.9,0.3,6240.0,0.2,31.1,0.2,0.16,0.14,7.0,7.8,8.9,0.3,0.3,0.3,6840.0,7440.0,8060.0,0.2,0.4,0.4,31.2,31.2,31.3
2026-05-26 18:00:00,Tuban,0.26,9.4,0.3,5620.0,0.2,31.1,0.24,0.2,0.16,7.9,7.0,7.8,0.3,0.3,0.3,6240.0,6840.0,7440.0,0.2,0.2,0.4,31.1,31.2,31.2
2026-05-26 19:00:00,Tuban,0.3,10.5,0.3,5020.0,0.3,31.0,0.26,0.24,0.2,9.4,7.9,7.0,0.3,0.3,0.3,5620.0,6240.0,6840.0,0.2,0.2,0.2,31.1,31.1,31.2
2026-05-26 20:00:00,Tuban,0.3,10.5,0.0,5900.0,0.2,31.0,0.3,0.26,0.24,10.5,9.4,7.9,0.3,0.3,0.3,5020.0,5620.0,6240.0,0.3,0.2,0.2,31.0,31.1,31.1
2026-05-26 21:00:00,Tuban,0.3,9.8,0.0,6760.0,0.2,31.0,0.3,0.3,0.26,10.5,10.5,9.4,0.0,0.3,0.3,5900.0,5020.0,5620.0,0.2,0.3,0.2,31.0,31.0,31.1
2026-05-26 22:00:00,Tuban,0.3,8.6,0.0,7640.0,0.2,31.0,0.3,0.3,0.3,9.8,10.5,10.5,0.0,0.0,0.3,6760.0,5900.0,5020.0,0.2,0.2,0.3,31.0,31.0,31.0
2026-05-26 23:00:00,Tuban,0.28,7.6,0.0,8500.0,0.0,31.0,0.3,0.3,0.3,8.6,9.8,10.5,0.0,0.0,0.0,7640.0,6760.0,5900.0,0.2,0.2,0.2,31.0,31.0,31.0
2026-05-20 03:00:00,Watu Ulo,1.84,2.8,0.0,12460.0,0.6,28.5,1.84,1.84,1.84,3.4,5.5,4.7,0.0,0.0,0.0,12380.0,12340.0,12400.0,0.7,0.7,0.7,28.5,28.6,28.6
2026-05-20 04:00:00,Watu Ulo,1.84,1.5,0.0,17460.0,0.6,28.5,1.84,1.84,1.84,2.8,3.4,5.5,0.0,0.0,0.0,12460.0,12380.0,12340.0,0.6,0.7,0.7,28.5,28.5,28.6
2026-05-20 05:00:00,Watu Ulo,1.84,1.1,0.0,20740.0,0.6,28.5,1.84,1.84,1.84,1.5,2.8,3.4,0.0,0.0,0.0,17460.0,12460.0,12380.0,0.6,0.6,0.7,28.5,28.5,28.5
2026-05-20 06:00:00,Watu Ulo,1.82,1.9,0.0,20720.0,0.6,28.5,1.84,1.84,1.84,1.1,1.5,2.8,0.0,0.0,0.0,20740.0,17460.0,12460.0,0.6,0.6,0.6,28.5,28.5,28.5
2026-05-20 07:00:00,Watu Ulo,1.82,3.4,0.0,17380.0,0.6,28.5,1.82,1.84,1.84,1.9,1.1,1.5,0.0,0.0,0.0,20720.0,20740.0,17460.0,0.6,0.6,0.6,28.5,28.5,28.5
2026-05-20 08:00:00,Watu Ulo,1.8,1.3,0.0,20580.0,0.6,28.5,1.82,1.82,1.84,3.4,1.9,1.1,0.0,0.0,0.0,17380.0,20720.0,20740.0,0.6,0.6,0.6,28.5,28.5,28.5
2026-05-20 09:00:00,Watu Ulo,1.8,0.8,0.0,13820.0,0.6,28.6,1.8,1.82,1.82,1.3,3.4,1.9,0.0,0.0,0.0,20580.0,17380.0,20720.0,0.6,0.6,0.6,28.5,28.5,28.5
2026-05-20 10:00:00,Watu Ulo,1.78,1.9,0.1,7880.0,0.6,28.8,1.8,1.8,1.82,0.8,1.3,3.4,0.0,0.0,0.0,13820.0,20580.0,17380.0,0.6,0.6,0.6,28.6,28.5,28.5
2026-05-20 11:00:00,Watu Ulo,1.76,2.2,0.3,7540.0,0.4,28.9,1.78,1.8,1.8,1.9,0.8,1.3,0.1,0.0,0.0,7880.0,13820.0,20580.0,0.6,0.6,0.6,28.8,28.6,28.5
2026-05-20 12:00:00,Watu Ulo,1.76,0.8,0.2,6740.0,0.4,29.0,1.76,1.78,1.8,2.2,1.9,0.8,0.3,0.1,0.0,7540.0,7880.0,13820.0,0.4,0.6,0.6,28.9,28.8,28.6
2026-05-20 13:00:00,Watu Ulo,1.74,2.8,0.2,8740.0,0.3,29.0,1.76,1.76,1.78,0.8,2.2,1.9,0.2,0.3,0.1,6740.0,7540.0,7880.0,0.4,0.4,0.6,29.0,28.9,28.8
2026-05-20 14:00:00,Watu Ulo,1.72,2.4,0.3,5200.0,0.3,29.0,1.74,1.76,1.76,2.8,0.8,2.2,0.2,0.2,0.3,8740.0,6740.0,7540.0,0.3,0.4,0.4,29.0,29.0,28.9
2026-05-20 15:00:00,Watu Ulo,1.72,1.1,0.5,5000.0,0.4,29.0,1.72,1.74,1.76,2.4,2.8,0.8,0.3,0.2,0.2,5200.0,8740.0,6740.0,0.3,0.3,0.4,29.0,29.0,29.0
2026-05-20 16:00:00,Watu Ulo,1.7,3.9,0.3,11580.0,0.4,29.0,1.72,1.72,1.74,1.1,2.4,2.8,0.5,0.3,0.2,5000.0,5200.0,8740.0,0.4,0.3,0.3,29.0,29.0,29.0
2026-05-20 17:00:00,Watu Ulo,1.68,4.1,0.0,11220.0,0.3,29.0,1.7,1.72,1.72,3.9,1.1,2.4,0.3,0.5,0.3,11580.0,5000.0,5200.0,0.4,0.4,0.3,29.0,29.0,29.0
2026-05-20 18:00:00,Watu Ulo,1.68,3.3,0.1,8740.0,0.4,28.9,1.68,1.7,1.72,4.1,3.9,1.1,0.0,0.3,0.5,11220.0,11580.0,5000.0,0.3,0.4,0.4,29.0,29.0,29.0
2026-05-20 19:00:00,Watu Ulo,1.66,2.8,0.0,11160.0,0.4,28.9,1.68,1.68,1.7,3.3,4.1,3.9,0.1,0.0,0.3,8740.0,11220.0,11580.0,0.4,0.3,0.4,28.9,29.0,29.0
2026-05-20 20:00:00,Watu Ulo,1.64,4.2,0.0,11780.0,0.4,28.8,1.66,1.68,1.68,2.8,3.3,4.1,0.0,0.1,0.0,11160.0,8740.0,11220.0,0.4,0.4,0.3,28.9,28.9,29.0
2026-05-20 21:00:00,Watu Ulo,1.6,5.0,0.0,12060.0,0.4,28.8,1.64,1.66,1.68,4.2,2.8,3.3,0.0,0.0,0.1,11780.0,11160.0,8740.0,0.4,0.4,0.4,28.8,28.9,28.9
2026-05-20 22:00:00,Watu Ulo,1.58,4.8,0.0,5820.0,0.6,28.8,1.6,1.64,1.66,5.0,4.2,2.8,0.0,0.0,0.0,12060.0,11780.0,11160.0,0.4,0.4,0.4,28.8,28.8,28.9
2026-05-20 23:00:00,Watu Ulo,1.58,3.6,0.0,12320.0,0.6,28.7,1.58,1.6,1.64,4.8,5.0,4.2,0.0,0.0,0.0,5820.0,12060.0,11780.0,0.6,0.4,0.4,28.8,28.8,28.8
2026-05-21 00:00:00,Watu Ulo,1.56,2.5,0.0,9860.0,0.6,28.7,1.58,1.58,1.6,3.6,4.8,5.0,0.0,0.0,0.0,12320.0,5820.0,12060.0,0.6,0.6,0.4,28.7,28.8,28.8
2026-05-21 01:00:00,Watu Ulo,1.56,1.4,0.0,12200.0,0.6,28.6,1.56,1.58,1.58,2.5,3.6,4.8,0.0,0.0,0.0,9860.0,12320.0,5820.0,0.6,0.6,0.6,28.7,28.7,28.8
2026-05-21 02:00:00,Watu Ulo,1.54,1.5,0.0,12100.0,0.6,28.6,1.56,1.56,1.58,1.4,2.5,3.6,0.0,0.0,0.0,12200.0,9860.0,12320.0,0.6,0.6,0.6,28.6,28.7,28.7
2026-05-21 03:00:00,Watu Ulo,1.54,1.9,0.0,12040.0,0.4,28.6,1.54,1.56,1.56,1.5,1.4,2.5,0.0,0.0,0.0,12100.0,12200.0,9860.0,0.6,0.6,0.6,28.6,28.6,28.7
2026-05-21 04:00:00,Watu Ulo,1.52,3.2,0.0,10500.0,0.4,28.5,1.54,1.54,1.56,1.9,1.5,1.4,0.0,0.0,0.0,12040.0,12100.0,12200.0,0.4,0.6,0.6,28.6,28.6,28.6
2026-05-21 05:00:00,Watu Ulo,1.52,2.3,0.0,10000.0,0.4,28.5,1.52,1.54,1.54,3.2,1.9,1.5,0.0,0.0,0.0,10500.0,12040.0,12100.0,0.4,0.4,0.6,28.5,28.6,28.6
2026-05-21 06:00:00,Watu Ulo,1.5,2.1,0.0,11220.0,0.5,28.5,1.52,1.52,1.54,2.3,3.2,1.9,0.0,0.0,0.0,10000.0,10500.0,12040.0,0.4,0.4,0.4,28.5,28.5,28.6
2026-05-21 07:00:00,Watu Ulo,1.5,2.4,0.0,12220.0,0.5,28.5,1.5,1.52,1.52,2.1,2.3,3.2,0.0,0.0,0.0,11220.0,10000.0,10500.0,0.5,0.4,0.4,28.5,28.5,28.5
2026-05-21 08:00:00,Watu Ulo,1.5,1.3,0.0,13600.0,0.6,28.6,1.5,1.5,1.52,2.4,2.1,2.3,0.0,0.0,0.0,12220.0,11220.0,10000.0,0.5,0.5,0.4,28.5,28.5,28.5
2026-05-21 09:00:00,Watu Ulo,1.5,0.6,0.0,12360.0,0.6,28.8,1.5,1.5,1.5,1.3,2.4,2.1,0.0,0.0,0.0,13600.0,12220.0,11220.0,0.6,0.5,0.5,28.6,28.5,28.5
2026-05-21 10:00:00,Watu Ulo,1.5,1.3,0.1,10480.0,0.6,28.9,1.5,1.5,1.5,0.6,1.3,2.4,0.0,0.0,0.0,12360.0,13600.0,12220.0,0.6,0.6,0.5,28.8,28.6,28.5
2026-05-21 11:00:00,Watu Ulo,1.48,3.9,0.2,5980.0,0.6,29.0,1.5,1.5,1.5,1.3,0.6,1.3,0.1,0.0,0.0,10480.0,12360.0,13600.0,0.6,0.6,0.6,28.9,28.8,28.6
2026-05-21 12:00:00,Watu Ulo,1.48,3.9,0.3,6040.0,0.6,29.1,1.48,1.5,1.5,3.9,1.3,0.6,0.2,0.1,0.0,5980.0,10480.0,12360.0,0.6,0.6,0.6,29.0,28.9,28.8
2026-05-21 13:00:00,Watu Ulo,1.46,1.9,1.3,3740.0,0.4,29.2,1.48,1.48,1.5,3.9,3.9,1.3,0.3,0.2,0.1,6040.0,5980.0,10480.0,0.6,0.6,0.6,29.1,29.0,28.9
2026-05-21 14:00:00,Watu Ulo,1.46,4.0,2.7,2900.0,0.4,29.3,1.46,1.48,1.48,1.9,3.9,3.9,1.3,0.3,0.2,3740.0,6040.0,5980.0,0.4,0.6,0.6,29.2,29.1,29.0
2026-05-21 15:00:00,Watu Ulo,1.46,1.1,1.9,3080.0,0.3,29.2,1.46,1.46,1.48,4.0,1.9,3.9,2.7,1.3,0.3,2900.0,3740.0,6040.0,0.4,0.4,0.6,29.3,29.2,29.1
2026-05-21 16:00:00,Watu Ulo,1.46,2.3,1.6,2280.0,0.2,29.2,1.46,1.46,1.46,1.1,4.0,1.9,1.9,2.7,1.3,3080.0,2900.0,3740.0,0.3,0.4,0.4,29.2,29.3,29.2
2026-05-21 17:00:00,Watu Ulo,1.48,1.5,1.6,3820.0,0.2,29.2,1.46,1.46,1.46,2.3,1.1,4.0,1.6,1.9,2.7,2280.0,3080.0,2900.0,0.2,0.3,0.4,29.2,29.2,29.3
2026-05-21 18:00:00,Watu Ulo,1.48,3.6,0.9,660.0,0.2,29.1,1.48,1.46,1.46,1.5,2.3,1.1,1.6,1.6,1.9,3820.0,2280.0,3080.0,0.2,0.2,0.3,29.2,29.2,29.2
2026-05-21 19:00:00,Watu Ulo,1.5,2.1,0.1,2780.0,0.2,29.1,1.48,1.48,1.46,3.6,1.5,2.3,0.9,1.6,1.6,660.0,3820.0,2280.0,0.2,0.2,0.2,29.1,29.2,29.2
2026-05-21 20:00:00,Watu Ulo,1.5,1.6,0.0,9740.0,0.4,29.0,1.5,1.48,1.48,2.1,3.6,1.5,0.1,0.9,1.6,2780.0,660.0,3820.0,0.2,0.2,0.2,29.1,29.1,29.2
2026-05-21 21:00:00,Watu Ulo,1.5,0.5,0.0,5460.0,0.4,29.0,1.5,1.5,1.48,1.6,2.1,3.6,0.0,0.1,0.9,9740.0,2780.0,660.0,0.4,0.2,0.2,29.0,29.1,29.1
2026-05-21 22:00:00,Watu Ulo,1.5,1.0,0.0,8020.0,0.4,29.0,1.5,1.5,1.5,0.5,1.6,2.1,0.0,0.0,0.1,5460.0,9740.0,2780.0,0.4,0.4,0.2,29.0,29.0,29.1
2026-05-21 23:00:00,Watu Ulo,1.5,0.6,0.0,11740.0,0.4,29.0,1.5,1.5,1.5,1.0,0.5,1.6,0.0,0.0,0.0,8020.0,5460.0,9740.0,0.4,0.4,0.4,29.0,29.0,29.0
2026-05-22 00:00:00,Watu Ulo,1.5,1.0,0.0,8480.0,0.4,28.9,1.5,1.5,1.5,0.6,1.0,0.5,0.0,0.0,0.0,11740.0,8020.0,5460.0,0.4,0.4,0.4,29.0,29.0,29.0
2026-05-22 01:00:00,Watu Ulo,1.5,0.4,0.0,7760.0,0.4,28.9,1.5,1.5,1.5,1.0,0.6,1.0,0.0,0.0,0.0,8480.0,11740.0,8020.0,0.4,0.4,0.4,28.9,29.0,29.0
2026-05-22 02:00:00,Watu Ulo,1.48,0.4,0.0,11640.0,0.4,28.8,1.5,1.5,1.5,0.4,1.0,0.6,0.0,0.0,0.0,7760.0,8480.0,11740.0,0.4,0.4,0.4,28.9,28.9,29.0
2026-05-22 03:00:00,Watu Ulo,1.48,2.0,0.0,12320.0,0.4,28.8,1.48,1.5,1.5,0.4,0.4,1.0,0.0,0.0,0.0,11640.0,7760.0,8480.0,0.4,0.4,0.4,28.8,28.9,28.9
2026-05-22 04:00:00,Watu Ulo,1.46,1.7,0.0,12640.0,0.4,28.8,1.48,1.48,1.5,2.0,0.4,0.4,0.0,0.0,0.0,12320.0,11640.0,7760.0,0.4,0.4,0.4,28.8,28.8,28.9
2026-05-22 05:00:00,Watu Ulo,1.46,2.4,0.0,13460.0,0.4,28.8,1.46,1.48,1.48,1.7,2.0,0.4,0.0,0.0,0.0,12640.0,12320.0,11640.0,0.4,0.4,0.4,28.8,28.8,28.8
2026-05-22 06:00:00,Watu Ulo,1.46,1.8,0.0,12640.0,0.4,28.7,1.46,1.46,1.48,2.4,1.7,2.0,0.0,0.0,0.0,13460.0,12640.0,12320.0,0.4,0.4,0.4,28.8,28.8,28.8
2026-05-22 07:00:00,Watu Ulo,1.46,2.5,0.0,11980.0,0.5,28.8,1.46,1.46,1.46,1.8,2.4,1.7,0.0,0.0,0.0,12640.0,13460.0,12640.0,0.4,0.4,0.4,28.7,28.8,28.8
2026-05-22 08:00:00,Watu Ulo,1.44,2.2,0.2,6060.0,0.5,28.8,1.46,1.46,1.46,2.5,1.8,2.4,0.0,0.0,0.0,11980.0,12640.0,13460.0,0.5,0.4,0.4,28.8,28.7,28.8
2026-05-22 09:00:00,Watu Ulo,1.44,3.1,0.1,10540.0,0.5,29.0,1.44,1.46,1.46,2.2,2.5,1.8,0.2,0.0,0.0,6060.0,11980.0,12640.0,0.5,0.5,0.4,28.8,28.8,28.7
2026-05-22 10:00:00,Watu Ulo,1.42,4.0,0.2,6860.0,0.5,29.0,1.44,1.44,1.46,3.1,2.2,2.5,0.1,0.2,0.0,10540.0,6060.0,11980.0,0.5,0.5,0.5,29.0,28.8,28.8
2026-05-22 11:00:00,Watu Ulo,1.42,5.2,2.1,2760.0,0.5,29.2,1.42,1.44,1.44,4.0,3.1,2.2,0.2,0.1,0.2,6860.0,10540.0,6060.0,0.5,0.5,0.5,29.0,29.0,28.8
2026-05-22 12:00:00,Watu Ulo,1.4,4.6,2.5,4180.0,0.6,29.3,1.42,1.42,1.44,5.2,4.0,3.1,2.1,0.2,0.1,2760.0,6860.0,10540.0,0.5,0.5,0.5,29.2,29.0,29.0
2026-05-22 13:00:00,Watu Ulo,1.4,4.3,0.5,6920.0,0.6,29.4,1.4,1.42,1.42,4.6,5.2,4.0,2.5,2.1,0.2,4180.0,2760.0,6860.0,0.6,0.5,0.5,29.3,29.2,29.0
2026-05-22 14:00:00,Watu Ulo,1.4,6.4,0.2,23620.0,0.6,29.4,1.4,1.4,1.42,4.3,4.6,5.2,0.5,2.5,2.1,6920.0,4180.0,2760.0,0.6,0.6,0.5,29.4,29.3,29.2
2026-05-22 15:00:00,Watu Ulo,1.38,5.1,0.1,10260.0,0.5,29.4,1.4,1.4,1.4,6.4,4.3,4.6,0.2,0.5,2.5,23620.0,6920.0,4180.0,0.6,0.6,0.6,29.4,29.4,29.3
2026-05-22 16:00:00,Watu Ulo,1.38,5.8,0.4,6460.0,0.5,29.4,1.38,1.4,1.4,5.1,6.4,4.3,0.1,0.2,0.5,10260.0,23620.0,6920.0,0.5,0.6,0.6,29.4,29.4,29.4
2026-05-22 17:00:00,Watu Ulo,1.38,5.4,0.1,10760.0,0.5,29.3,1.38,1.38,1.4,5.8,5.1,6.4,0.4,0.1,0.2,6460.0,10260.0,23620.0,0.5,0.5,0.6,29.4,29.4,29.4
2026-05-22 18:00:00,Watu Ulo,1.36,3.4,0.0,2100.0,0.4,29.2,1.38,1.38,1.38,5.4,5.8,5.1,0.1,0.4,0.1,10760.0,6460.0,10260.0,0.5,0.5,0.5,29.3,29.4,29.4
2026-05-22 19:00:00,Watu Ulo,1.36,3.9,0.0,820.0,0.4,29.2,1.36,1.38,1.38,3.4,5.4,5.8,0.0,0.1,0.4,2100.0,10760.0,6460.0,0.4,0.5,0.5,29.2,29.3,29.4
2026-05-22 20:00:00,Watu Ulo,1.36,3.8,0.0,820.0,0.5,29.1,1.36,1.36,1.38,3.9,3.4,5.4,0.0,0.0,0.1,820.0,2100.0,10760.0,0.4,0.4,0.5,29.2,29.2,29.3
2026-05-22 21:00:00,Watu Ulo,1.34,4.2,0.0,760.0,0.5,29.1,1.36,1.36,1.36,3.8,3.9,3.4,0.0,0.0,0.0,820.0,820.0,2100.0,0.5,0.4,0.4,29.1,29.2,29.2
2026-05-22 22:00:00,Watu Ulo,1.34,4.0,0.0,580.0,0.7,29.1,1.34,1.36,1.36,4.2,3.8,3.9,0.0,0.0,0.0,760.0,820.0,820.0,0.5,0.5,0.4,29.1,29.1,29.2
2026-05-22 23:00:00,Watu Ulo,1.34,4.0,0.0,560.0,0.7,29.0,1.34,1.34,1.36,4.0,4.2,3.8,0.0,0.0,0.0,580.0,760.0,820.0,0.7,0.5,0.5,29.1,29.1,29.1
2026-05-23 00:00:00,Watu Ulo,1.34,2.9,0.0,440.0,0.7,29.0,1.34,1.34,1.34,4.0,4.0,4.2,0.0,0.0,0.0,560.0,580.0,760.0,0.7,0.7,0.5,29.0,29.1,29.1
2026-05-23 01:00:00,Watu Ulo,1.34,1.5,0.0,400.0,0.8,29.0,1.34,1.34,1.34,2.9,4.0,4.0,0.0,0.0,0.0,440.0,560.0,580.0,0.7,0.7,0.7,29.0,29.0,29.1
2026-05-23 02:00:00,Watu Ulo,1.34,1.2,0.0,380.0,0.8,29.0,1.34,1.34,1.34,1.5,2.9,4.0,0.0,0.0,0.0,400.0,440.0,560.0,0.8,0.7,0.7,29.0,29.0,29.0
2026-05-23 03:00:00,Watu Ulo,1.32,1.5,0.0,460.0,0.8,29.0,1.34,1.34,1.34,1.2,1.5,2.9,0.0,0.0,0.0,380.0,400.0,440.0,0.8,0.8,0.7,29.0,29.0,29.0
2026-05-23 04:00:00,Watu Ulo,1.32,1.6,0.0,560.0,0.8,28.9,1.32,1.34,1.34,1.5,1.2,1.5,0.0,0.0,0.0,460.0,380.0,400.0,0.8,0.8,0.8,29.0,29.0,29.0
2026-05-23 05:00:00,Watu Ulo,1.32,1.5,0.0,500.0,0.8,28.9,1.32,1.32,1.34,1.6,1.5,1.2,0.0,0.0,0.0,560.0,460.0,380.0,0.8,0.8,0.8,28.9,29.0,29.0
2026-05-23 06:00:00,Watu Ulo,1.3,2.4,0.0,500.0,0.8,28.9,1.32,1.32,1.32,1.5,1.6,1.5,0.0,0.0,0.0,500.0,560.0,460.0,0.8,0.8,0.8,28.9,28.9,29.0
2026-05-23 07:00:00,Watu Ulo,1.3,2.2,0.0,780.0,1.0,28.9,1.3,1.32,1.32,2.4,1.5,1.6,0.0,0.0,0.0,500.0,500.0,560.0,0.8,0.8,0.8,28.9,28.9,28.9
2026-05-23 08:00:00,Watu Ulo,1.3,3.9,0.0,1880.0,1.0,29.0,1.3,1.3,1.32,2.2,2.4,1.5,0.0,0.0,0.0,780.0,500.0,500.0,1.0,0.8,0.8,28.9,28.9,28.9
2026-05-23 09:00:00,Watu Ulo,1.28,5.3,0.2,6880.0,1.0,29.0,1.3,1.3,1.3,3.9,2.2,2.4,0.0,0.0,0.0,1880.0,780.0,500.0,1.0,1.0,0.8,29.0,28.9,28.9
2026-05-23 10:00:00,Watu Ulo,1.28,5.3,0.3,6720.0,1.0,29.1,1.28,1.3,1.3,5.3,3.9,2.2,0.2,0.0,0.0,6880.0,1880.0,780.0,1.0,1.0,1.0,29.0,29.0,28.9
2026-05-23 11:00:00,Watu Ulo,1.28,6.2,1.0,3080.0,0.9,29.2,1.28,1.28,1.3,5.3,5.3,3.9,0.3,0.2,0.0,6720.0,6880.0,1880.0,1.0,1.0,1.0,29.1,29.0,29.0
2026-05-23 12:00:00,Watu Ulo,1.26,5.4,1.5,4420.0,0.9,29.3,1.28,1.28,1.28,6.2,5.3,5.3,1.0,0.3,0.2,3080.0,6720.0,6880.0,0.9,1.0,1.0,29.2,29.1,29.0
2026-05-23 13:00:00,Watu Ulo,1.26,6.2,1.2,5960.0,0.7,29.4,1.26,1.28,1.28,5.4,6.2,5.3,1.5,1.0,0.3,4420.0,3080.0,6720.0,0.9,0.9,1.0,29.3,29.2,29.1
2026-05-23 14:00:00,Watu Ulo,1.26,5.0,0.2,4540.0,0.7,29.4,1.26,1.26,1.28,6.2,5.4,6.2,1.2,1.5,1.0,5960.0,4420.0,3080.0,0.7,0.9,0.9,29.4,29.3,29.2
2026-05-23 15:00:00,Watu Ulo,1.26,5.6,0.5,5960.0,0.6,29.4,1.26,1.26,1.26,5.0,6.2,5.4,0.2,1.2,1.5,4540.0,5960.0,4420.0,0.7,0.7,0.9,29.4,29.4,29.3
2026-05-23 16:00:00,Watu Ulo,1.26,3.1,0.7,8760.0,0.6,29.3,1.26,1.26,1.26,5.6,5.0,6.2,0.5,0.2,1.2,5960.0,4540.0,5960.0,0.6,0.7,0.7,29.4,29.4,29.4
2026-05-23 17:00:00,Watu Ulo,1.26,3.6,0.0,10580.0,0.5,29.2,1.26,1.26,1.26,3.1,5.6,5.0,0.7,0.5,0.2,8760.0,5960.0,4540.0,0.6,0.6,0.7,29.3,29.4,29.4
2026-05-23 18:00:00,Watu Ulo,1.24,3.5,0.0,4700.0,0.5,29.2,1.26,1.26,1.26,3.6,3.1,5.6,0.0,0.7,0.5,10580.0,8760.0,5960.0,0.5,0.6,0.6,29.2,29.3,29.4
2026-05-23 19:00:00,Watu Ulo,1.24,3.1,0.0,8520.0,0.5,29.1,1.24,1.26,1.26,3.5,3.6,3.1,0.0,0.0,0.7,4700.0,10580.0,8760.0,0.5,0.5,0.6,29.2,29.2,29.3
2026-05-23 20:00:00,Watu Ulo,1.22,3.2,0.0,7020.0,0.5,29.1,1.24,1.24,1.26,3.1,3.5,3.6,0.0,0.0,0.0,8520.0,4700.0,10580.0,0.5,0.5,0.5,29.1,29.2,29.2
2026-05-23 21:00:00,Watu Ulo,1.22,3.2,0.0,5500.0,0.5,29.1,1.22,1.24,1.24,3.2,3.1,3.5,0.0,0.0,0.0,7020.0,8520.0,4700.0,0.5,0.5,0.5,29.1,29.1,29.2
2026-05-23 22:00:00,Watu Ulo,1.2,3.1,0.0,4000.0,0.5,29.0,1.22,1.22,1.24,3.2,3.2,3.1,0.0,0.0,0.0,5500.0,7020.0,8520.0,0.5,0.5,0.5,29.1,29.1,29.1
2026-05-23 23:00:00,Watu Ulo,1.2,2.9,0.0,3040.0,0.6,29.0,1.2,1.22,1.22,3.1,3.2,3.2,0.0,0.0,0.0,4000.0,5500.0,7020.0,0.5,0.5,0.5,29.0,29.1,29.1
2026-05-24 00:00:00,Watu Ulo,1.2,2.7,0.0,2060.0,0.8,29.0,1.2,1.2,1.22,2.9,3.1,3.2,0.0,0.0,0.0,3040.0,4000.0,5500.0,0.6,0.5,0.5,29.0,29.0,29.1
2026-05-24 01:00:00,Watu Ulo,1.2,2.6,0.0,1100.0,0.8,29.0,1.2,1.2,1.2,2.7,2.9,3.1,0.0,0.0,0.0,2060.0,3040.0,4000.0,0.8,0.6,0.5,29.0,29.0,29.0
2026-05-24 02:00:00,Watu Ulo,1.2,2.8,0.0,940.0,0.8,29.0,1.2,1.2,1.2,2.6,2.7,2.9,0.0,0.0,0.0,1100.0,2060.0,3040.0,0.8,0.8,0.6,29.0,29.0,29.0
2026-05-24 03:00:00,Watu Ulo,1.18,3.4,0.0,780.0,0.8,29.0,1.2,1.2,1.2,2.8,2.6,2.7,0.0,0.0,0.0,940.0,1100.0,2060.0,0.8,0.8,0.8,29.0,29.0,29.0
2026-05-24 04:00:00,Watu Ulo,1.18,3.8,0.0,620.0,0.8,28.9,1.18,1.2,1.2,3.4,2.8,2.6,0.0,0.0,0.0,780.0,940.0,1100.0,0.8,0.8,0.8,29.0,29.0,29.0
2026-05-24 05:00:00,Watu Ulo,1.18,4.0,0.0,940.0,0.8,28.9,1.18,1.18,1.2,3.8,3.4,2.8,0.0,0.0,0.0,620.0,780.0,940.0,0.8,0.8,0.8,28.9,29.0,29.0
2026-05-24 06:00:00,Watu Ulo,1.18,4.3,0.0,1260.0,0.8,28.9,1.18,1.18,1.18,4.0,3.8,3.4,0.0,0.0,0.0,940.0,620.0,780.0,0.8,0.8,0.8,28.9,28.9,29.0
2026-05-24 07:00:00,Watu Ulo,1.18,4.7,0.0,1580.0,0.9,28.9,1.18,1.18,1.18,4.3,4.0,3.8,0.0,0.0,0.0,1260.0,940.0,620.0,0.8,0.8,0.8,28.9,28.9,28.9
2026-05-24 08:00:00,Watu Ulo,1.18,5.3,0.0,5960.0,0.9,29.0,1.18,1.18,1.18,4.7,4.3,4.0,0.0,0.0,0.0,1580.0,1260.0,940.0,0.9,0.8,0.8,28.9,28.9,28.9
2026-05-24 09:00:00,Watu Ulo,1.18,6.1,0.0,10360.0,0.9,29.0,1.18,1.18,1.18,5.3,4.7,4.3,0.0,0.0,0.0,5960.0,1580.0,1260.0,0.9,0.9,0.8,29.0,28.9,28.9
2026-05-24 10:00:00,Watu Ulo,1.18,6.6,0.0,14740.0,1.0,29.1,1.18,1.18,1.18,6.1,5.3,4.7,0.0,0.0,0.0,10360.0,5960.0,1580.0,0.9,0.9,0.9,29.0,29.0,28.9
2026-05-24 11:00:00,Watu Ulo,1.18,6.4,0.1,12080.0,1.0,29.2,1.18,1.18,1.18,6.6,6.1,5.3,0.0,0.0,0.0,14740.0,10360.0,5960.0,1.0,0.9,0.9,29.1,29.0,29.0
2026-05-24 12:00:00,Watu Ulo,1.18,6.2,0.1,9440.0,0.8,29.4,1.18,1.18,1.18,6.4,6.6,6.1,0.1,0.0,0.0,12080.0,14740.0,10360.0,1.0,1.0,0.9,29.2,29.1,29.0
2026-05-24 13:00:00,Watu Ulo,1.18,6.0,0.1,6780.0,0.8,29.4,1.18,1.18,1.18,6.2,6.4,6.6,0.1,0.1,0.0,9440.0,12080.0,14740.0,0.8,1.0,1.0,29.4,29.2,29.1
2026-05-24 14:00:00,Watu Ulo,1.18,6.0,0.3,8820.0,0.8,29.4,1.18,1.18,1.18,6.0,6.2,6.4,0.1,0.1,0.1,6780.0,9440.0,12080.0,0.8,0.8,1.0,29.4,29.4,29.2
2026-05-24 15:00:00,Watu Ulo,1.2,5.8,0.3,10840.0,0.8,29.4,1.18,1.18,1.18,6.0,6.0,6.2,0.3,0.1,0.1,8820.0,6780.0,9440.0,0.8,0.8,0.8,29.4,29.4,29.4
2026-05-24 16:00:00,Watu Ulo,1.2,5.1,0.3,12880.0,0.6,29.3,1.2,1.18,1.18,5.8,6.0,6.0,0.3,0.3,0.1,10840.0,8820.0,6780.0,0.8,0.8,0.8,29.4,29.4,29.4
2026-05-24 17:00:00,Watu Ulo,1.22,3.6,0.0,10040.0,0.6,29.2,1.2,1.2,1.18,5.1,5.8,6.0,0.3,0.3,0.3,12880.0,10840.0,8820.0,0.6,0.8,0.8,29.3,29.4,29.4
2026-05-24 18:00:00,Watu Ulo,1.22,2.3,0.0,7180.0,0.6,29.2,1.22,1.2,1.2,3.6,5.1,5.8,0.0,0.3,0.3,10040.0,12880.0,10840.0,0.6,0.6,0.8,29.2,29.3,29.4
2026-05-24 19:00:00,Watu Ulo,1.24,2.6,0.0,4340.0,0.6,29.1,1.22,1.22,1.2,2.3,3.6,5.1,0.0,0.0,0.3,7180.0,10040.0,12880.0,0.6,0.6,0.6,29.2,29.2,29.3
2026-05-24 20:00:00,Watu Ulo,1.26,2.8,0.0,3040.0,0.6,29.1,1.24,1.22,1.22,2.6,2.3,3.6,0.0,0.0,0.0,4340.0,7180.0,10040.0,0.6,0.6,0.6,29.1,29.2,29.2
2026-05-24 21:00:00,Watu Ulo,1.26,3.0,0.0,1740.0,0.6,29.1,1.26,1.24,1.22,2.8,2.6,2.3,0.0,0.0,0.0,3040.0,4340.0,7180.0,0.6,0.6,0.6,29.1,29.1,29.2
2026-05-24 22:00:00,Watu Ulo,1.28,2.8,0.0,440.0,0.9,29.0,1.26,1.26,1.24,3.0,2.8,2.6,0.0,0.0,0.0,1740.0,3040.0,4340.0,0.6,0.6,0.6,29.1,29.1,29.1
2026-05-24 23:00:00,Watu Ulo,1.3,1.8,0.0,580.0,0.9,29.0,1.28,1.26,1.26,2.8,3.0,2.8,0.0,0.0,0.0,440.0,1740.0,3040.0,0.9,0.6,0.6,29.0,29.1,29.1
2026-05-25 00:00:00,Watu Ulo,1.3,1.0,0.0,700.0,1.0,29.0,1.3,1.28,1.26,1.8,2.8,3.0,0.0,0.0,0.0,580.0,440.0,1740.0,0.9,0.9,0.6,29.0,29.0,29.1
2026-05-25 01:00:00,Watu Ulo,1.32,1.3,0.0,840.0,1.0,29.0,1.3,1.3,1.28,1.0,1.8,2.8,0.0,0.0,0.0,700.0,580.0,440.0,1.0,0.9,0.9,29.0,29.0,29.0
2026-05-25 02:00:00,Watu Ulo,1.34,0.6,0.0,3280.0,1.0,29.0,1.32,1.3,1.3,1.3,1.0,1.8,0.0,0.0,0.0,840.0,700.0,580.0,1.0,1.0,0.9,29.0,29.0,29.0
2026-05-25 03:00:00,Watu Ulo,1.36,1.6,0.0,5700.0,1.0,29.0,1.34,1.32,1.3,0.6,1.3,1.0,0.0,0.0,0.0,3280.0,840.0,700.0,1.0,1.0,1.0,29.0,29.0,29.0
2026-05-25 04:00:00,Watu Ulo,1.38,2.7,0.0,8140.0,1.0,28.9,1.36,1.34,1.32,1.6,0.6,1.3,0.0,0.0,0.0,5700.0,3280.0,840.0,1.0,1.0,1.0,29.0,29.0,29.0
2026-05-25 05:00:00,Watu Ulo,1.4,2.8,0.0,12200.0,1.0,28.9,1.38,1.36,1.34,2.7,1.6,0.6,0.0,0.0,0.0,8140.0,5700.0,3280.0,1.0,1.0,1.0,28.9,29.0,29.0
2026-05-25 06:00:00,Watu Ulo,1.4,2.9,0.0,16280.0,1.0,28.9,1.4,1.38,1.36,2.8,2.7,1.6,0.0,0.0,0.0,12200.0,8140.0,5700.0,1.0,1.0,1.0,28.9,28.9,29.0
2026-05-25 07:00:00,Watu Ulo,1.42,3.5,0.0,20340.0,1.0,28.9,1.4,1.4,1.38,2.9,2.8,2.7,0.0,0.0,0.0,16280.0,12200.0,8140.0,1.0,1.0,1.0,28.9,28.9,28.9
2026-05-25 08:00:00,Watu Ulo,1.44,5.2,0.0,19460.0,0.9,28.9,1.42,1.4,1.4,3.5,2.9,2.8,0.0,0.0,0.0,20340.0,16280.0,12200.0,1.0,1.0,1.0,28.9,28.9,28.9
2026-05-25 09:00:00,Watu Ulo,1.44,7.1,0.0,18560.0,0.9,29.0,1.44,1.42,1.4,5.2,3.5,2.9,0.0,0.0,0.0,19460.0,20340.0,16280.0,0.9,1.0,1.0,28.9,28.9,28.9
2026-05-25 10:00:00,Watu Ulo,1.46,8.2,0.0,17680.0,0.8,29.0,1.44,1.44,1.42,7.1,5.2,3.5,0.0,0.0,0.0,18560.0,19460.0,20340.0,0.9,0.9,1.0,29.0,28.9,28.9
2026-05-25 11:00:00,Watu Ulo,1.48,7.6,0.0,18480.0,0.8,29.0,1.46,1.44,1.44,8.2,7.1,5.2,0.0,0.0,0.0,17680.0,18560.0,19460.0,0.8,0.9,0.9,29.0,29.0,28.9
2026-05-25 12:00:00,Watu Ulo,1.52,6.0,0.0,19280.0,0.8,29.1,1.48,1.46,1.44,7.6,8.2,7.1,0.0,0.0,0.0,18480.0,17680.0,18560.0,0.8,0.8,0.9,29.0,29.0,29.0
2026-05-25 13:00:00,Watu Ulo,1.54,4.7,0.0,20080.0,0.8,29.1,1.52,1.48,1.46,6.0,7.6,8.2,0.0,0.0,0.0,19280.0,18480.0,17680.0,0.8,0.8,0.8,29.1,29.0,29.0
2026-05-25 14:00:00,Watu Ulo,1.56,3.8,0.8,17980.0,0.8,29.1,1.54,1.52,1.48,4.7,6.0,7.6,0.0,0.0,0.0,20080.0,19280.0,18480.0,0.8,0.8,0.8,29.1,29.1,29.0
2026-05-25 15:00:00,Watu Ulo,1.56,3.3,0.8,15880.0,0.8,29.1,1.56,1.54,1.52,3.8,4.7,6.0,0.8,0.0,0.0,17980.0,20080.0,19280.0,0.8,0.8,0.8,29.1,29.1,29.1
2026-05-25 16:00:00,Watu Ulo,1.58,2.9,0.8,13780.0,0.8,29.1,1.56,1.56,1.54,3.3,3.8,4.7,0.8,0.8,0.0,15880.0,17980.0,20080.0,0.8,0.8,0.8,29.1,29.1,29.1
2026-05-25 17:00:00,Watu Ulo,1.6,3.4,0.0,10120.0,0.8,29.1,1.58,1.56,1.56,2.9,3.3,3.8,0.8,0.8,0.8,13780.0,15880.0,17980.0,0.8,0.8,0.8,29.1,29.1,29.1
2026-05-25 18:00:00,Watu Ulo,1.6,4.6,0.0,6460.0,0.6,29.1,1.6,1.58,1.56,3.4,2.9,3.3,0.0,0.8,0.8,10120.0,13780.0,15880.0,0.8,0.8,0.8,29.1,29.1,29.1
2026-05-25 19:00:00,Watu Ulo,1.62,5.2,0.0,2800.0,0.6,29.1,1.6,1.6,1.58,4.6,3.4,2.9,0.0,0.0,0.8,6460.0,10120.0,13780.0,0.6,0.8,0.8,29.1,29.1,29.1
2026-05-25 20:00:00,Watu Ulo,1.62,4.6,0.0,2780.0,0.6,29.0,1.62,1.6,1.6,5.2,4.6,3.4,0.0,0.0,0.0,2800.0,6460.0,10120.0,0.6,0.6,0.8,29.1,29.1,29.1
2026-05-25 21:00:00,Watu Ulo,1.64,3.3,0.0,2760.0,0.6,29.0,1.62,1.62,1.6,4.6,5.2,4.6,0.0,0.0,0.0,2780.0,2800.0,6460.0,0.6,0.6,0.6,29.0,29.1,29.1
2026-05-25 22:00:00,Watu Ulo,1.64,2.5,0.0,2740.0,0.8,29.0,1.64,1.62,1.62,3.3,4.6,5.2,0.0,0.0,0.0,2760.0,2780.0,2800.0,0.6,0.6,0.6,29.0,29.0,29.1
2026-05-25 23:00:00,Watu Ulo,1.64,2.6,0.0,7480.0,0.8,29.0,1.64,1.64,1.62,2.5,3.3,4.6,0.0,0.0,0.0,2740.0,2760.0,2780.0,0.8,0.6,0.6,29.0,29.0,29.0
2026-05-26 00:00:00,Watu Ulo,1.64,3.1,0.0,12200.0,0.8,29.0,1.64,1.64,1.64,2.6,2.5,3.3,0.0,0.0,0.0,7480.0,2740.0,2760.0,0.8,0.8,0.6,29.0,29.0,29.0
2026-05-26 01:00:00,Watu Ulo,1.64,3.6,0.0,16940.0,0.8,28.9,1.64,1.64,1.64,3.1,2.6,2.5,0.0,0.0,0.0,12200.0,7480.0,2740.0,0.8,0.8,0.8,29.0,29.0,29.0
2026-05-26 02:00:00,Watu Ulo,1.64,3.6,0.0,5020.0,0.9,28.9,1.64,1.64,1.64,3.6,3.1,2.6,0.0,0.0,0.0,16940.0,12200.0,7480.0,0.8,0.8,0.8,28.9,29.0,29.0
2026-05-26 03:00:00,Watu Ulo,1.64,4.2,0.0,5580.0,1.0,28.9,1.64,1.64,1.64,3.6,3.6,3.1,0.0,0.0,0.0,5020.0,16940.0,12200.0,0.9,0.8,0.8,28.9,28.9,29.0
2026-05-26 04:00:00,Watu Ulo,1.64,4.9,0.0,6160.0,0.9,28.8,1.64,1.64,1.64,4.2,3.6,3.6,0.0,0.0,0.0,5580.0,5020.0,16940.0,1.0,0.9,0.8,28.9,28.9,28.9
2026-05-26 05:00:00,Watu Ulo,1.64,5.6,0.0,6720.0,0.8,28.8,1.64,1.64,1.64,4.9,4.2,3.6,0.0,0.0,0.0,6160.0,5580.0,5020.0,0.9,1.0,0.9,28.8,28.9,28.9
2026-05-26 06:00:00,Watu Ulo,1.66,6.3,0.0,7280.0,0.8,28.8,1.64,1.64,1.64,5.6,4.9,4.2,0.0,0.0,0.0,6720.0,6160.0,5580.0,0.8,0.9,1.0,28.8,28.8,28.9
2026-05-26 07:00:00,Watu Ulo,1.66,6.8,0.0,7840.0,0.8,28.8,1.66,1.64,1.64,6.3,5.6,4.9,0.0,0.0,0.0,7280.0,6720.0,6160.0,0.8,0.8,0.9,28.8,28.8,28.8
2026-05-26 08:00:00,Watu Ulo,1.68,7.2,0.5,7240.0,0.6,28.8,1.66,1.66,1.64,6.8,6.3,5.6,0.0,0.0,0.0,7840.0,7280.0,6720.0,0.8,0.8,0.8,28.8,28.8,28.8
2026-05-26 09:00:00,Watu Ulo,1.68,7.8,0.5,6660.0,0.6,28.8,1.68,1.66,1.66,7.2,6.8,6.3,0.5,0.0,0.0,7240.0,7840.0,7280.0,0.6,0.8,0.8,28.8,28.8,28.8
2026-05-26 10:00:00,Watu Ulo,1.7,8.2,0.5,6060.0,0.4,28.9,1.68,1.68,1.66,7.8,7.2,6.8,0.5,0.5,0.0,6660.0,7240.0,7840.0,0.6,0.6,0.8,28.8,28.8,28.8
2026-05-26 11:00:00,Watu Ulo,1.72,8.5,0.5,5460.0,0.4,28.9,1.7,1.68,1.68,8.2,7.8,7.2,0.5,0.5,0.5,6060.0,6660.0,7240.0,0.4,0.6,0.6,28.9,28.8,28.8
2026-05-26 12:00:00,Watu Ulo,1.76,8.8,0.5,4880.0,0.4,29.0,1.72,1.7,1.68,8.5,8.2,7.8,0.5,0.5,0.5,5460.0,6060.0,6660.0,0.4,0.4,0.6,28.9,28.9,28.8
2026-05-26 13:00:00,Watu Ulo,1.78,8.9,0.5,4280.0,0.3,29.0,1.76,1.72,1.7,8.8,8.5,8.2,0.5,0.5,0.5,4880.0,5460.0,6060.0,0.4,0.4,0.4,29.0,28.9,28.9
2026-05-26 14:00:00,Watu Ulo,1.78,8.7,0.2,6080.0,0.3,29.0,1.78,1.76,1.72,8.9,8.8,8.5,0.5,0.5,0.5,4280.0,4880.0,5460.0,0.3,0.4,0.4,29.0,29.0,28.9
2026-05-26 15:00:00,Watu Ulo,1.8,8.2,0.2,7860.0,0.4,29.0,1.78,1.78,1.76,8.7,8.9,8.8,0.2,0.5,0.5,6080.0,4280.0,4880.0,0.3,0.3,0.4,29.0,29.0,29.0
2026-05-26 16:00:00,Watu Ulo,1.8,7.6,0.2,9660.0,0.4,29.0,1.8,1.78,1.78,8.2,8.7,8.9,0.2,0.2,0.5,7860.0,6080.0,4280.0,0.4,0.3,0.3,29.0,29.0,29.0
2026-05-26 17:00:00,Watu Ulo,1.8,7.1,0.2,11440.0,0.4,29.0,1.8,1.8,1.78,7.6,8.2,8.7,0.2,0.2,0.2,9660.0,7860.0,6080.0,0.4,0.4,0.3,29.0,29.0,29.0
2026-05-26 18:00:00,Watu Ulo,1.82,6.5,0.2,13220.0,0.3,29.0,1.8,1.8,1.8,7.1,7.6,8.2,0.2,0.2,0.2,11440.0,9660.0,7860.0,0.4,0.4,0.4,29.0,29.0,29.0
2026-05-26 19:00:00,Watu Ulo,1.82,6.4,0.2,15020.0,0.3,29.0,1.82,1.8,1.8,6.5,7.1,7.6,0.2,0.2,0.2,13220.0,11440.0,9660.0,0.3,0.4,0.4,29.0,29.0,29.0
2026-05-26 20:00:00,Watu Ulo,1.82,6.8,0.0,12740.0,0.3,29.0,1.82,1.82,1.8,6.4,6.5,7.1,0.2,0.2,0.2,15020.0,13220.0,11440.0,0.3,0.3,0.4,29.0,29.0,29.0
2026-05-26 21:00:00,Watu Ulo,1.84,7.3,0.0,10480.0,0.4,28.9,1.82,1.82,1.82,6.8,6.4,6.5,0.0,0.2,0.2,12740.0,15020.0,13220.0,0.3,0.3,0.3,29.0,29.0,29.0
2026-05-26 22:00:00,Watu Ulo,1.84,8.0,0.0,8200.0,0.4,28.9,1.84,1.82,1.82,7.3,6.8,6.4,0.0,0.0,0.2,10480.0,12740.0,15020.0,0.4,0.3,0.3,28.9,29.0,29.0
2026-05-26 23:00:00,Watu Ulo,1.84,8.7,0.0,5920.0,0.4,28.9,1.84,1.84,1.82,8.0,7.3,6.8,0.0,0.0,0.0,8200.0,10480.0,12740.0,0.4,0.4,0.3,28.9,28.9,29.0
